which: no riscv64-unknown-elf-gcc in (/scratch2/nsalamini/nikoenv/bin:/usr/pack/riscv-1.0-kgf/riscv64-gcc-linux-gnu-11.2.0/bin:/usr/pack/riscv-1.0-kgf/STARTUP:/home/nsalamini/bin:/home/nsalamini/.vscode-server/cli/servers/Stable-61b3d0ab13be7dda2389f1d3e60a119c7f660cc3/server/bin/remote-cli:/home/nsalamini/bin:/home/nsalamini/bin:/usr/lib64/ccache:/usr/local/bin:/usr/bin:/usr/local/sbin:/usr/sbin:/usr/sepp/bin:/usr/local/AppImage/bin:/usr/local/anaconda3/bin:/usr/sepp/bin:/usr/local/AppImage/bin:/usr/local/anaconda3/bin:/usr/sepp/bin:/usr/local/AppImage/bin:/usr/local/anaconda3/bin)
which: no riscv64-unknown-elf-gcc in (/scratch2/nsalamini/nikoenv/bin:/usr/pack/riscv-1.0-kgf/riscv64-gcc-linux-gnu-11.2.0/bin:/usr/pack/riscv-1.0-kgf/STARTUP:/home/nsalamini/bin:/home/nsalamini/.vscode-server/cli/servers/Stable-61b3d0ab13be7dda2389f1d3e60a119c7f660cc3/server/bin/remote-cli:/home/nsalamini/bin:/home/nsalamini/bin:/usr/lib64/ccache:/usr/local/bin:/usr/bin:/usr/local/sbin:/usr/sbin:/usr/sepp/bin:/usr/local/AppImage/bin:/usr/local/anaconda3/bin:/usr/sepp/bin:/usr/local/AppImage/bin:/usr/local/anaconda3/bin:/usr/sepp/bin:/usr/local/AppImage/bin:/usr/local/anaconda3/bin)
which: no riscv64-unknown-elf-gcc in (/scratch2/nsalamini/nikoenv/bin:/usr/pack/riscv-1.0-kgf/riscv64-gcc-linux-gnu-11.2.0/bin:/usr/pack/riscv-1.0-kgf/STARTUP:/home/nsalamini/bin:/home/nsalamini/.vscode-server/cli/servers/Stable-61b3d0ab13be7dda2389f1d3e60a119c7f660cc3/server/bin/remote-cli:/home/nsalamini/bin:/home/nsalamini/bin:/usr/lib64/ccache:/usr/local/bin:/usr/bin:/usr/local/sbin:/usr/sbin:/usr/sepp/bin:/usr/local/AppImage/bin:/usr/local/anaconda3/bin:/usr/sepp/bin:/usr/local/AppImage/bin:/usr/local/anaconda3/bin:/usr/sepp/bin:/usr/local/AppImage/bin:/usr/local/anaconda3/bin)
which: no riscv64-unknown-elf-gcc in (/scratch2/nsalamini/nikoenv/bin:/usr/pack/riscv-1.0-kgf/riscv64-gcc-linux-gnu-11.2.0/bin:/usr/pack/riscv-1.0-kgf/STARTUP:/home/nsalamini/bin:/home/nsalamini/.vscode-server/cli/servers/Stable-61b3d0ab13be7dda2389f1d3e60a119c7f660cc3/server/bin/remote-cli:/home/nsalamini/bin:/home/nsalamini/bin:/usr/lib64/ccache:/usr/local/bin:/usr/bin:/usr/local/sbin:/usr/sbin:/usr/sepp/bin:/usr/local/AppImage/bin:/usr/local/anaconda3/bin:/usr/sepp/bin:/usr/local/AppImage/bin:/usr/local/anaconda3/bin:/usr/sepp/bin:/usr/local/AppImage/bin:/usr/local/anaconda3/bin)
which: no riscv64-unknown-elf-gcc in (/scratch2/nsalamini/nikoenv/bin:/usr/pack/riscv-1.0-kgf/riscv64-gcc-linux-gnu-11.2.0/bin:/usr/pack/riscv-1.0-kgf/STARTUP:/home/nsalamini/bin:/home/nsalamini/.vscode-server/cli/servers/Stable-61b3d0ab13be7dda2389f1d3e60a119c7f660cc3/server/bin/remote-cli:/home/nsalamini/bin:/home/nsalamini/bin:/usr/lib64/ccache:/usr/local/bin:/usr/bin:/usr/local/sbin:/usr/sbin:/usr/sepp/bin:/usr/local/AppImage/bin:/usr/local/anaconda3/bin:/usr/sepp/bin:/usr/local/AppImage/bin:/usr/local/anaconda3/bin:/usr/sepp/bin:/usr/local/AppImage/bin:/usr/local/anaconda3/bin)
dirname: missing operand
Try 'dirname --help' for more information.
find: ‘/libexec/gcc/riscv64-unknown-elf/**/liblto_plugin.so’: No such file or directory
/scratch2/nsalamini/github_new_new/cheshire/.bender/git/checkouts/register_interface-902ad5bfde7bb98c/vendor/lowrisc_opentitan/util/regtool.py -r /scratch2/nsalamini/github_new_new/cheshire/target/xilinx/src/regs/chs_xilinx_regs.hjson --outdir /scratch2/nsalamini/github_new_new/cheshire/target/xilinx/src/regs/
bender -d /scratch2/nsalamini/github_new_new/cheshire script vivado -t fpga -t vcu118 -t rtl -t cva6 -t cv64a6_rt > /scratch2/nsalamini/github_new_new/cheshire/target/xilinx/scripts/add_sources.vcu118.tcl
mkdir -p /scratch2/nsalamini/github_new_new/cheshire/target/xilinx/build/vcu118.clkwiz/
cd /scratch2/nsalamini/github_new_new/cheshire/target/xilinx/build/vcu118.clkwiz/ && vitis-2022.1 vivado -mode batch -log ../vcu118.clkwiz.log -jou ../vcu118.clkwiz.jou -source /scratch2/nsalamini/github_new_new/cheshire/target/xilinx/scripts/impl_ip.tcl -tclargs vcu118 clkwiz
Detected setup: [rhel8.8i]

****** Vivado v2022.1 (64-bit)
  **** SW Build 3526262 on Mon Apr 18 15:47:01 MDT 2022
  **** IP Build 3524634 on Mon Apr 18 20:55:01 MDT 2022
    ** Copyright 1986-2022 Xilinx, Inc. All Rights Reserved.

source /scratch2/nsalamini/github_new_new/cheshire/target/xilinx/scripts/impl_ip.tcl
# set xilinx_root [file dirname [file dirname [file normalize [info script]]]]
# source ${xilinx_root}/scripts/common.tcl
## set bpart(genesys2) "digilentinc.com:genesys2:part0:1.1"
## set fpart(genesys2) "xc7k325tffg900-2"
## set hwdev(genesys2) "xc7k325t_0"
## set cfgmp(genesys2) "s25fl256sxxxxxx0-spi-x1_x2_x4"
## set bpart(vcu128) "xilinx.com:vcu128:part0:1.0"
## set fpart(vcu128) "xcvu37p-fsvh2892-2L-e"
## set hwdev(vcu128) "xcvu37p_0"
## set cfgmp(vcu128) "mt25qu02g-spi-x1_x2_x4"
## set bpart(vcu118) "xilinx.com:vcu118:part0:2.4"
## set fpart(vcu118) "xcvu9p-flga2104-2L-e"
## set hwdev(vcu118) "xcvu9p_0"
## set cfgmp(vcu118) "mt25qu01g-spi-x1_x2_x4"
## proc init_impl {xilinx_root argc argv} {
##     global fpart
##     global bpart
##     # We declare these variables into the global context
##     global num_threads
##     global num_jobs
##     global project_root
##     global board
##     global proj
##     # Check argument count
##     if { $argc < 2 } {
##         puts "Error: Insufficient implementation arguments (${argc}): ${argv}."
##         return -code error
##     }
##     # Configure parallelism
##     set num_threads 8
##     set num_jobs 8
##     # Get arguments
##     set board [lindex $argv 0]
##     set proj [lindex $argv 1]
##     # Set up multithreading
##     set_param general.maxThreads $num_threads
##     # Remove prior build
##     set project_root ${xilinx_root}/build/${board}.${proj}
##     file delete -force [glob -nocomplain ${project_root}/*]
##     # Create project
##     create_project $proj $project_root -force -part $fpart($board)
##     set_property board_part $bpart($board) [current_project]
## }
## proc open_target {xilinx_root argc argv suffix} {
##     global hwdev
##     # We declare these variables into the global context
##     global project_root
##     global board
##     global hw_tgt
##     global hw_device
##     # Check argument count
##     if { $argc < 3 } {
##         puts "Error: Insufficient target arguments (${argc}): ${argv}."
##         return -code error
##     }
##     # Get arguments
##     set url [lindex $argv 0]
##     set path [lindex $argv 1]
##     set board [lindex $argv 2]
##     # Remove prior build
##     set project_root ${xilinx_root}/build/${board}.${suffix}
##     file delete -force [glob -nocomplain ${project_root}/*]
##     # Connect to HW server
##     open_hw_manager
##     connect_hw_server -url $url
##     # Open HW target, set JTAG frequency
##     set hw_tgts [get_hw_targets ${url}/${path}]
##     # From all matching targets, choose last (most specific) one
##     set hw_tgt [lindex ${hw_tgts} [expr { [llength ${hw_tgts}] - 1 }]]
##     open_hw_target $hw_tgt
##     set_property PARAM.FREQUENCY 15000000 $hw_tgt
##     # Get hardware device
##     set hw_device [get_hw_devices $hwdev($board)]
## }
## proc no_cfg_exit {proj board} {
##     puts "Error: Unsupported board ${board} for ${proj}."
##     return -code error
## }
## proc gen_reports {rptdir} {
##     file delete -force $rptdir
##     file mkdir ${rptdir}
##     # tclint-disable spacing, line-length
##     check_timing             -file ${rptdir}/check_timing.rpt       -verbose
##     report_timing            -file ${rptdir}/timing_worst_100.rpt   -max_paths 100 -nworst 100 -delay_type max -sort_by slack
##     report_timing            -file ${rptdir}/timing_worst.rpt       -nworst 1 -delay_type max -sort_by group
##     report_utilization       -file ${rptdir}/utilization.rpt        -hierarchical
##     report_cdc               -file ${rptdir}/cdc.rpt
##     report_clock_interaction -file ${rptdir}/clock_interaction.rpt
##     report_timing_summary    -file ${rptdir}/timing_summary.rpt
##     # tclint-enable spacing, line-length
## }
## proc insert_ilas {clk_net_name} {
##     global project_root
##     # Get nets to debug
##     set debug_nets [lsort -dictionary [get_nets -hier -filter {MARK_DEBUG == 1}]]
##     # Create debug core only if there are probes
##     if { ![llength $debug_nets] } { return }
##     # Create and configure debug core
##     create_debug_core i_ila ila
##     set_property -dict [list \
##         ALL_PROBE_SAME_MU {true} ALL_PROBE_SAME_MU_CNT {4} C_ADV_TRIGGER {true} \
##         C_DATA_DEPTH {16384} C_EN_STRG_QUAL {true} C_INPUT_PIPE_STAGES {0} \
##         C_TRIGIN_EN {false} C_TRIGOUT_EN {false} \
##         ] [get_debug_cores i_ila]
##     # Connect SoC clock
##     set_property port_width 1 [get_debug_ports i_ila/clk]
##     connect_debug_port i_ila/clk [get_nets $clk_net_name]
##     # Loop through debug nets (add extra list element to ensure last net is processed)
##     set net_name_last ""
##     set i 0
##     foreach net [concat $debug_nets {""}] {
##         # Remove trailing array index
##         regsub {\[[0-9]*\]$} $net {} net_name
##         # Create probe after all signals with the same name have been collected
##         if { $net_name_last != $net_name } {
##             if { $net_name_last != "" } {
##                 puts "Creating probe $i of width [llength $sig_list] for `$net_name_last`."
##                 # probe0 already exists, and does not need to be created
##                 if { $i != 0 } { create_debug_port i_ila probe }
##                 set_property port_width [llength $sig_list] [get_debug_ports i_ila/probe$i]
##                 set_property PROBE_TYPE DATA_AND_TRIGGER [get_debug_ports i_ila/probe$i]
##                 connect_debug_port i_ila/probe$i [get_nets $sig_list]
##                 incr i
##             }
##             set sig_list ""
##         }
##         lappend sig_list $net
##         set net_name_last $net_name
##     }
##     # Save constraints, then implement the debug core
##     save_constraints -force
##     implement_debug_core
## }
# init_impl $xilinx_root $argc $argv
# switch $proj {
# 
#     clkwiz {
#         create_ip -name clk_wiz -vendor xilinx.com -library ip -version 6.0 -module_name $proj
#         switch $board {
#             genesys2 {
#                 set_property -dict [list \
#                     CONFIG.PRIM_SOURCE {No_buffer} \
#                     CONFIG.PRIM_IN_FREQ {200.000} \
#                     CONFIG.CLKOUT1_USED {true} \
#                     CONFIG.CLKOUT2_USED {true} \
#                     CONFIG.CLKOUT3_USED {true} \
#                     CONFIG.CLKOUT4_USED {true} \
#                     CONFIG.CLK_OUT1_PORT {clk_50} \
#                     CONFIG.CLK_OUT2_PORT {clk_48} \
#                     CONFIG.CLK_OUT3_PORT {clk_20} \
#                     CONFIG.CLK_OUT4_PORT {clk_10} \
#                     CONFIG.CLKOUT1_REQUESTED_OUT_FREQ {50.000} \
#                     CONFIG.CLKOUT2_REQUESTED_OUT_FREQ {48.000} \
#                     CONFIG.CLKOUT3_REQUESTED_OUT_FREQ {20.000} \
#                     CONFIG.CLKOUT4_REQUESTED_OUT_FREQ {10.000} \
#                     CONFIG.CLKIN1_JITTER_PS {50.0} \
#                     CONFIG.MMCM_CLKFBOUT_MULT_F {6.000} \
#                     CONFIG.MMCM_CLKIN1_PERIOD {5.000} \
#                     CONFIG.MMCM_CLKOUT1_DIVIDE {24} \
#                     CONFIG.MMCM_CLKOUT2_DIVIDE {25} \
#                     CONFIG.MMCM_CLKOUT3_DIVIDE {60} \
#                     CONFIG.MMCM_CLKOUT4_DIVIDE {120} \
#                     CONFIG.NUM_OUT_CLKS {4} \
#                     CONFIG.CLKOUT1_JITTER {112.316} \
#                     CONFIG.CLKOUT1_PHASE_ERROR {89.971} \
#                     CONFIG.CLKOUT2_JITTER {129.198} \
#                     CONFIG.CLKOUT2_PHASE_ERROR {89.971} \
#                     CONFIG.CLKOUT3_JITTER {155.330} \
#                     CONFIG.CLKOUT3_PHASE_ERROR {89.971} \
#                     CONFIG.CLKOUT4_JITTER {178.053} \
#                     CONFIG.CLKOUT4_PHASE_ERROR {89.971} \
#                     ] [get_ips $proj]
#             }
#             vcu128 {
#                 set_property -dict [list \
#                     CONFIG.CLK_IN1_BOARD_INTERFACE {Custom} \
#                     CONFIG.RESET_BOARD_INTERFACE {Custom} \
#                     CONFIG.USE_RESET {true} \
#                     CONFIG.PRIM_SOURCE {No_buffer} \
#                     CONFIG.PRIM_IN_FREQ {100.000} \
#                     CONFIG.CLKOUT1_USED {true} \
#                     CONFIG.CLKOUT2_USED {true} \
#                     CONFIG.CLKOUT3_USED {true} \
#                     CONFIG.CLKOUT4_USED {true} \
#                     CONFIG.CLK_OUT1_PORT {clk_50} \
#                     CONFIG.CLK_OUT2_PORT {clk_48} \
#                     CONFIG.CLK_OUT3_PORT {clk_20} \
#                     CONFIG.CLK_OUT4_PORT {clk_10} \
#                     CONFIG.CLKOUT1_REQUESTED_OUT_FREQ {50.000} \
#                     CONFIG.CLKOUT2_REQUESTED_OUT_FREQ {48.000} \
#                     CONFIG.CLKOUT3_REQUESTED_OUT_FREQ {20.000} \
#                     CONFIG.CLKOUT4_REQUESTED_OUT_FREQ {10.000} \
#                     CONFIG.MMCM_CLKFBOUT_MULT_F {12.000} \
#                     CONFIG.MMCM_CLKIN1_PERIOD {5.000} \
#                     CONFIG.MMCM_CLKOUT1_DIVIDE {24} \
#                     CONFIG.MMCM_CLKOUT2_DIVIDE {25} \
#                     CONFIG.MMCM_CLKOUT3_DIVIDE {60} \
#                     CONFIG.MMCM_CLKOUT4_DIVIDE {120} \
#                     CONFIG.NUM_OUT_CLKS {4} \
#                     CONFIG.CLKOUT1_JITTER {112.316} \
#                     CONFIG.CLKOUT1_PHASE_ERROR {89.971} \
#                     CONFIG.CLKOUT2_JITTER {129.198} \
#                     CONFIG.CLKOUT2_PHASE_ERROR {89.971} \
#                     CONFIG.CLKOUT3_JITTER {155.330} \
#                     CONFIG.CLKOUT3_PHASE_ERROR {89.971} \
#                     CONFIG.CLKOUT4_JITTER {178.053} \
#                     CONFIG.CLKOUT4_PHASE_ERROR {89.971} \
#                     ] [get_ips $proj]
#             }
#             vcu118 {
#                 set_property -dict [list \
#                     CONFIG.CLK_IN1_BOARD_INTERFACE {Custom} \
#                     CONFIG.RESET_BOARD_INTERFACE {Custom} \
#                     CONFIG.USE_RESET {true} \
#                     CONFIG.PRIM_SOURCE {No_buffer} \
#                     CONFIG.PRIM_IN_FREQ {250.000} \
#                     CONFIG.CLKOUT1_USED {true} \
#                     CONFIG.CLKOUT2_USED {true} \
#                     CONFIG.CLKOUT3_USED {true} \
#                     CONFIG.CLKOUT4_USED {true} \
#                     CONFIG.CLK_OUT1_PORT {clk_50} \
#                     CONFIG.CLK_OUT2_PORT {clk_48} \
#                     CONFIG.CLK_OUT3_PORT {clk_20} \
#                     CONFIG.CLK_OUT4_PORT {clk_10} \
#                     CONFIG.CLKOUT1_REQUESTED_OUT_FREQ {50.000} \
#                     CONFIG.CLKOUT2_REQUESTED_OUT_FREQ {48.000} \
#                     CONFIG.CLKOUT3_REQUESTED_OUT_FREQ {20.000} \
#                     CONFIG.CLKOUT4_REQUESTED_OUT_FREQ {10.000} \
#                     CONFIG.MMCM_CLKFBOUT_MULT_F {24.000} \
#                     CONFIG.MMCM_CLKIN1_PERIOD {4.000} \
#                     CONFIG.MMCM_CLKOUT0_DIVIDE_F {24.000} \
#                     CONFIG.MMCM_CLKOUT1_DIVIDE {25} \
#                     CONFIG.MMCM_CLKOUT2_DIVIDE {60} \
#                     CONFIG.MMCM_CLKOUT3_DIVIDE {120} \
#                     CONFIG.MMCM_CLKOUT4_DIVIDE {1} \
#                     CONFIG.NUM_OUT_CLKS {4} \
#                     CONFIG.CLKOUT1_JITTER {153.164} \
#                     CONFIG.CLKOUT1_PHASE_ERROR {154.678} \
#                     CONFIG.CLKOUT2_JITTER {154.376} \
#                     CONFIG.CLKOUT2_PHASE_ERROR {154.678} \
#                     CONFIG.CLKOUT3_JITTER {184.746} \
#                     CONFIG.CLKOUT3_PHASE_ERROR {154.678} \
#                     CONFIG.CLKOUT4_JITTER {213.887} \
#                     CONFIG.CLKOUT4_PHASE_ERROR {154.678} \
#                     ] [get_ips $proj]
#             }
#             default { nocfgexit $proj $board }
#         }
#     }
# 
#     vio {
#         create_ip -name vio -vendor xilinx.com -library ip -version 3.0 -module_name $proj
#         switch $board {
#             genesys2 {
#                 set_property -dict [list \
#                     CONFIG.C_NUM_PROBE_OUT {3} \
#                     CONFIG.C_PROBE_OUT0_INIT_VAL {0x0} \
#                     CONFIG.C_PROBE_OUT1_INIT_VAL {0x0} \
#                     CONFIG.C_PROBE_OUT2_INIT_VAL {0x0} \
#                     CONFIG.C_PROBE_OUT1_WIDTH {2} \
#                     CONFIG.C_EN_PROBE_IN_ACTIVITY {0} \
#                     CONFIG.C_NUM_PROBE_IN {0} \
#                     ] [get_ips $proj]
#             }
#             vcu118 {
#                 set_property -dict [list \
#                     CONFIG.C_NUM_PROBE_OUT {6} \
#                     CONFIG.C_PROBE_OUT0_INIT_VAL {0x0} \
#                     CONFIG.C_PROBE_OUT1_INIT_VAL {0x0} \
#                     CONFIG.C_PROBE_OUT2_INIT_VAL {0x0} \
#                     CONFIG.C_PROBE_OUT3_INIT_VAL {0x0} \
#                     CONFIG.C_PROBE_OUT4_INIT_VAL {0x0} \
#                     CONFIG.C_PROBE_OUT5_INIT_VAL {0x0} \
#                     CONFIG.C_PROBE_OUT1_WIDTH {0} \
#                     CONFIG.C_PROBE_OUT5_WIDTH {32} \
#                     CONFIG.C_EN_PROBE_IN_ACTIVITY {0} \
#                     CONFIG.C_NUM_PROBE_IN {0} \
#                     ] [get_ips $proj]
#             }
#             vcu128 {
#                 set_property -dict [list \
#                     CONFIG.C_NUM_PROBE_OUT {3} \
#                     CONFIG.C_PROBE_OUT0_INIT_VAL {0x0} \
#                     CONFIG.C_PROBE_OUT1_INIT_VAL {0x2} \
#                     CONFIG.C_PROBE_OUT2_INIT_VAL {0x1} \
#                     CONFIG.C_PROBE_OUT1_WIDTH {2} \
#                     CONFIG.C_EN_PROBE_IN_ACTIVITY {0} \
#                     CONFIG.C_NUM_PROBE_IN {0} \
#                     ] [get_ips $proj]
#             }
#             default { nocfgexit $proj $board }
#         }
#     }
# 
#     mig7s {
#         create_ip -name mig_7series -vendor xilinx.com -library ip -module_name $proj
#         # Inject existing project file
#         file copy ${xilinx_root}/src/ips/${board}.${proj}.prj \
#             ${project_root}/${proj}.srcs/sources_1/ip/${proj}/mig_a.prj
#         switch $board {
#             genesys2 {
#                 set_property -dict [list \
#                     CONFIG.XML_INPUT_FILE {mig_a.prj} \
#                     CONFIG.RESET_BOARD_INTERFACE {Custom} \
#                     CONFIG.MIG_DONT_TOUCH_PARAM {Custom} \
#                     CONFIG.BOARD_MIG_PARAM {Custom} \
#                     ] [get_ips $proj]
#             }
#             default { nocfgexit $proj $board }
#         }
#     }
# 
#     ddr4 {
#         create_ip -name ddr4 -vendor xilinx.com -library ip -version 2.2 -module_name $proj
#         switch $board {
#             vcu128 {
#                 set_property -dict [list \
#                     CONFIG.C0.DDR4_Clamshell {true} \
#                     CONFIG.C0_DDR4_BOARD_INTERFACE {ddr4_sdram} \
#                     CONFIG.System_Clock {No_Buffer} \
#                     CONFIG.Reference_Clock {No_Buffer} \
#                     CONFIG.C0.DDR4_InputClockPeriod {10000} \
#                     CONFIG.C0.DDR4_CLKOUT0_DIVIDE {3} \
#                     CONFIG.C0.DDR4_MemoryPart {MT40A512M16HA-075E} \
#                     CONFIG.C0.DDR4_DataWidth {72} \
#                     CONFIG.C0.DDR4_DataMask {NO_DM_NO_DBI} \
#                     CONFIG.C0.DDR4_Ecc {true} \
#                     CONFIG.C0.DDR4_AxiDataWidth {512} \
#                     CONFIG.C0.DDR4_AxiAddressWidth {32} \
#                     CONFIG.C0.DDR4_AxiIDWidth {8} \
#                     CONFIG.ADDN_UI_CLKOUT1_FREQ_HZ {100} \
#                     CONFIG.C0.BANK_GROUP_WIDTH {1} \
#                     CONFIG.C0.CS_WIDTH {2} \
#                     CONFIG.C0.DDR4_AxiSelection {true} \
#                     ] [get_ips $proj]
#             }
#             vcu118 {
#                 set_property -dict [list \
#                     CONFIG.System_Clock {No_Buffer} \
#                     CONFIG.Reference_Clock {No_Buffer} \
#                     CONFIG.C0_DDR4_BOARD_INTERFACE {ddr4_sdram_c1_062} \
#                     CONFIG.C0.DDR4_InputClockPeriod {4000} \
#                     CONFIG.C0.DDR4_CLKOUT0_DIVIDE {5} \
#                     CONFIG.C0.DDR4_MemoryPart {MT40A256M16LY-062E} \
#                     CONFIG.C0.DDR4_TimePeriod {833} \
#                     CONFIG.C0.DDR4_DataWidth {64} \
#                     CONFIG.C0.DDR4_DataMask {DM_NO_DBI} \
#                     CONFIG.C0.DDR4_MCS_ECC {false} \
#                     CONFIG.C0.DDR4_CasWriteLatency {12} \
#                     CONFIG.C0.DDR4_CasLatency {18} \
#                     CONFIG.C0.DDR4_AxiDataWidth {512} \
#                     CONFIG.C0.DDR4_AxiAddressWidth {31} \
#                     CONFIG.C0.DDR4_AxiIDWidth {8} \
#                     CONFIG.C0.BANK_GROUP_WIDTH {1} \
#                     CONFIG.C0.DDR4_AxiSelection {true} \
#                     ] [get_ips $proj]
#             }
#             default { nocfgexit $proj $board }
#         }
#     }
# 
# }
INFO: [IP_Flow 19-234] Refreshing IP repositories
INFO: [IP_Flow 19-1704] No user IP repositories specified
INFO: [IP_Flow 19-2313] Loaded Vivado IP repository '/usr/pack/vitis-2022.1-zr/Vivado/2022.1/data/ip'.
create_ip: Time (s): cpu = 00:00:10 ; elapsed = 00:00:12 . Memory (MB): peak = 3322.445 ; gain = 219.289 ; free physical = 86923 ; free virtual = 544292
# set xci ${project_root}/${proj}.srcs/sources_1/ip/${proj}/${proj}.xci
# generate_target all [get_files $xci]
INFO: [IP_Flow 19-1686] Generating 'Instantiation Template' target for IP 'clkwiz'...
INFO: [IP_Flow 19-1686] Generating 'Synthesis' target for IP 'clkwiz'...
INFO: [IP_Flow 19-1686] Generating 'Simulation' target for IP 'clkwiz'...
INFO: [IP_Flow 19-1686] Generating 'Implementation' target for IP 'clkwiz'...
INFO: [IP_Flow 19-1686] Generating 'Change Log' target for IP 'clkwiz'...
# create_ip_run [get_files -of_objects [get_fileset sources_1] $xci]
# launch_run -jobs $num_jobs ${proj}_synth_1
[Wed Mar 18 14:57:09 2026] Launched clkwiz_synth_1...
Run output will be captured here: /scratch2/nsalamini/github_new_new/cheshire/target/xilinx/build/vcu118.clkwiz/clkwiz.runs/clkwiz_synth_1/runme.log
# wait_on_run ${proj}_synth_1
[Wed Mar 18 14:57:09 2026] Waiting for clkwiz_synth_1 to finish...

*** Running vivado
    with args -log clkwiz.vds -m64 -product Vivado -mode batch -messageDb vivado.pb -notrace -source clkwiz.tcl


****** Vivado v2022.1 (64-bit)
  **** SW Build 3526262 on Mon Apr 18 15:47:01 MDT 2022
  **** IP Build 3524634 on Mon Apr 18 20:55:01 MDT 2022
    ** Copyright 1986-2022 Xilinx, Inc. All Rights Reserved.

source clkwiz.tcl -notrace
Command: synth_design -top clkwiz -part xcvu9p-flga2104-2L-e -incremental_mode off -mode out_of_context
Starting synth_design
Attempting to get a license for feature 'Synthesis' and/or device 'xcvu9p'
INFO: [Common 17-349] Got license for feature 'Synthesis' and/or device 'xcvu9p'
INFO: [Device 21-403] Loading part xcvu9p-flga2104-2L-e
INFO: [Synth 8-7079] Multithreading enabled for synth_design using a maximum of 4 processes.
INFO: [Synth 8-7078] Launching helper process for spawning children vivado processes
INFO: [Synth 8-7075] Helper process launched with PID 1671342
---------------------------------------------------------------------------------
Starting RTL Elaboration : Time (s): cpu = 00:00:04 ; elapsed = 00:00:04 . Memory (MB): peak = 3597.727 ; gain = 344.797 ; free physical = 84243 ; free virtual = 541200
---------------------------------------------------------------------------------
INFO: [Synth 8-6157] synthesizing module 'clkwiz' [/scratch2/nsalamini/github_new_new/cheshire/target/xilinx/build/vcu118.clkwiz/clkwiz.gen/sources_1/ip/clkwiz/clkwiz.v:71]
INFO: [Synth 8-6157] synthesizing module 'clkwiz_clk_wiz' [/scratch2/nsalamini/github_new_new/cheshire/target/xilinx/build/vcu118.clkwiz/clkwiz.gen/sources_1/ip/clkwiz/clkwiz_clk_wiz.v:71]
INFO: [Synth 8-6157] synthesizing module 'MMCME4_ADV' [/usr/pack/vitis-2022.1-zr/Vivado/2022.1/scripts/rt/data/unisim_comp.v:63902]
	Parameter BANDWIDTH bound to: OPTIMIZED - type: string 
	Parameter CLKFBOUT_MULT_F bound to: 24.000000 - type: double 
	Parameter CLKFBOUT_PHASE bound to: 0.000000 - type: double 
	Parameter CLKFBOUT_USE_FINE_PS bound to: FALSE - type: string 
	Parameter CLKIN1_PERIOD bound to: 4.000000 - type: double 
	Parameter CLKOUT0_DIVIDE_F bound to: 24.000000 - type: double 
	Parameter CLKOUT0_DUTY_CYCLE bound to: 0.500000 - type: double 
	Parameter CLKOUT0_PHASE bound to: 0.000000 - type: double 
	Parameter CLKOUT0_USE_FINE_PS bound to: FALSE - type: string 
	Parameter CLKOUT1_DIVIDE bound to: 25 - type: integer 
	Parameter CLKOUT1_DUTY_CYCLE bound to: 0.500000 - type: double 
	Parameter CLKOUT1_PHASE bound to: 0.000000 - type: double 
	Parameter CLKOUT1_USE_FINE_PS bound to: FALSE - type: string 
	Parameter CLKOUT2_DIVIDE bound to: 60 - type: integer 
	Parameter CLKOUT2_DUTY_CYCLE bound to: 0.500000 - type: double 
	Parameter CLKOUT2_PHASE bound to: 0.000000 - type: double 
	Parameter CLKOUT2_USE_FINE_PS bound to: FALSE - type: string 
	Parameter CLKOUT3_DIVIDE bound to: 120 - type: integer 
	Parameter CLKOUT3_DUTY_CYCLE bound to: 0.500000 - type: double 
	Parameter CLKOUT3_PHASE bound to: 0.000000 - type: double 
	Parameter CLKOUT3_USE_FINE_PS bound to: FALSE - type: string 
	Parameter CLKOUT4_CASCADE bound to: FALSE - type: string 
	Parameter COMPENSATION bound to: AUTO - type: string 
	Parameter DIVCLK_DIVIDE bound to: 5 - type: integer 
	Parameter STARTUP_WAIT bound to: FALSE - type: string 
INFO: [Synth 8-6155] done synthesizing module 'MMCME4_ADV' (0#1) [/usr/pack/vitis-2022.1-zr/Vivado/2022.1/scripts/rt/data/unisim_comp.v:63902]
INFO: [Synth 8-6157] synthesizing module 'BUFG' [/usr/pack/vitis-2022.1-zr/Vivado/2022.1/scripts/rt/data/unisim_comp.v:1082]
INFO: [Synth 8-6155] done synthesizing module 'BUFG' (0#1) [/usr/pack/vitis-2022.1-zr/Vivado/2022.1/scripts/rt/data/unisim_comp.v:1082]
INFO: [Synth 8-6155] done synthesizing module 'clkwiz_clk_wiz' (0#1) [/scratch2/nsalamini/github_new_new/cheshire/target/xilinx/build/vcu118.clkwiz/clkwiz.gen/sources_1/ip/clkwiz/clkwiz_clk_wiz.v:71]
INFO: [Synth 8-6155] done synthesizing module 'clkwiz' (0#1) [/scratch2/nsalamini/github_new_new/cheshire/target/xilinx/build/vcu118.clkwiz/clkwiz.gen/sources_1/ip/clkwiz/clkwiz.v:71]
---------------------------------------------------------------------------------
Finished RTL Elaboration : Time (s): cpu = 00:00:05 ; elapsed = 00:00:06 . Memory (MB): peak = 3658.664 ; gain = 405.734 ; free physical = 85331 ; free virtual = 542289
---------------------------------------------------------------------------------
---------------------------------------------------------------------------------
Start Handling Custom Attributes
---------------------------------------------------------------------------------
---------------------------------------------------------------------------------
Finished Handling Custom Attributes : Time (s): cpu = 00:00:05 ; elapsed = 00:00:06 . Memory (MB): peak = 3676.477 ; gain = 423.547 ; free physical = 85330 ; free virtual = 542289
---------------------------------------------------------------------------------
---------------------------------------------------------------------------------
Finished RTL Optimization Phase 1 : Time (s): cpu = 00:00:05 ; elapsed = 00:00:06 . Memory (MB): peak = 3676.477 ; gain = 423.547 ; free physical = 85330 ; free virtual = 542289
---------------------------------------------------------------------------------
Netlist sorting complete. Time (s): cpu = 00:00:00 ; elapsed = 00:00:00 . Memory (MB): peak = 3682.414 ; gain = 0.000 ; free physical = 85342 ; free virtual = 542301
INFO: [Netlist 29-17] Analyzing 5 Unisim elements for replacement
INFO: [Netlist 29-28] Unisim Transformation completed in 0 CPU seconds
INFO: [Project 1-570] Preparing netlist for logic optimization

Processing XDC Constraints
Initializing timing engine
Parsing XDC File [/scratch2/nsalamini/github_new_new/cheshire/target/xilinx/build/vcu118.clkwiz/clkwiz.gen/sources_1/ip/clkwiz/clkwiz_ooc.xdc] for cell 'inst'
Finished Parsing XDC File [/scratch2/nsalamini/github_new_new/cheshire/target/xilinx/build/vcu118.clkwiz/clkwiz.gen/sources_1/ip/clkwiz/clkwiz_ooc.xdc] for cell 'inst'
Parsing XDC File [/scratch2/nsalamini/github_new_new/cheshire/target/xilinx/build/vcu118.clkwiz/clkwiz.gen/sources_1/ip/clkwiz/clkwiz_board.xdc] for cell 'inst'
Finished Parsing XDC File [/scratch2/nsalamini/github_new_new/cheshire/target/xilinx/build/vcu118.clkwiz/clkwiz.gen/sources_1/ip/clkwiz/clkwiz_board.xdc] for cell 'inst'
Parsing XDC File [/scratch2/nsalamini/github_new_new/cheshire/target/xilinx/build/vcu118.clkwiz/clkwiz.gen/sources_1/ip/clkwiz/clkwiz.xdc] for cell 'inst'
Finished Parsing XDC File [/scratch2/nsalamini/github_new_new/cheshire/target/xilinx/build/vcu118.clkwiz/clkwiz.gen/sources_1/ip/clkwiz/clkwiz.xdc] for cell 'inst'
Parsing XDC File [/scratch2/nsalamini/github_new_new/cheshire/target/xilinx/build/vcu118.clkwiz/clkwiz.runs/clkwiz_synth_1/dont_touch.xdc]
Finished Parsing XDC File [/scratch2/nsalamini/github_new_new/cheshire/target/xilinx/build/vcu118.clkwiz/clkwiz.runs/clkwiz_synth_1/dont_touch.xdc]
Parsing XDC File [/scratch2/nsalamini/github_new_new/cheshire/target/xilinx/build/vcu118.clkwiz/clkwiz.gen/sources_1/ip/clkwiz/clkwiz_late.xdc] for cell 'inst'
Finished Parsing XDC File [/scratch2/nsalamini/github_new_new/cheshire/target/xilinx/build/vcu118.clkwiz/clkwiz.gen/sources_1/ip/clkwiz/clkwiz_late.xdc] for cell 'inst'
Completed Processing XDC Constraints

Netlist sorting complete. Time (s): cpu = 00:00:00 ; elapsed = 00:00:00 . Memory (MB): peak = 3787.070 ; gain = 0.000 ; free physical = 85243 ; free virtual = 542202
INFO: [Project 1-111] Unisim Transformation Summary:
  A total of 4 instances were transformed.
  BUFG => BUFGCE: 4 instances

INFO: [Timing 38-2] Deriving generated clocks
Constraint Validation Runtime : Time (s): cpu = 00:00:00.01 ; elapsed = 00:00:00.02 . Memory (MB): peak = 3787.070 ; gain = 0.000 ; free physical = 85242 ; free virtual = 542201
INFO: [Designutils 20-5008] Incremental synthesis strategy off
---------------------------------------------------------------------------------
Finished Constraint Validation : Time (s): cpu = 00:00:15 ; elapsed = 00:00:16 . Memory (MB): peak = 3787.070 ; gain = 534.141 ; free physical = 85327 ; free virtual = 542287
---------------------------------------------------------------------------------
---------------------------------------------------------------------------------
Start Loading Part and Timing Information
---------------------------------------------------------------------------------
Loading part: xcvu9p-flga2104-2L-e
INFO: [Synth 8-6742] Reading net delay rules and data
---------------------------------------------------------------------------------
Finished Loading Part and Timing Information : Time (s): cpu = 00:00:15 ; elapsed = 00:00:16 . Memory (MB): peak = 3787.070 ; gain = 534.141 ; free physical = 85327 ; free virtual = 542287
---------------------------------------------------------------------------------
---------------------------------------------------------------------------------
Start Applying 'set_property' XDC Constraints
---------------------------------------------------------------------------------
Applied set_property KEEP_HIERARCHY = SOFT for inst. (constraint file  /scratch2/nsalamini/github_new_new/cheshire/target/xilinx/build/vcu118.clkwiz/clkwiz.runs/clkwiz_synth_1/dont_touch.xdc, line 9).
---------------------------------------------------------------------------------
Finished applying 'set_property' XDC Constraints : Time (s): cpu = 00:00:15 ; elapsed = 00:00:16 . Memory (MB): peak = 3787.070 ; gain = 534.141 ; free physical = 85331 ; free virtual = 542291
---------------------------------------------------------------------------------
---------------------------------------------------------------------------------
Finished RTL Optimization Phase 2 : Time (s): cpu = 00:00:15 ; elapsed = 00:00:16 . Memory (MB): peak = 3787.070 ; gain = 534.141 ; free physical = 85329 ; free virtual = 542290
---------------------------------------------------------------------------------
---------------------------------------------------------------------------------
Start RTL Component Statistics 
---------------------------------------------------------------------------------
Detailed RTL Component Info : 
---------------------------------------------------------------------------------
Finished RTL Component Statistics 
---------------------------------------------------------------------------------
---------------------------------------------------------------------------------
Start Part Resource Summary
---------------------------------------------------------------------------------
Part Resources:
DSPs: 6840 (col length:120)
BRAMs: 4320 (col length: RAMB18 360 RAMB36 180)
---------------------------------------------------------------------------------
Finished Part Resource Summary
---------------------------------------------------------------------------------
---------------------------------------------------------------------------------
Start Cross Boundary and Area Optimization
---------------------------------------------------------------------------------
WARNING: [Synth 8-7080] Parallel synthesis criteria is not met
---------------------------------------------------------------------------------
Finished Cross Boundary and Area Optimization : Time (s): cpu = 00:00:16 ; elapsed = 00:00:17 . Memory (MB): peak = 3787.070 ; gain = 534.141 ; free physical = 85311 ; free virtual = 542276
---------------------------------------------------------------------------------
---------------------------------------------------------------------------------
Start Applying XDC Timing Constraints
---------------------------------------------------------------------------------
---------------------------------------------------------------------------------
Finished Applying XDC Timing Constraints : Time (s): cpu = 00:00:24 ; elapsed = 00:00:27 . Memory (MB): peak = 4007.820 ; gain = 754.891 ; free physical = 84725 ; free virtual = 541691
---------------------------------------------------------------------------------
---------------------------------------------------------------------------------
Start Timing Optimization
---------------------------------------------------------------------------------
---------------------------------------------------------------------------------
Finished Timing Optimization : Time (s): cpu = 00:00:24 ; elapsed = 00:00:27 . Memory (MB): peak = 4007.820 ; gain = 754.891 ; free physical = 84725 ; free virtual = 541691
---------------------------------------------------------------------------------
---------------------------------------------------------------------------------
Start Technology Mapping
---------------------------------------------------------------------------------
---------------------------------------------------------------------------------
Finished Technology Mapping : Time (s): cpu = 00:00:24 ; elapsed = 00:00:27 . Memory (MB): peak = 4026.852 ; gain = 773.922 ; free physical = 84727 ; free virtual = 541694
---------------------------------------------------------------------------------
---------------------------------------------------------------------------------
Start IO Insertion
---------------------------------------------------------------------------------
---------------------------------------------------------------------------------
Start Flattening Before IO Insertion
---------------------------------------------------------------------------------
---------------------------------------------------------------------------------
Finished Flattening Before IO Insertion
---------------------------------------------------------------------------------
---------------------------------------------------------------------------------
Start Final Netlist Cleanup
---------------------------------------------------------------------------------
---------------------------------------------------------------------------------
Finished Final Netlist Cleanup
---------------------------------------------------------------------------------
---------------------------------------------------------------------------------
Finished IO Insertion : Time (s): cpu = 00:00:28 ; elapsed = 00:00:30 . Memory (MB): peak = 4032.789 ; gain = 779.859 ; free physical = 84835 ; free virtual = 541802
---------------------------------------------------------------------------------
---------------------------------------------------------------------------------
Start Renaming Generated Instances
---------------------------------------------------------------------------------
---------------------------------------------------------------------------------
Finished Renaming Generated Instances : Time (s): cpu = 00:00:28 ; elapsed = 00:00:30 . Memory (MB): peak = 4032.789 ; gain = 779.859 ; free physical = 84835 ; free virtual = 541802
---------------------------------------------------------------------------------
---------------------------------------------------------------------------------
Start Rebuilding User Hierarchy
---------------------------------------------------------------------------------
---------------------------------------------------------------------------------
Finished Rebuilding User Hierarchy : Time (s): cpu = 00:00:28 ; elapsed = 00:00:30 . Memory (MB): peak = 4032.789 ; gain = 779.859 ; free physical = 84835 ; free virtual = 541802
---------------------------------------------------------------------------------
---------------------------------------------------------------------------------
Start Renaming Generated Ports
---------------------------------------------------------------------------------
---------------------------------------------------------------------------------
Finished Renaming Generated Ports : Time (s): cpu = 00:00:28 ; elapsed = 00:00:30 . Memory (MB): peak = 4032.789 ; gain = 779.859 ; free physical = 84835 ; free virtual = 541802
---------------------------------------------------------------------------------
---------------------------------------------------------------------------------
Start Handling Custom Attributes
---------------------------------------------------------------------------------
---------------------------------------------------------------------------------
Finished Handling Custom Attributes : Time (s): cpu = 00:00:28 ; elapsed = 00:00:30 . Memory (MB): peak = 4032.789 ; gain = 779.859 ; free physical = 84835 ; free virtual = 541802
---------------------------------------------------------------------------------
---------------------------------------------------------------------------------
Start Renaming Generated Nets
---------------------------------------------------------------------------------
---------------------------------------------------------------------------------
Finished Renaming Generated Nets : Time (s): cpu = 00:00:28 ; elapsed = 00:00:30 . Memory (MB): peak = 4032.789 ; gain = 779.859 ; free physical = 84835 ; free virtual = 541802
---------------------------------------------------------------------------------
---------------------------------------------------------------------------------
Start Writing Synthesis Report
---------------------------------------------------------------------------------

Report BlackBoxes: 
+-+--------------+----------+
| |BlackBox name |Instances |
+-+--------------+----------+
+-+--------------+----------+

Report Cell Usage: 
+------+-----------+------+
|      |Cell       |Count |
+------+-----------+------+
|1     |BUFG       |     4|
|2     |MMCME4_ADV |     1|
+------+-----------+------+
---------------------------------------------------------------------------------
Finished Writing Synthesis Report : Time (s): cpu = 00:00:28 ; elapsed = 00:00:30 . Memory (MB): peak = 4032.789 ; gain = 779.859 ; free physical = 84835 ; free virtual = 541802
---------------------------------------------------------------------------------
Synthesis finished with 0 errors, 0 critical warnings and 1 warnings.
Synthesis Optimization Runtime : Time (s): cpu = 00:00:22 ; elapsed = 00:00:24 . Memory (MB): peak = 4032.789 ; gain = 669.266 ; free physical = 84864 ; free virtual = 541831
Synthesis Optimization Complete : Time (s): cpu = 00:00:28 ; elapsed = 00:00:30 . Memory (MB): peak = 4032.797 ; gain = 779.859 ; free physical = 84864 ; free virtual = 541831
INFO: [Project 1-571] Translating synthesized netlist
Netlist sorting complete. Time (s): cpu = 00:00:00 ; elapsed = 00:00:00 . Memory (MB): peak = 4032.797 ; gain = 0.000 ; free physical = 84857 ; free virtual = 541825
INFO: [Netlist 29-17] Analyzing 5 Unisim elements for replacement
INFO: [Netlist 29-28] Unisim Transformation completed in 0 CPU seconds
INFO: [Project 1-570] Preparing netlist for logic optimization
INFO: [Opt 31-138] Pushed 0 inverter(s) to 0 load pin(s).
INFO: [Opt 31-326] The CLKFBOUT to CLKFBIN net for instance inst/mmcme4_adv_inst with COMPENSATION=INTERNAL is optimized away to aid design routability
Netlist sorting complete. Time (s): cpu = 00:00:00 ; elapsed = 00:00:00 . Memory (MB): peak = 4109.945 ; gain = 0.000 ; free physical = 84877 ; free virtual = 541845
INFO: [Project 1-111] Unisim Transformation Summary:
  A total of 4 instances were transformed.
  BUFG => BUFGCE: 4 instances

Synth Design complete, checksum: ef0ba473
INFO: [Common 17-83] Releasing license: Synthesis
28 Infos, 1 Warnings, 0 Critical Warnings and 0 Errors encountered.
synth_design completed successfully
synth_design: Time (s): cpu = 00:00:40 ; elapsed = 00:00:40 . Memory (MB): peak = 4109.945 ; gain = 985.008 ; free physical = 85086 ; free virtual = 542053
INFO: [Common 17-1381] The checkpoint '/scratch2/nsalamini/github_new_new/cheshire/target/xilinx/build/vcu118.clkwiz/clkwiz.runs/clkwiz_synth_1/clkwiz.dcp' has been generated.
INFO: [Coretcl 2-1648] Added synthesis output to IP cache for IP clkwiz, cache-ID = ffc65d1f38302c3d
INFO: [Common 17-1381] The checkpoint '/scratch2/nsalamini/github_new_new/cheshire/target/xilinx/build/vcu118.clkwiz/clkwiz.runs/clkwiz_synth_1/clkwiz.dcp' has been generated.
INFO: [runtcl-4] Executing : report_utilization -file clkwiz_utilization_synth.rpt -pb clkwiz_utilization_synth.pb
INFO: [Common 17-206] Exiting Vivado at Wed Mar 18 14:58:05 2026...
[Wed Mar 18 14:58:16 2026] clkwiz_synth_1 finished
wait_on_runs: Time (s): cpu = 00:00:55 ; elapsed = 00:01:07 . Memory (MB): peak = 3333.625 ; gain = 0.000 ; free physical = 87334 ; free virtual = 544299
# file delete -force ${project_root}/out.xci
# file link -symbolic ${project_root}/out.xci $xci
INFO: [Common 17-206] Exiting Vivado at Wed Mar 18 14:58:16 2026...
mkdir -p /scratch2/nsalamini/github_new_new/cheshire/target/xilinx/build/vcu118.vio/
cd /scratch2/nsalamini/github_new_new/cheshire/target/xilinx/build/vcu118.vio/ && vitis-2022.1 vivado -mode batch -log ../vcu118.vio.log -jou ../vcu118.vio.jou -source /scratch2/nsalamini/github_new_new/cheshire/target/xilinx/scripts/impl_ip.tcl -tclargs vcu118 vio
Detected setup: [rhel8.8i]

****** Vivado v2022.1 (64-bit)
  **** SW Build 3526262 on Mon Apr 18 15:47:01 MDT 2022
  **** IP Build 3524634 on Mon Apr 18 20:55:01 MDT 2022
    ** Copyright 1986-2022 Xilinx, Inc. All Rights Reserved.

source /scratch2/nsalamini/github_new_new/cheshire/target/xilinx/scripts/impl_ip.tcl
# set xilinx_root [file dirname [file dirname [file normalize [info script]]]]
# source ${xilinx_root}/scripts/common.tcl
## set bpart(genesys2) "digilentinc.com:genesys2:part0:1.1"
## set fpart(genesys2) "xc7k325tffg900-2"
## set hwdev(genesys2) "xc7k325t_0"
## set cfgmp(genesys2) "s25fl256sxxxxxx0-spi-x1_x2_x4"
## set bpart(vcu128) "xilinx.com:vcu128:part0:1.0"
## set fpart(vcu128) "xcvu37p-fsvh2892-2L-e"
## set hwdev(vcu128) "xcvu37p_0"
## set cfgmp(vcu128) "mt25qu02g-spi-x1_x2_x4"
## set bpart(vcu118) "xilinx.com:vcu118:part0:2.4"
## set fpart(vcu118) "xcvu9p-flga2104-2L-e"
## set hwdev(vcu118) "xcvu9p_0"
## set cfgmp(vcu118) "mt25qu01g-spi-x1_x2_x4"
## proc init_impl {xilinx_root argc argv} {
##     global fpart
##     global bpart
##     # We declare these variables into the global context
##     global num_threads
##     global num_jobs
##     global project_root
##     global board
##     global proj
##     # Check argument count
##     if { $argc < 2 } {
##         puts "Error: Insufficient implementation arguments (${argc}): ${argv}."
##         return -code error
##     }
##     # Configure parallelism
##     set num_threads 8
##     set num_jobs 8
##     # Get arguments
##     set board [lindex $argv 0]
##     set proj [lindex $argv 1]
##     # Set up multithreading
##     set_param general.maxThreads $num_threads
##     # Remove prior build
##     set project_root ${xilinx_root}/build/${board}.${proj}
##     file delete -force [glob -nocomplain ${project_root}/*]
##     # Create project
##     create_project $proj $project_root -force -part $fpart($board)
##     set_property board_part $bpart($board) [current_project]
## }
## proc open_target {xilinx_root argc argv suffix} {
##     global hwdev
##     # We declare these variables into the global context
##     global project_root
##     global board
##     global hw_tgt
##     global hw_device
##     # Check argument count
##     if { $argc < 3 } {
##         puts "Error: Insufficient target arguments (${argc}): ${argv}."
##         return -code error
##     }
##     # Get arguments
##     set url [lindex $argv 0]
##     set path [lindex $argv 1]
##     set board [lindex $argv 2]
##     # Remove prior build
##     set project_root ${xilinx_root}/build/${board}.${suffix}
##     file delete -force [glob -nocomplain ${project_root}/*]
##     # Connect to HW server
##     open_hw_manager
##     connect_hw_server -url $url
##     # Open HW target, set JTAG frequency
##     set hw_tgts [get_hw_targets ${url}/${path}]
##     # From all matching targets, choose last (most specific) one
##     set hw_tgt [lindex ${hw_tgts} [expr { [llength ${hw_tgts}] - 1 }]]
##     open_hw_target $hw_tgt
##     set_property PARAM.FREQUENCY 15000000 $hw_tgt
##     # Get hardware device
##     set hw_device [get_hw_devices $hwdev($board)]
## }
## proc no_cfg_exit {proj board} {
##     puts "Error: Unsupported board ${board} for ${proj}."
##     return -code error
## }
## proc gen_reports {rptdir} {
##     file delete -force $rptdir
##     file mkdir ${rptdir}
##     # tclint-disable spacing, line-length
##     check_timing             -file ${rptdir}/check_timing.rpt       -verbose
##     report_timing            -file ${rptdir}/timing_worst_100.rpt   -max_paths 100 -nworst 100 -delay_type max -sort_by slack
##     report_timing            -file ${rptdir}/timing_worst.rpt       -nworst 1 -delay_type max -sort_by group
##     report_utilization       -file ${rptdir}/utilization.rpt        -hierarchical
##     report_cdc               -file ${rptdir}/cdc.rpt
##     report_clock_interaction -file ${rptdir}/clock_interaction.rpt
##     report_timing_summary    -file ${rptdir}/timing_summary.rpt
##     # tclint-enable spacing, line-length
## }
## proc insert_ilas {clk_net_name} {
##     global project_root
##     # Get nets to debug
##     set debug_nets [lsort -dictionary [get_nets -hier -filter {MARK_DEBUG == 1}]]
##     # Create debug core only if there are probes
##     if { ![llength $debug_nets] } { return }
##     # Create and configure debug core
##     create_debug_core i_ila ila
##     set_property -dict [list \
##         ALL_PROBE_SAME_MU {true} ALL_PROBE_SAME_MU_CNT {4} C_ADV_TRIGGER {true} \
##         C_DATA_DEPTH {16384} C_EN_STRG_QUAL {true} C_INPUT_PIPE_STAGES {0} \
##         C_TRIGIN_EN {false} C_TRIGOUT_EN {false} \
##         ] [get_debug_cores i_ila]
##     # Connect SoC clock
##     set_property port_width 1 [get_debug_ports i_ila/clk]
##     connect_debug_port i_ila/clk [get_nets $clk_net_name]
##     # Loop through debug nets (add extra list element to ensure last net is processed)
##     set net_name_last ""
##     set i 0
##     foreach net [concat $debug_nets {""}] {
##         # Remove trailing array index
##         regsub {\[[0-9]*\]$} $net {} net_name
##         # Create probe after all signals with the same name have been collected
##         if { $net_name_last != $net_name } {
##             if { $net_name_last != "" } {
##                 puts "Creating probe $i of width [llength $sig_list] for `$net_name_last`."
##                 # probe0 already exists, and does not need to be created
##                 if { $i != 0 } { create_debug_port i_ila probe }
##                 set_property port_width [llength $sig_list] [get_debug_ports i_ila/probe$i]
##                 set_property PROBE_TYPE DATA_AND_TRIGGER [get_debug_ports i_ila/probe$i]
##                 connect_debug_port i_ila/probe$i [get_nets $sig_list]
##                 incr i
##             }
##             set sig_list ""
##         }
##         lappend sig_list $net
##         set net_name_last $net_name
##     }
##     # Save constraints, then implement the debug core
##     save_constraints -force
##     implement_debug_core
## }
# init_impl $xilinx_root $argc $argv
create_project: Time (s): cpu = 00:00:05 ; elapsed = 00:00:05 . Memory (MB): peak = 3103.156 ; gain = 2.016 ; free physical = 88372 ; free virtual = 545342
# switch $proj {
# 
#     clkwiz {
#         create_ip -name clk_wiz -vendor xilinx.com -library ip -version 6.0 -module_name $proj
#         switch $board {
#             genesys2 {
#                 set_property -dict [list \
#                     CONFIG.PRIM_SOURCE {No_buffer} \
#                     CONFIG.PRIM_IN_FREQ {200.000} \
#                     CONFIG.CLKOUT1_USED {true} \
#                     CONFIG.CLKOUT2_USED {true} \
#                     CONFIG.CLKOUT3_USED {true} \
#                     CONFIG.CLKOUT4_USED {true} \
#                     CONFIG.CLK_OUT1_PORT {clk_50} \
#                     CONFIG.CLK_OUT2_PORT {clk_48} \
#                     CONFIG.CLK_OUT3_PORT {clk_20} \
#                     CONFIG.CLK_OUT4_PORT {clk_10} \
#                     CONFIG.CLKOUT1_REQUESTED_OUT_FREQ {50.000} \
#                     CONFIG.CLKOUT2_REQUESTED_OUT_FREQ {48.000} \
#                     CONFIG.CLKOUT3_REQUESTED_OUT_FREQ {20.000} \
#                     CONFIG.CLKOUT4_REQUESTED_OUT_FREQ {10.000} \
#                     CONFIG.CLKIN1_JITTER_PS {50.0} \
#                     CONFIG.MMCM_CLKFBOUT_MULT_F {6.000} \
#                     CONFIG.MMCM_CLKIN1_PERIOD {5.000} \
#                     CONFIG.MMCM_CLKOUT1_DIVIDE {24} \
#                     CONFIG.MMCM_CLKOUT2_DIVIDE {25} \
#                     CONFIG.MMCM_CLKOUT3_DIVIDE {60} \
#                     CONFIG.MMCM_CLKOUT4_DIVIDE {120} \
#                     CONFIG.NUM_OUT_CLKS {4} \
#                     CONFIG.CLKOUT1_JITTER {112.316} \
#                     CONFIG.CLKOUT1_PHASE_ERROR {89.971} \
#                     CONFIG.CLKOUT2_JITTER {129.198} \
#                     CONFIG.CLKOUT2_PHASE_ERROR {89.971} \
#                     CONFIG.CLKOUT3_JITTER {155.330} \
#                     CONFIG.CLKOUT3_PHASE_ERROR {89.971} \
#                     CONFIG.CLKOUT4_JITTER {178.053} \
#                     CONFIG.CLKOUT4_PHASE_ERROR {89.971} \
#                     ] [get_ips $proj]
#             }
#             vcu128 {
#                 set_property -dict [list \
#                     CONFIG.CLK_IN1_BOARD_INTERFACE {Custom} \
#                     CONFIG.RESET_BOARD_INTERFACE {Custom} \
#                     CONFIG.USE_RESET {true} \
#                     CONFIG.PRIM_SOURCE {No_buffer} \
#                     CONFIG.PRIM_IN_FREQ {100.000} \
#                     CONFIG.CLKOUT1_USED {true} \
#                     CONFIG.CLKOUT2_USED {true} \
#                     CONFIG.CLKOUT3_USED {true} \
#                     CONFIG.CLKOUT4_USED {true} \
#                     CONFIG.CLK_OUT1_PORT {clk_50} \
#                     CONFIG.CLK_OUT2_PORT {clk_48} \
#                     CONFIG.CLK_OUT3_PORT {clk_20} \
#                     CONFIG.CLK_OUT4_PORT {clk_10} \
#                     CONFIG.CLKOUT1_REQUESTED_OUT_FREQ {50.000} \
#                     CONFIG.CLKOUT2_REQUESTED_OUT_FREQ {48.000} \
#                     CONFIG.CLKOUT3_REQUESTED_OUT_FREQ {20.000} \
#                     CONFIG.CLKOUT4_REQUESTED_OUT_FREQ {10.000} \
#                     CONFIG.MMCM_CLKFBOUT_MULT_F {12.000} \
#                     CONFIG.MMCM_CLKIN1_PERIOD {5.000} \
#                     CONFIG.MMCM_CLKOUT1_DIVIDE {24} \
#                     CONFIG.MMCM_CLKOUT2_DIVIDE {25} \
#                     CONFIG.MMCM_CLKOUT3_DIVIDE {60} \
#                     CONFIG.MMCM_CLKOUT4_DIVIDE {120} \
#                     CONFIG.NUM_OUT_CLKS {4} \
#                     CONFIG.CLKOUT1_JITTER {112.316} \
#                     CONFIG.CLKOUT1_PHASE_ERROR {89.971} \
#                     CONFIG.CLKOUT2_JITTER {129.198} \
#                     CONFIG.CLKOUT2_PHASE_ERROR {89.971} \
#                     CONFIG.CLKOUT3_JITTER {155.330} \
#                     CONFIG.CLKOUT3_PHASE_ERROR {89.971} \
#                     CONFIG.CLKOUT4_JITTER {178.053} \
#                     CONFIG.CLKOUT4_PHASE_ERROR {89.971} \
#                     ] [get_ips $proj]
#             }
#             vcu118 {
#                 set_property -dict [list \
#                     CONFIG.CLK_IN1_BOARD_INTERFACE {Custom} \
#                     CONFIG.RESET_BOARD_INTERFACE {Custom} \
#                     CONFIG.USE_RESET {true} \
#                     CONFIG.PRIM_SOURCE {No_buffer} \
#                     CONFIG.PRIM_IN_FREQ {250.000} \
#                     CONFIG.CLKOUT1_USED {true} \
#                     CONFIG.CLKOUT2_USED {true} \
#                     CONFIG.CLKOUT3_USED {true} \
#                     CONFIG.CLKOUT4_USED {true} \
#                     CONFIG.CLK_OUT1_PORT {clk_50} \
#                     CONFIG.CLK_OUT2_PORT {clk_48} \
#                     CONFIG.CLK_OUT3_PORT {clk_20} \
#                     CONFIG.CLK_OUT4_PORT {clk_10} \
#                     CONFIG.CLKOUT1_REQUESTED_OUT_FREQ {50.000} \
#                     CONFIG.CLKOUT2_REQUESTED_OUT_FREQ {48.000} \
#                     CONFIG.CLKOUT3_REQUESTED_OUT_FREQ {20.000} \
#                     CONFIG.CLKOUT4_REQUESTED_OUT_FREQ {10.000} \
#                     CONFIG.MMCM_CLKFBOUT_MULT_F {24.000} \
#                     CONFIG.MMCM_CLKIN1_PERIOD {4.000} \
#                     CONFIG.MMCM_CLKOUT0_DIVIDE_F {24.000} \
#                     CONFIG.MMCM_CLKOUT1_DIVIDE {25} \
#                     CONFIG.MMCM_CLKOUT2_DIVIDE {60} \
#                     CONFIG.MMCM_CLKOUT3_DIVIDE {120} \
#                     CONFIG.MMCM_CLKOUT4_DIVIDE {1} \
#                     CONFIG.NUM_OUT_CLKS {4} \
#                     CONFIG.CLKOUT1_JITTER {153.164} \
#                     CONFIG.CLKOUT1_PHASE_ERROR {154.678} \
#                     CONFIG.CLKOUT2_JITTER {154.376} \
#                     CONFIG.CLKOUT2_PHASE_ERROR {154.678} \
#                     CONFIG.CLKOUT3_JITTER {184.746} \
#                     CONFIG.CLKOUT3_PHASE_ERROR {154.678} \
#                     CONFIG.CLKOUT4_JITTER {213.887} \
#                     CONFIG.CLKOUT4_PHASE_ERROR {154.678} \
#                     ] [get_ips $proj]
#             }
#             default { nocfgexit $proj $board }
#         }
#     }
# 
#     vio {
#         create_ip -name vio -vendor xilinx.com -library ip -version 3.0 -module_name $proj
#         switch $board {
#             genesys2 {
#                 set_property -dict [list \
#                     CONFIG.C_NUM_PROBE_OUT {3} \
#                     CONFIG.C_PROBE_OUT0_INIT_VAL {0x0} \
#                     CONFIG.C_PROBE_OUT1_INIT_VAL {0x0} \
#                     CONFIG.C_PROBE_OUT2_INIT_VAL {0x0} \
#                     CONFIG.C_PROBE_OUT1_WIDTH {2} \
#                     CONFIG.C_EN_PROBE_IN_ACTIVITY {0} \
#                     CONFIG.C_NUM_PROBE_IN {0} \
#                     ] [get_ips $proj]
#             }
#             vcu118 {
#                 set_property -dict [list \
#                     CONFIG.C_NUM_PROBE_OUT {6} \
#                     CONFIG.C_PROBE_OUT0_INIT_VAL {0x0} \
#                     CONFIG.C_PROBE_OUT1_INIT_VAL {0x0} \
#                     CONFIG.C_PROBE_OUT2_INIT_VAL {0x0} \
#                     CONFIG.C_PROBE_OUT3_INIT_VAL {0x0} \
#                     CONFIG.C_PROBE_OUT4_INIT_VAL {0x0} \
#                     CONFIG.C_PROBE_OUT5_INIT_VAL {0x0} \
#                     CONFIG.C_PROBE_OUT1_WIDTH {0} \
#                     CONFIG.C_PROBE_OUT5_WIDTH {32} \
#                     CONFIG.C_EN_PROBE_IN_ACTIVITY {0} \
#                     CONFIG.C_NUM_PROBE_IN {0} \
#                     ] [get_ips $proj]
#             }
#             vcu128 {
#                 set_property -dict [list \
#                     CONFIG.C_NUM_PROBE_OUT {3} \
#                     CONFIG.C_PROBE_OUT0_INIT_VAL {0x0} \
#                     CONFIG.C_PROBE_OUT1_INIT_VAL {0x2} \
#                     CONFIG.C_PROBE_OUT2_INIT_VAL {0x1} \
#                     CONFIG.C_PROBE_OUT1_WIDTH {2} \
#                     CONFIG.C_EN_PROBE_IN_ACTIVITY {0} \
#                     CONFIG.C_NUM_PROBE_IN {0} \
#                     ] [get_ips $proj]
#             }
#             default { nocfgexit $proj $board }
#         }
#     }
# 
#     mig7s {
#         create_ip -name mig_7series -vendor xilinx.com -library ip -module_name $proj
#         # Inject existing project file
#         file copy ${xilinx_root}/src/ips/${board}.${proj}.prj \
#             ${project_root}/${proj}.srcs/sources_1/ip/${proj}/mig_a.prj
#         switch $board {
#             genesys2 {
#                 set_property -dict [list \
#                     CONFIG.XML_INPUT_FILE {mig_a.prj} \
#                     CONFIG.RESET_BOARD_INTERFACE {Custom} \
#                     CONFIG.MIG_DONT_TOUCH_PARAM {Custom} \
#                     CONFIG.BOARD_MIG_PARAM {Custom} \
#                     ] [get_ips $proj]
#             }
#             default { nocfgexit $proj $board }
#         }
#     }
# 
#     ddr4 {
#         create_ip -name ddr4 -vendor xilinx.com -library ip -version 2.2 -module_name $proj
#         switch $board {
#             vcu128 {
#                 set_property -dict [list \
#                     CONFIG.C0.DDR4_Clamshell {true} \
#                     CONFIG.C0_DDR4_BOARD_INTERFACE {ddr4_sdram} \
#                     CONFIG.System_Clock {No_Buffer} \
#                     CONFIG.Reference_Clock {No_Buffer} \
#                     CONFIG.C0.DDR4_InputClockPeriod {10000} \
#                     CONFIG.C0.DDR4_CLKOUT0_DIVIDE {3} \
#                     CONFIG.C0.DDR4_MemoryPart {MT40A512M16HA-075E} \
#                     CONFIG.C0.DDR4_DataWidth {72} \
#                     CONFIG.C0.DDR4_DataMask {NO_DM_NO_DBI} \
#                     CONFIG.C0.DDR4_Ecc {true} \
#                     CONFIG.C0.DDR4_AxiDataWidth {512} \
#                     CONFIG.C0.DDR4_AxiAddressWidth {32} \
#                     CONFIG.C0.DDR4_AxiIDWidth {8} \
#                     CONFIG.ADDN_UI_CLKOUT1_FREQ_HZ {100} \
#                     CONFIG.C0.BANK_GROUP_WIDTH {1} \
#                     CONFIG.C0.CS_WIDTH {2} \
#                     CONFIG.C0.DDR4_AxiSelection {true} \
#                     ] [get_ips $proj]
#             }
#             vcu118 {
#                 set_property -dict [list \
#                     CONFIG.System_Clock {No_Buffer} \
#                     CONFIG.Reference_Clock {No_Buffer} \
#                     CONFIG.C0_DDR4_BOARD_INTERFACE {ddr4_sdram_c1_062} \
#                     CONFIG.C0.DDR4_InputClockPeriod {4000} \
#                     CONFIG.C0.DDR4_CLKOUT0_DIVIDE {5} \
#                     CONFIG.C0.DDR4_MemoryPart {MT40A256M16LY-062E} \
#                     CONFIG.C0.DDR4_TimePeriod {833} \
#                     CONFIG.C0.DDR4_DataWidth {64} \
#                     CONFIG.C0.DDR4_DataMask {DM_NO_DBI} \
#                     CONFIG.C0.DDR4_MCS_ECC {false} \
#                     CONFIG.C0.DDR4_CasWriteLatency {12} \
#                     CONFIG.C0.DDR4_CasLatency {18} \
#                     CONFIG.C0.DDR4_AxiDataWidth {512} \
#                     CONFIG.C0.DDR4_AxiAddressWidth {31} \
#                     CONFIG.C0.DDR4_AxiIDWidth {8} \
#                     CONFIG.C0.BANK_GROUP_WIDTH {1} \
#                     CONFIG.C0.DDR4_AxiSelection {true} \
#                     ] [get_ips $proj]
#             }
#             default { nocfgexit $proj $board }
#         }
#     }
# 
# }
INFO: [IP_Flow 19-234] Refreshing IP repositories
INFO: [IP_Flow 19-1704] No user IP repositories specified
INFO: [IP_Flow 19-2313] Loaded Vivado IP repository '/usr/pack/vitis-2022.1-zr/Vivado/2022.1/data/ip'.
ERROR: [IP_Flow 19-3458] Validation failed for parameter 'PROBE OUT1 WIDTH(C_PROBE_OUT1_WIDTH)' for IP 'vio'. Value '0' is out of the range (1,256)
INFO: [IP_Flow 19-3438] Customization errors found on 'vio'. Restoring to previous valid configuration.
INFO: [Common 17-17] undo 'set_property'
ERROR: [Common 17-39] 'set_property' failed due to earlier errors.

    while executing
"rdi::add_properties -dict {CONFIG.C_NUM_PROBE_OUT 6 CONFIG.C_PROBE_OUT0_INIT_VAL 0x0 CONFIG.C_PROBE_OUT1_INIT_VAL 0x0 CONFIG.C_PROBE_OUT2_INIT_VAL 0x0..."
    invoked from within
"set_property -dict [list  CONFIG.C_NUM_PROBE_OUT {6}  CONFIG.C_PROBE_OUT0_INIT_VAL {0x0}  CONFIG.C_PROBE_OUT1_INIT_VAL {0x0}  CONFIG.C_PROBE_OUT2_INIT..."
    ("vcu118" arm line 2)
    invoked from within
"switch $board {
            genesys2 {
                set_property -dict [list  CONFIG.C_NUM_PROBE_OUT {3}  CONFIG.C_PROBE_OUT0_INIT_VAL {0x0}  CONFI..."
    ("vio" arm line 3)
    invoked from within
"switch $proj {

    clkwiz {
        create_ip -name clk_wiz -vendor xilinx.com -library ip -version 6.0 -module_name $proj
        switch $board {
  ..."
    (file "/scratch2/nsalamini/github_new_new/cheshire/target/xilinx/scripts/impl_ip.tcl" line 16)
INFO: [Common 17-206] Exiting Vivado at Wed Mar 18 14:58:41 2026...
make: *** [/scratch2/nsalamini/github_new_new/cheshire/target/xilinx/xilinx.mk:44: /scratch2/nsalamini/github_new_new/cheshire/target/xilinx/build/vcu118.vio/out.xci] Error 1
rm /scratch2/nsalamini/github_new_new/cheshire/target/xilinx/scripts/add_sources.vcu118.tcl
which: no riscv64-unknown-elf-gcc in (/scratch2/nsalamini/nikoenv/bin:/usr/pack/riscv-1.0-kgf/riscv64-gcc-linux-gnu-11.2.0/bin:/usr/pack/riscv-1.0-kgf/STARTUP:/home/nsalamini/bin:/home/nsalamini/.vscode-server/cli/servers/Stable-61b3d0ab13be7dda2389f1d3e60a119c7f660cc3/server/bin/remote-cli:/home/nsalamini/bin:/home/nsalamini/bin:/usr/lib64/ccache:/usr/local/bin:/usr/bin:/usr/local/sbin:/usr/sbin:/usr/sepp/bin:/usr/local/AppImage/bin:/usr/local/anaconda3/bin:/usr/sepp/bin:/usr/local/AppImage/bin:/usr/local/anaconda3/bin:/usr/sepp/bin:/usr/local/AppImage/bin:/usr/local/anaconda3/bin)
which: no riscv64-unknown-elf-gcc in (/scratch2/nsalamini/nikoenv/bin:/usr/pack/riscv-1.0-kgf/riscv64-gcc-linux-gnu-11.2.0/bin:/usr/pack/riscv-1.0-kgf/STARTUP:/home/nsalamini/bin:/home/nsalamini/.vscode-server/cli/servers/Stable-61b3d0ab13be7dda2389f1d3e60a119c7f660cc3/server/bin/remote-cli:/home/nsalamini/bin:/home/nsalamini/bin:/usr/lib64/ccache:/usr/local/bin:/usr/bin:/usr/local/sbin:/usr/sbin:/usr/sepp/bin:/usr/local/AppImage/bin:/usr/local/anaconda3/bin:/usr/sepp/bin:/usr/local/AppImage/bin:/usr/local/anaconda3/bin:/usr/sepp/bin:/usr/local/AppImage/bin:/usr/local/anaconda3/bin)
which: no riscv64-unknown-elf-gcc in (/scratch2/nsalamini/nikoenv/bin:/usr/pack/riscv-1.0-kgf/riscv64-gcc-linux-gnu-11.2.0/bin:/usr/pack/riscv-1.0-kgf/STARTUP:/home/nsalamini/bin:/home/nsalamini/.vscode-server/cli/servers/Stable-61b3d0ab13be7dda2389f1d3e60a119c7f660cc3/server/bin/remote-cli:/home/nsalamini/bin:/home/nsalamini/bin:/usr/lib64/ccache:/usr/local/bin:/usr/bin:/usr/local/sbin:/usr/sbin:/usr/sepp/bin:/usr/local/AppImage/bin:/usr/local/anaconda3/bin:/usr/sepp/bin:/usr/local/AppImage/bin:/usr/local/anaconda3/bin:/usr/sepp/bin:/usr/local/AppImage/bin:/usr/local/anaconda3/bin)
which: no riscv64-unknown-elf-gcc in (/scratch2/nsalamini/nikoenv/bin:/usr/pack/riscv-1.0-kgf/riscv64-gcc-linux-gnu-11.2.0/bin:/usr/pack/riscv-1.0-kgf/STARTUP:/home/nsalamini/bin:/home/nsalamini/.vscode-server/cli/servers/Stable-61b3d0ab13be7dda2389f1d3e60a119c7f660cc3/server/bin/remote-cli:/home/nsalamini/bin:/home/nsalamini/bin:/usr/lib64/ccache:/usr/local/bin:/usr/bin:/usr/local/sbin:/usr/sbin:/usr/sepp/bin:/usr/local/AppImage/bin:/usr/local/anaconda3/bin:/usr/sepp/bin:/usr/local/AppImage/bin:/usr/local/anaconda3/bin:/usr/sepp/bin:/usr/local/AppImage/bin:/usr/local/anaconda3/bin)
which: no riscv64-unknown-elf-gcc in (/scratch2/nsalamini/nikoenv/bin:/usr/pack/riscv-1.0-kgf/riscv64-gcc-linux-gnu-11.2.0/bin:/usr/pack/riscv-1.0-kgf/STARTUP:/home/nsalamini/bin:/home/nsalamini/.vscode-server/cli/servers/Stable-61b3d0ab13be7dda2389f1d3e60a119c7f660cc3/server/bin/remote-cli:/home/nsalamini/bin:/home/nsalamini/bin:/usr/lib64/ccache:/usr/local/bin:/usr/bin:/usr/local/sbin:/usr/sbin:/usr/sepp/bin:/usr/local/AppImage/bin:/usr/local/anaconda3/bin:/usr/sepp/bin:/usr/local/AppImage/bin:/usr/local/anaconda3/bin:/usr/sepp/bin:/usr/local/AppImage/bin:/usr/local/anaconda3/bin)
dirname: missing operand
Try 'dirname --help' for more information.
find: ‘/libexec/gcc/riscv64-unknown-elf/**/liblto_plugin.so’: No such file or directory
cd /scratch2/nsalamini/github_new_new/cheshire/target/xilinx/build/vcu118.clkwiz/ && vitis-2022.1 vivado -mode batch -log ../vcu118.clkwiz.log -jou ../vcu118.clkwiz.jou -source /scratch2/nsalamini/github_new_new/cheshire/target/xilinx/scripts/impl_ip.tcl -tclargs vcu118 clkwiz
Detected setup: [rhel8.8i]

****** Vivado v2022.1 (64-bit)
  **** SW Build 3526262 on Mon Apr 18 15:47:01 MDT 2022
  **** IP Build 3524634 on Mon Apr 18 20:55:01 MDT 2022
    ** Copyright 1986-2022 Xilinx, Inc. All Rights Reserved.

source /scratch2/nsalamini/github_new_new/cheshire/target/xilinx/scripts/impl_ip.tcl
# set xilinx_root [file dirname [file dirname [file normalize [info script]]]]
# source ${xilinx_root}/scripts/common.tcl
## set bpart(genesys2) "digilentinc.com:genesys2:part0:1.1"
## set fpart(genesys2) "xc7k325tffg900-2"
## set hwdev(genesys2) "xc7k325t_0"
## set cfgmp(genesys2) "s25fl256sxxxxxx0-spi-x1_x2_x4"
## set bpart(vcu128) "xilinx.com:vcu128:part0:1.0"
## set fpart(vcu128) "xcvu37p-fsvh2892-2L-e"
## set hwdev(vcu128) "xcvu37p_0"
## set cfgmp(vcu128) "mt25qu02g-spi-x1_x2_x4"
## set bpart(vcu118) "xilinx.com:vcu118:part0:2.4"
## set fpart(vcu118) "xcvu9p-flga2104-2L-e"
## set hwdev(vcu118) "xcvu9p_0"
## set cfgmp(vcu118) "mt25qu01g-spi-x1_x2_x4"
## proc init_impl {xilinx_root argc argv} {
##     global fpart
##     global bpart
##     # We declare these variables into the global context
##     global num_threads
##     global num_jobs
##     global project_root
##     global board
##     global proj
##     # Check argument count
##     if { $argc < 2 } {
##         puts "Error: Insufficient implementation arguments (${argc}): ${argv}."
##         return -code error
##     }
##     # Configure parallelism
##     set num_threads 8
##     set num_jobs 8
##     # Get arguments
##     set board [lindex $argv 0]
##     set proj [lindex $argv 1]
##     # Set up multithreading
##     set_param general.maxThreads $num_threads
##     # Remove prior build
##     set project_root ${xilinx_root}/build/${board}.${proj}
##     file delete -force [glob -nocomplain ${project_root}/*]
##     # Create project
##     create_project $proj $project_root -force -part $fpart($board)
##     set_property board_part $bpart($board) [current_project]
## }
## proc open_target {xilinx_root argc argv suffix} {
##     global hwdev
##     # We declare these variables into the global context
##     global project_root
##     global board
##     global hw_tgt
##     global hw_device
##     # Check argument count
##     if { $argc < 3 } {
##         puts "Error: Insufficient target arguments (${argc}): ${argv}."
##         return -code error
##     }
##     # Get arguments
##     set url [lindex $argv 0]
##     set path [lindex $argv 1]
##     set board [lindex $argv 2]
##     # Remove prior build
##     set project_root ${xilinx_root}/build/${board}.${suffix}
##     file delete -force [glob -nocomplain ${project_root}/*]
##     # Connect to HW server
##     open_hw_manager
##     connect_hw_server -url $url
##     # Open HW target, set JTAG frequency
##     set hw_tgts [get_hw_targets ${url}/${path}]
##     # From all matching targets, choose last (most specific) one
##     set hw_tgt [lindex ${hw_tgts} [expr { [llength ${hw_tgts}] - 1 }]]
##     open_hw_target $hw_tgt
##     set_property PARAM.FREQUENCY 15000000 $hw_tgt
##     # Get hardware device
##     set hw_device [get_hw_devices $hwdev($board)]
## }
## proc no_cfg_exit {proj board} {
##     puts "Error: Unsupported board ${board} for ${proj}."
##     return -code error
## }
## proc gen_reports {rptdir} {
##     file delete -force $rptdir
##     file mkdir ${rptdir}
##     # tclint-disable spacing, line-length
##     check_timing             -file ${rptdir}/check_timing.rpt       -verbose
##     report_timing            -file ${rptdir}/timing_worst_100.rpt   -max_paths 100 -nworst 100 -delay_type max -sort_by slack
##     report_timing            -file ${rptdir}/timing_worst.rpt       -nworst 1 -delay_type max -sort_by group
##     report_utilization       -file ${rptdir}/utilization.rpt        -hierarchical
##     report_cdc               -file ${rptdir}/cdc.rpt
##     report_clock_interaction -file ${rptdir}/clock_interaction.rpt
##     report_timing_summary    -file ${rptdir}/timing_summary.rpt
##     # tclint-enable spacing, line-length
## }
## proc insert_ilas {clk_net_name} {
##     global project_root
##     # Get nets to debug
##     set debug_nets [lsort -dictionary [get_nets -hier -filter {MARK_DEBUG == 1}]]
##     # Create debug core only if there are probes
##     if { ![llength $debug_nets] } { return }
##     # Create and configure debug core
##     create_debug_core i_ila ila
##     set_property -dict [list \
##         ALL_PROBE_SAME_MU {true} ALL_PROBE_SAME_MU_CNT {4} C_ADV_TRIGGER {true} \
##         C_DATA_DEPTH {16384} C_EN_STRG_QUAL {true} C_INPUT_PIPE_STAGES {0} \
##         C_TRIGIN_EN {false} C_TRIGOUT_EN {false} \
##         ] [get_debug_cores i_ila]
##     # Connect SoC clock
##     set_property port_width 1 [get_debug_ports i_ila/clk]
##     connect_debug_port i_ila/clk [get_nets $clk_net_name]
##     # Loop through debug nets (add extra list element to ensure last net is processed)
##     set net_name_last ""
##     set i 0
##     foreach net [concat $debug_nets {""}] {
##         # Remove trailing array index
##         regsub {\[[0-9]*\]$} $net {} net_name
##         # Create probe after all signals with the same name have been collected
##         if { $net_name_last != $net_name } {
##             if { $net_name_last != "" } {
##                 puts "Creating probe $i of width [llength $sig_list] for `$net_name_last`."
##                 # probe0 already exists, and does not need to be created
##                 if { $i != 0 } { create_debug_port i_ila probe }
##                 set_property port_width [llength $sig_list] [get_debug_ports i_ila/probe$i]
##                 set_property PROBE_TYPE DATA_AND_TRIGGER [get_debug_ports i_ila/probe$i]
##                 connect_debug_port i_ila/probe$i [get_nets $sig_list]
##                 incr i
##             }
##             set sig_list ""
##         }
##         lappend sig_list $net
##         set net_name_last $net_name
##     }
##     # Save constraints, then implement the debug core
##     save_constraints -force
##     implement_debug_core
## }
# init_impl $xilinx_root $argc $argv
# switch $proj {
# 
#     clkwiz {
#         create_ip -name clk_wiz -vendor xilinx.com -library ip -version 6.0 -module_name $proj
#         switch $board {
#             genesys2 {
#                 set_property -dict [list \
#                     CONFIG.PRIM_SOURCE {No_buffer} \
#                     CONFIG.PRIM_IN_FREQ {200.000} \
#                     CONFIG.CLKOUT1_USED {true} \
#                     CONFIG.CLKOUT2_USED {true} \
#                     CONFIG.CLKOUT3_USED {true} \
#                     CONFIG.CLKOUT4_USED {true} \
#                     CONFIG.CLK_OUT1_PORT {clk_50} \
#                     CONFIG.CLK_OUT2_PORT {clk_48} \
#                     CONFIG.CLK_OUT3_PORT {clk_20} \
#                     CONFIG.CLK_OUT4_PORT {clk_10} \
#                     CONFIG.CLKOUT1_REQUESTED_OUT_FREQ {50.000} \
#                     CONFIG.CLKOUT2_REQUESTED_OUT_FREQ {48.000} \
#                     CONFIG.CLKOUT3_REQUESTED_OUT_FREQ {20.000} \
#                     CONFIG.CLKOUT4_REQUESTED_OUT_FREQ {10.000} \
#                     CONFIG.CLKIN1_JITTER_PS {50.0} \
#                     CONFIG.MMCM_CLKFBOUT_MULT_F {6.000} \
#                     CONFIG.MMCM_CLKIN1_PERIOD {5.000} \
#                     CONFIG.MMCM_CLKOUT1_DIVIDE {24} \
#                     CONFIG.MMCM_CLKOUT2_DIVIDE {25} \
#                     CONFIG.MMCM_CLKOUT3_DIVIDE {60} \
#                     CONFIG.MMCM_CLKOUT4_DIVIDE {120} \
#                     CONFIG.NUM_OUT_CLKS {4} \
#                     CONFIG.CLKOUT1_JITTER {112.316} \
#                     CONFIG.CLKOUT1_PHASE_ERROR {89.971} \
#                     CONFIG.CLKOUT2_JITTER {129.198} \
#                     CONFIG.CLKOUT2_PHASE_ERROR {89.971} \
#                     CONFIG.CLKOUT3_JITTER {155.330} \
#                     CONFIG.CLKOUT3_PHASE_ERROR {89.971} \
#                     CONFIG.CLKOUT4_JITTER {178.053} \
#                     CONFIG.CLKOUT4_PHASE_ERROR {89.971} \
#                     ] [get_ips $proj]
#             }
#             vcu128 {
#                 set_property -dict [list \
#                     CONFIG.CLK_IN1_BOARD_INTERFACE {Custom} \
#                     CONFIG.RESET_BOARD_INTERFACE {Custom} \
#                     CONFIG.USE_RESET {true} \
#                     CONFIG.PRIM_SOURCE {No_buffer} \
#                     CONFIG.PRIM_IN_FREQ {100.000} \
#                     CONFIG.CLKOUT1_USED {true} \
#                     CONFIG.CLKOUT2_USED {true} \
#                     CONFIG.CLKOUT3_USED {true} \
#                     CONFIG.CLKOUT4_USED {true} \
#                     CONFIG.CLK_OUT1_PORT {clk_50} \
#                     CONFIG.CLK_OUT2_PORT {clk_48} \
#                     CONFIG.CLK_OUT3_PORT {clk_20} \
#                     CONFIG.CLK_OUT4_PORT {clk_10} \
#                     CONFIG.CLKOUT1_REQUESTED_OUT_FREQ {50.000} \
#                     CONFIG.CLKOUT2_REQUESTED_OUT_FREQ {48.000} \
#                     CONFIG.CLKOUT3_REQUESTED_OUT_FREQ {20.000} \
#                     CONFIG.CLKOUT4_REQUESTED_OUT_FREQ {10.000} \
#                     CONFIG.MMCM_CLKFBOUT_MULT_F {12.000} \
#                     CONFIG.MMCM_CLKIN1_PERIOD {5.000} \
#                     CONFIG.MMCM_CLKOUT1_DIVIDE {24} \
#                     CONFIG.MMCM_CLKOUT2_DIVIDE {25} \
#                     CONFIG.MMCM_CLKOUT3_DIVIDE {60} \
#                     CONFIG.MMCM_CLKOUT4_DIVIDE {120} \
#                     CONFIG.NUM_OUT_CLKS {4} \
#                     CONFIG.CLKOUT1_JITTER {112.316} \
#                     CONFIG.CLKOUT1_PHASE_ERROR {89.971} \
#                     CONFIG.CLKOUT2_JITTER {129.198} \
#                     CONFIG.CLKOUT2_PHASE_ERROR {89.971} \
#                     CONFIG.CLKOUT3_JITTER {155.330} \
#                     CONFIG.CLKOUT3_PHASE_ERROR {89.971} \
#                     CONFIG.CLKOUT4_JITTER {178.053} \
#                     CONFIG.CLKOUT4_PHASE_ERROR {89.971} \
#                     ] [get_ips $proj]
#             }
#             vcu118 {
#                 set_property -dict [list \
#                     CONFIG.CLK_IN1_BOARD_INTERFACE {Custom} \
#                     CONFIG.RESET_BOARD_INTERFACE {Custom} \
#                     CONFIG.USE_RESET {true} \
#                     CONFIG.PRIM_SOURCE {No_buffer} \
#                     CONFIG.PRIM_IN_FREQ {250.000} \
#                     CONFIG.CLKOUT1_USED {true} \
#                     CONFIG.CLKOUT2_USED {true} \
#                     CONFIG.CLKOUT3_USED {true} \
#                     CONFIG.CLKOUT4_USED {true} \
#                     CONFIG.CLK_OUT1_PORT {clk_50} \
#                     CONFIG.CLK_OUT2_PORT {clk_48} \
#                     CONFIG.CLK_OUT3_PORT {clk_20} \
#                     CONFIG.CLK_OUT4_PORT {clk_10} \
#                     CONFIG.CLKOUT1_REQUESTED_OUT_FREQ {50.000} \
#                     CONFIG.CLKOUT2_REQUESTED_OUT_FREQ {48.000} \
#                     CONFIG.CLKOUT3_REQUESTED_OUT_FREQ {20.000} \
#                     CONFIG.CLKOUT4_REQUESTED_OUT_FREQ {10.000} \
#                     CONFIG.MMCM_CLKFBOUT_MULT_F {24.000} \
#                     CONFIG.MMCM_CLKIN1_PERIOD {4.000} \
#                     CONFIG.MMCM_CLKOUT0_DIVIDE_F {24.000} \
#                     CONFIG.MMCM_CLKOUT1_DIVIDE {25} \
#                     CONFIG.MMCM_CLKOUT2_DIVIDE {60} \
#                     CONFIG.MMCM_CLKOUT3_DIVIDE {120} \
#                     CONFIG.MMCM_CLKOUT4_DIVIDE {1} \
#                     CONFIG.NUM_OUT_CLKS {4} \
#                     CONFIG.CLKOUT1_JITTER {153.164} \
#                     CONFIG.CLKOUT1_PHASE_ERROR {154.678} \
#                     CONFIG.CLKOUT2_JITTER {154.376} \
#                     CONFIG.CLKOUT2_PHASE_ERROR {154.678} \
#                     CONFIG.CLKOUT3_JITTER {184.746} \
#                     CONFIG.CLKOUT3_PHASE_ERROR {154.678} \
#                     CONFIG.CLKOUT4_JITTER {213.887} \
#                     CONFIG.CLKOUT4_PHASE_ERROR {154.678} \
#                     ] [get_ips $proj]
#             }
#             default { nocfgexit $proj $board }
#         }
#     }
# 
#     vio {
#         create_ip -name vio -vendor xilinx.com -library ip -version 3.0 -module_name $proj
#         switch $board {
#             genesys2 {
#                 set_property -dict [list \
#                     CONFIG.C_NUM_PROBE_OUT {3} \
#                     CONFIG.C_PROBE_OUT0_INIT_VAL {0x0} \
#                     CONFIG.C_PROBE_OUT1_INIT_VAL {0x0} \
#                     CONFIG.C_PROBE_OUT2_INIT_VAL {0x0} \
#                     CONFIG.C_PROBE_OUT1_WIDTH {2} \
#                     CONFIG.C_EN_PROBE_IN_ACTIVITY {0} \
#                     CONFIG.C_NUM_PROBE_IN {0} \
#                     ] [get_ips $proj]
#             }
#             vcu118 {
#                 set_property -dict [list \
#                     CONFIG.C_NUM_PROBE_OUT {6} \
#                     CONFIG.C_PROBE_OUT0_INIT_VAL {0x0} \
#                     CONFIG.C_PROBE_OUT1_INIT_VAL {0x0} \
#                     CONFIG.C_PROBE_OUT2_INIT_VAL {0x0} \
#                     CONFIG.C_PROBE_OUT3_INIT_VAL {0x0} \
#                     CONFIG.C_PROBE_OUT4_INIT_VAL {0x0} \
#                     CONFIG.C_PROBE_OUT5_INIT_VAL {0x0} \
#                     CONFIG.C_PROBE_OUT1_WIDTH {2} \
#                     CONFIG.C_PROBE_OUT5_WIDTH {32} \
#                     CONFIG.C_EN_PROBE_IN_ACTIVITY {0} \
#                     CONFIG.C_NUM_PROBE_IN {0} \
#                     ] [get_ips $proj]
#             }
#             vcu128 {
#                 set_property -dict [list \
#                     CONFIG.C_NUM_PROBE_OUT {3} \
#                     CONFIG.C_PROBE_OUT0_INIT_VAL {0x0} \
#                     CONFIG.C_PROBE_OUT1_INIT_VAL {0x2} \
#                     CONFIG.C_PROBE_OUT2_INIT_VAL {0x1} \
#                     CONFIG.C_PROBE_OUT1_WIDTH {2} \
#                     CONFIG.C_EN_PROBE_IN_ACTIVITY {0} \
#                     CONFIG.C_NUM_PROBE_IN {0} \
#                     ] [get_ips $proj]
#             }
#             default { nocfgexit $proj $board }
#         }
#     }
# 
#     mig7s {
#         create_ip -name mig_7series -vendor xilinx.com -library ip -module_name $proj
#         # Inject existing project file
#         file copy ${xilinx_root}/src/ips/${board}.${proj}.prj \
#             ${project_root}/${proj}.srcs/sources_1/ip/${proj}/mig_a.prj
#         switch $board {
#             genesys2 {
#                 set_property -dict [list \
#                     CONFIG.XML_INPUT_FILE {mig_a.prj} \
#                     CONFIG.RESET_BOARD_INTERFACE {Custom} \
#                     CONFIG.MIG_DONT_TOUCH_PARAM {Custom} \
#                     CONFIG.BOARD_MIG_PARAM {Custom} \
#                     ] [get_ips $proj]
#             }
#             default { nocfgexit $proj $board }
#         }
#     }
# 
#     ddr4 {
#         create_ip -name ddr4 -vendor xilinx.com -library ip -version 2.2 -module_name $proj
#         switch $board {
#             vcu128 {
#                 set_property -dict [list \
#                     CONFIG.C0.DDR4_Clamshell {true} \
#                     CONFIG.C0_DDR4_BOARD_INTERFACE {ddr4_sdram} \
#                     CONFIG.System_Clock {No_Buffer} \
#                     CONFIG.Reference_Clock {No_Buffer} \
#                     CONFIG.C0.DDR4_InputClockPeriod {10000} \
#                     CONFIG.C0.DDR4_CLKOUT0_DIVIDE {3} \
#                     CONFIG.C0.DDR4_MemoryPart {MT40A512M16HA-075E} \
#                     CONFIG.C0.DDR4_DataWidth {72} \
#                     CONFIG.C0.DDR4_DataMask {NO_DM_NO_DBI} \
#                     CONFIG.C0.DDR4_Ecc {true} \
#                     CONFIG.C0.DDR4_AxiDataWidth {512} \
#                     CONFIG.C0.DDR4_AxiAddressWidth {32} \
#                     CONFIG.C0.DDR4_AxiIDWidth {8} \
#                     CONFIG.ADDN_UI_CLKOUT1_FREQ_HZ {100} \
#                     CONFIG.C0.BANK_GROUP_WIDTH {1} \
#                     CONFIG.C0.CS_WIDTH {2} \
#                     CONFIG.C0.DDR4_AxiSelection {true} \
#                     ] [get_ips $proj]
#             }
#             vcu118 {
#                 set_property -dict [list \
#                     CONFIG.System_Clock {No_Buffer} \
#                     CONFIG.Reference_Clock {No_Buffer} \
#                     CONFIG.C0_DDR4_BOARD_INTERFACE {ddr4_sdram_c1_062} \
#                     CONFIG.C0.DDR4_InputClockPeriod {4000} \
#                     CONFIG.C0.DDR4_CLKOUT0_DIVIDE {5} \
#                     CONFIG.C0.DDR4_MemoryPart {MT40A256M16LY-062E} \
#                     CONFIG.C0.DDR4_TimePeriod {833} \
#                     CONFIG.C0.DDR4_DataWidth {64} \
#                     CONFIG.C0.DDR4_DataMask {DM_NO_DBI} \
#                     CONFIG.C0.DDR4_MCS_ECC {false} \
#                     CONFIG.C0.DDR4_CasWriteLatency {12} \
#                     CONFIG.C0.DDR4_CasLatency {18} \
#                     CONFIG.C0.DDR4_AxiDataWidth {512} \
#                     CONFIG.C0.DDR4_AxiAddressWidth {31} \
#                     CONFIG.C0.DDR4_AxiIDWidth {8} \
#                     CONFIG.C0.BANK_GROUP_WIDTH {1} \
#                     CONFIG.C0.DDR4_AxiSelection {true} \
#                     ] [get_ips $proj]
#             }
#             default { nocfgexit $proj $board }
#         }
#     }
# 
# }
INFO: [IP_Flow 19-234] Refreshing IP repositories
INFO: [IP_Flow 19-1704] No user IP repositories specified
INFO: [IP_Flow 19-2313] Loaded Vivado IP repository '/usr/pack/vitis-2022.1-zr/Vivado/2022.1/data/ip'.
create_ip: Time (s): cpu = 00:00:10 ; elapsed = 00:00:12 . Memory (MB): peak = 3322.441 ; gain = 219.289 ; free physical = 87272 ; free virtual = 544332
# set xci ${project_root}/${proj}.srcs/sources_1/ip/${proj}/${proj}.xci
# generate_target all [get_files $xci]
INFO: [IP_Flow 19-1686] Generating 'Instantiation Template' target for IP 'clkwiz'...
INFO: [IP_Flow 19-1686] Generating 'Synthesis' target for IP 'clkwiz'...
INFO: [IP_Flow 19-1686] Generating 'Simulation' target for IP 'clkwiz'...
INFO: [IP_Flow 19-1686] Generating 'Implementation' target for IP 'clkwiz'...
INFO: [IP_Flow 19-1686] Generating 'Change Log' target for IP 'clkwiz'...
# create_ip_run [get_files -of_objects [get_fileset sources_1] $xci]
# launch_run -jobs $num_jobs ${proj}_synth_1
[Wed Mar 18 15:06:12 2026] Launched clkwiz_synth_1...
Run output will be captured here: /scratch2/nsalamini/github_new_new/cheshire/target/xilinx/build/vcu118.clkwiz/clkwiz.runs/clkwiz_synth_1/runme.log
# wait_on_run ${proj}_synth_1
[Wed Mar 18 15:06:12 2026] Waiting for clkwiz_synth_1 to finish...

*** Running vivado
    with args -log clkwiz.vds -m64 -product Vivado -mode batch -messageDb vivado.pb -notrace -source clkwiz.tcl


****** Vivado v2022.1 (64-bit)
  **** SW Build 3526262 on Mon Apr 18 15:47:01 MDT 2022
  **** IP Build 3524634 on Mon Apr 18 20:55:01 MDT 2022
    ** Copyright 1986-2022 Xilinx, Inc. All Rights Reserved.

source clkwiz.tcl -notrace
Command: synth_design -top clkwiz -part xcvu9p-flga2104-2L-e -incremental_mode off -mode out_of_context
Starting synth_design
Attempting to get a license for feature 'Synthesis' and/or device 'xcvu9p'
INFO: [Common 17-349] Got license for feature 'Synthesis' and/or device 'xcvu9p'
INFO: [Device 21-403] Loading part xcvu9p-flga2104-2L-e
INFO: [Synth 8-7079] Multithreading enabled for synth_design using a maximum of 4 processes.
INFO: [Synth 8-7078] Launching helper process for spawning children vivado processes
INFO: [Synth 8-7075] Helper process launched with PID 1687341
---------------------------------------------------------------------------------
Starting RTL Elaboration : Time (s): cpu = 00:00:04 ; elapsed = 00:00:04 . Memory (MB): peak = 3597.723 ; gain = 344.797 ; free physical = 85048 ; free virtual = 541239
---------------------------------------------------------------------------------
INFO: [Synth 8-6157] synthesizing module 'clkwiz' [/scratch2/nsalamini/github_new_new/cheshire/target/xilinx/build/vcu118.clkwiz/clkwiz.gen/sources_1/ip/clkwiz/clkwiz.v:71]
INFO: [Synth 8-6157] synthesizing module 'clkwiz_clk_wiz' [/scratch2/nsalamini/github_new_new/cheshire/target/xilinx/build/vcu118.clkwiz/clkwiz.gen/sources_1/ip/clkwiz/clkwiz_clk_wiz.v:71]
INFO: [Synth 8-6157] synthesizing module 'MMCME4_ADV' [/usr/pack/vitis-2022.1-zr/Vivado/2022.1/scripts/rt/data/unisim_comp.v:63902]
	Parameter BANDWIDTH bound to: OPTIMIZED - type: string 
	Parameter CLKFBOUT_MULT_F bound to: 24.000000 - type: double 
	Parameter CLKFBOUT_PHASE bound to: 0.000000 - type: double 
	Parameter CLKFBOUT_USE_FINE_PS bound to: FALSE - type: string 
	Parameter CLKIN1_PERIOD bound to: 4.000000 - type: double 
	Parameter CLKOUT0_DIVIDE_F bound to: 24.000000 - type: double 
	Parameter CLKOUT0_DUTY_CYCLE bound to: 0.500000 - type: double 
	Parameter CLKOUT0_PHASE bound to: 0.000000 - type: double 
	Parameter CLKOUT0_USE_FINE_PS bound to: FALSE - type: string 
	Parameter CLKOUT1_DIVIDE bound to: 25 - type: integer 
	Parameter CLKOUT1_DUTY_CYCLE bound to: 0.500000 - type: double 
	Parameter CLKOUT1_PHASE bound to: 0.000000 - type: double 
	Parameter CLKOUT1_USE_FINE_PS bound to: FALSE - type: string 
	Parameter CLKOUT2_DIVIDE bound to: 60 - type: integer 
	Parameter CLKOUT2_DUTY_CYCLE bound to: 0.500000 - type: double 
	Parameter CLKOUT2_PHASE bound to: 0.000000 - type: double 
	Parameter CLKOUT2_USE_FINE_PS bound to: FALSE - type: string 
	Parameter CLKOUT3_DIVIDE bound to: 120 - type: integer 
	Parameter CLKOUT3_DUTY_CYCLE bound to: 0.500000 - type: double 
	Parameter CLKOUT3_PHASE bound to: 0.000000 - type: double 
	Parameter CLKOUT3_USE_FINE_PS bound to: FALSE - type: string 
	Parameter CLKOUT4_CASCADE bound to: FALSE - type: string 
	Parameter COMPENSATION bound to: AUTO - type: string 
	Parameter DIVCLK_DIVIDE bound to: 5 - type: integer 
	Parameter STARTUP_WAIT bound to: FALSE - type: string 
INFO: [Synth 8-6155] done synthesizing module 'MMCME4_ADV' (0#1) [/usr/pack/vitis-2022.1-zr/Vivado/2022.1/scripts/rt/data/unisim_comp.v:63902]
INFO: [Synth 8-6157] synthesizing module 'BUFG' [/usr/pack/vitis-2022.1-zr/Vivado/2022.1/scripts/rt/data/unisim_comp.v:1082]
INFO: [Synth 8-6155] done synthesizing module 'BUFG' (0#1) [/usr/pack/vitis-2022.1-zr/Vivado/2022.1/scripts/rt/data/unisim_comp.v:1082]
INFO: [Synth 8-6155] done synthesizing module 'clkwiz_clk_wiz' (0#1) [/scratch2/nsalamini/github_new_new/cheshire/target/xilinx/build/vcu118.clkwiz/clkwiz.gen/sources_1/ip/clkwiz/clkwiz_clk_wiz.v:71]
INFO: [Synth 8-6155] done synthesizing module 'clkwiz' (0#1) [/scratch2/nsalamini/github_new_new/cheshire/target/xilinx/build/vcu118.clkwiz/clkwiz.gen/sources_1/ip/clkwiz/clkwiz.v:71]
---------------------------------------------------------------------------------
Finished RTL Elaboration : Time (s): cpu = 00:00:05 ; elapsed = 00:00:05 . Memory (MB): peak = 3658.660 ; gain = 405.734 ; free physical = 86137 ; free virtual = 542329
---------------------------------------------------------------------------------
---------------------------------------------------------------------------------
Start Handling Custom Attributes
---------------------------------------------------------------------------------
---------------------------------------------------------------------------------
Finished Handling Custom Attributes : Time (s): cpu = 00:00:05 ; elapsed = 00:00:06 . Memory (MB): peak = 3676.473 ; gain = 423.547 ; free physical = 86137 ; free virtual = 542329
---------------------------------------------------------------------------------
---------------------------------------------------------------------------------
Finished RTL Optimization Phase 1 : Time (s): cpu = 00:00:05 ; elapsed = 00:00:06 . Memory (MB): peak = 3676.473 ; gain = 423.547 ; free physical = 86137 ; free virtual = 542329
---------------------------------------------------------------------------------
Netlist sorting complete. Time (s): cpu = 00:00:00 ; elapsed = 00:00:00 . Memory (MB): peak = 3682.410 ; gain = 0.000 ; free physical = 86130 ; free virtual = 542321
INFO: [Netlist 29-17] Analyzing 5 Unisim elements for replacement
INFO: [Netlist 29-28] Unisim Transformation completed in 0 CPU seconds
INFO: [Project 1-570] Preparing netlist for logic optimization

Processing XDC Constraints
Initializing timing engine
Parsing XDC File [/scratch2/nsalamini/github_new_new/cheshire/target/xilinx/build/vcu118.clkwiz/clkwiz.gen/sources_1/ip/clkwiz/clkwiz_ooc.xdc] for cell 'inst'
Finished Parsing XDC File [/scratch2/nsalamini/github_new_new/cheshire/target/xilinx/build/vcu118.clkwiz/clkwiz.gen/sources_1/ip/clkwiz/clkwiz_ooc.xdc] for cell 'inst'
Parsing XDC File [/scratch2/nsalamini/github_new_new/cheshire/target/xilinx/build/vcu118.clkwiz/clkwiz.gen/sources_1/ip/clkwiz/clkwiz_board.xdc] for cell 'inst'
Finished Parsing XDC File [/scratch2/nsalamini/github_new_new/cheshire/target/xilinx/build/vcu118.clkwiz/clkwiz.gen/sources_1/ip/clkwiz/clkwiz_board.xdc] for cell 'inst'
Parsing XDC File [/scratch2/nsalamini/github_new_new/cheshire/target/xilinx/build/vcu118.clkwiz/clkwiz.gen/sources_1/ip/clkwiz/clkwiz.xdc] for cell 'inst'
Finished Parsing XDC File [/scratch2/nsalamini/github_new_new/cheshire/target/xilinx/build/vcu118.clkwiz/clkwiz.gen/sources_1/ip/clkwiz/clkwiz.xdc] for cell 'inst'
Parsing XDC File [/scratch2/nsalamini/github_new_new/cheshire/target/xilinx/build/vcu118.clkwiz/clkwiz.runs/clkwiz_synth_1/dont_touch.xdc]
Finished Parsing XDC File [/scratch2/nsalamini/github_new_new/cheshire/target/xilinx/build/vcu118.clkwiz/clkwiz.runs/clkwiz_synth_1/dont_touch.xdc]
Parsing XDC File [/scratch2/nsalamini/github_new_new/cheshire/target/xilinx/build/vcu118.clkwiz/clkwiz.gen/sources_1/ip/clkwiz/clkwiz_late.xdc] for cell 'inst'
Finished Parsing XDC File [/scratch2/nsalamini/github_new_new/cheshire/target/xilinx/build/vcu118.clkwiz/clkwiz.gen/sources_1/ip/clkwiz/clkwiz_late.xdc] for cell 'inst'
Completed Processing XDC Constraints

Netlist sorting complete. Time (s): cpu = 00:00:00 ; elapsed = 00:00:00 . Memory (MB): peak = 3788.098 ; gain = 0.000 ; free physical = 86029 ; free virtual = 542222
INFO: [Project 1-111] Unisim Transformation Summary:
  A total of 4 instances were transformed.
  BUFG => BUFGCE: 4 instances

INFO: [Timing 38-2] Deriving generated clocks
Constraint Validation Runtime : Time (s): cpu = 00:00:00.02 ; elapsed = 00:00:00.02 . Memory (MB): peak = 3788.098 ; gain = 0.000 ; free physical = 86028 ; free virtual = 542220
INFO: [Designutils 20-5008] Incremental synthesis strategy off
---------------------------------------------------------------------------------
Finished Constraint Validation : Time (s): cpu = 00:00:15 ; elapsed = 00:00:16 . Memory (MB): peak = 3788.098 ; gain = 535.172 ; free physical = 86117 ; free virtual = 542310
---------------------------------------------------------------------------------
---------------------------------------------------------------------------------
Start Loading Part and Timing Information
---------------------------------------------------------------------------------
Loading part: xcvu9p-flga2104-2L-e
INFO: [Synth 8-6742] Reading net delay rules and data
---------------------------------------------------------------------------------
Finished Loading Part and Timing Information : Time (s): cpu = 00:00:15 ; elapsed = 00:00:16 . Memory (MB): peak = 3788.098 ; gain = 535.172 ; free physical = 86117 ; free virtual = 542310
---------------------------------------------------------------------------------
---------------------------------------------------------------------------------
Start Applying 'set_property' XDC Constraints
---------------------------------------------------------------------------------
Applied set_property KEEP_HIERARCHY = SOFT for inst. (constraint file  /scratch2/nsalamini/github_new_new/cheshire/target/xilinx/build/vcu118.clkwiz/clkwiz.runs/clkwiz_synth_1/dont_touch.xdc, line 9).
---------------------------------------------------------------------------------
Finished applying 'set_property' XDC Constraints : Time (s): cpu = 00:00:15 ; elapsed = 00:00:16 . Memory (MB): peak = 3788.098 ; gain = 535.172 ; free physical = 86120 ; free virtual = 542313
---------------------------------------------------------------------------------
---------------------------------------------------------------------------------
Finished RTL Optimization Phase 2 : Time (s): cpu = 00:00:15 ; elapsed = 00:00:16 . Memory (MB): peak = 3788.098 ; gain = 535.172 ; free physical = 86118 ; free virtual = 542312
---------------------------------------------------------------------------------
---------------------------------------------------------------------------------
Start RTL Component Statistics 
---------------------------------------------------------------------------------
Detailed RTL Component Info : 
---------------------------------------------------------------------------------
Finished RTL Component Statistics 
---------------------------------------------------------------------------------
---------------------------------------------------------------------------------
Start Part Resource Summary
---------------------------------------------------------------------------------
Part Resources:
DSPs: 6840 (col length:120)
BRAMs: 4320 (col length: RAMB18 360 RAMB36 180)
---------------------------------------------------------------------------------
Finished Part Resource Summary
---------------------------------------------------------------------------------
---------------------------------------------------------------------------------
Start Cross Boundary and Area Optimization
---------------------------------------------------------------------------------
WARNING: [Synth 8-7080] Parallel synthesis criteria is not met
---------------------------------------------------------------------------------
Finished Cross Boundary and Area Optimization : Time (s): cpu = 00:00:16 ; elapsed = 00:00:17 . Memory (MB): peak = 3788.098 ; gain = 535.172 ; free physical = 86150 ; free virtual = 542348
---------------------------------------------------------------------------------
---------------------------------------------------------------------------------
Start Applying XDC Timing Constraints
---------------------------------------------------------------------------------
---------------------------------------------------------------------------------
Finished Applying XDC Timing Constraints : Time (s): cpu = 00:00:24 ; elapsed = 00:00:27 . Memory (MB): peak = 4007.848 ; gain = 754.922 ; free physical = 85725 ; free virtual = 541924
---------------------------------------------------------------------------------
---------------------------------------------------------------------------------
Start Timing Optimization
---------------------------------------------------------------------------------
---------------------------------------------------------------------------------
Finished Timing Optimization : Time (s): cpu = 00:00:24 ; elapsed = 00:00:27 . Memory (MB): peak = 4007.848 ; gain = 754.922 ; free physical = 85724 ; free virtual = 541924
---------------------------------------------------------------------------------
---------------------------------------------------------------------------------
Start Technology Mapping
---------------------------------------------------------------------------------
---------------------------------------------------------------------------------
Finished Technology Mapping : Time (s): cpu = 00:00:24 ; elapsed = 00:00:27 . Memory (MB): peak = 4026.879 ; gain = 773.953 ; free physical = 85724 ; free virtual = 541923
---------------------------------------------------------------------------------
---------------------------------------------------------------------------------
Start IO Insertion
---------------------------------------------------------------------------------
---------------------------------------------------------------------------------
Start Flattening Before IO Insertion
---------------------------------------------------------------------------------
---------------------------------------------------------------------------------
Finished Flattening Before IO Insertion
---------------------------------------------------------------------------------
---------------------------------------------------------------------------------
Start Final Netlist Cleanup
---------------------------------------------------------------------------------
---------------------------------------------------------------------------------
Finished Final Netlist Cleanup
---------------------------------------------------------------------------------
---------------------------------------------------------------------------------
Finished IO Insertion : Time (s): cpu = 00:00:28 ; elapsed = 00:00:30 . Memory (MB): peak = 4032.816 ; gain = 779.891 ; free physical = 85728 ; free virtual = 541927
---------------------------------------------------------------------------------
---------------------------------------------------------------------------------
Start Renaming Generated Instances
---------------------------------------------------------------------------------
---------------------------------------------------------------------------------
Finished Renaming Generated Instances : Time (s): cpu = 00:00:28 ; elapsed = 00:00:30 . Memory (MB): peak = 4032.816 ; gain = 779.891 ; free physical = 85728 ; free virtual = 541927
---------------------------------------------------------------------------------
---------------------------------------------------------------------------------
Start Rebuilding User Hierarchy
---------------------------------------------------------------------------------
---------------------------------------------------------------------------------
Finished Rebuilding User Hierarchy : Time (s): cpu = 00:00:28 ; elapsed = 00:00:30 . Memory (MB): peak = 4032.816 ; gain = 779.891 ; free physical = 85728 ; free virtual = 541927
---------------------------------------------------------------------------------
---------------------------------------------------------------------------------
Start Renaming Generated Ports
---------------------------------------------------------------------------------
---------------------------------------------------------------------------------
Finished Renaming Generated Ports : Time (s): cpu = 00:00:28 ; elapsed = 00:00:30 . Memory (MB): peak = 4032.816 ; gain = 779.891 ; free physical = 85728 ; free virtual = 541927
---------------------------------------------------------------------------------
---------------------------------------------------------------------------------
Start Handling Custom Attributes
---------------------------------------------------------------------------------
---------------------------------------------------------------------------------
Finished Handling Custom Attributes : Time (s): cpu = 00:00:28 ; elapsed = 00:00:30 . Memory (MB): peak = 4032.816 ; gain = 779.891 ; free physical = 85728 ; free virtual = 541927
---------------------------------------------------------------------------------
---------------------------------------------------------------------------------
Start Renaming Generated Nets
---------------------------------------------------------------------------------
---------------------------------------------------------------------------------
Finished Renaming Generated Nets : Time (s): cpu = 00:00:28 ; elapsed = 00:00:30 . Memory (MB): peak = 4032.816 ; gain = 779.891 ; free physical = 85728 ; free virtual = 541927
---------------------------------------------------------------------------------
---------------------------------------------------------------------------------
Start Writing Synthesis Report
---------------------------------------------------------------------------------

Report BlackBoxes: 
+-+--------------+----------+
| |BlackBox name |Instances |
+-+--------------+----------+
+-+--------------+----------+

Report Cell Usage: 
+------+-----------+------+
|      |Cell       |Count |
+------+-----------+------+
|1     |BUFG       |     4|
|2     |MMCME4_ADV |     1|
+------+-----------+------+
---------------------------------------------------------------------------------
Finished Writing Synthesis Report : Time (s): cpu = 00:00:28 ; elapsed = 00:00:30 . Memory (MB): peak = 4032.816 ; gain = 779.891 ; free physical = 85728 ; free virtual = 541927
---------------------------------------------------------------------------------
Synthesis finished with 0 errors, 0 critical warnings and 1 warnings.
Synthesis Optimization Runtime : Time (s): cpu = 00:00:22 ; elapsed = 00:00:24 . Memory (MB): peak = 4032.816 ; gain = 668.266 ; free physical = 85756 ; free virtual = 541956
Synthesis Optimization Complete : Time (s): cpu = 00:00:28 ; elapsed = 00:00:30 . Memory (MB): peak = 4032.824 ; gain = 779.891 ; free physical = 85756 ; free virtual = 541956
INFO: [Project 1-571] Translating synthesized netlist
Netlist sorting complete. Time (s): cpu = 00:00:00 ; elapsed = 00:00:00 . Memory (MB): peak = 4032.824 ; gain = 0.000 ; free physical = 85750 ; free virtual = 541950
INFO: [Netlist 29-17] Analyzing 5 Unisim elements for replacement
INFO: [Netlist 29-28] Unisim Transformation completed in 0 CPU seconds
INFO: [Project 1-570] Preparing netlist for logic optimization
INFO: [Opt 31-138] Pushed 0 inverter(s) to 0 load pin(s).
INFO: [Opt 31-326] The CLKFBOUT to CLKFBIN net for instance inst/mmcme4_adv_inst with COMPENSATION=INTERNAL is optimized away to aid design routability
Netlist sorting complete. Time (s): cpu = 00:00:00 ; elapsed = 00:00:00 . Memory (MB): peak = 4110.168 ; gain = 0.000 ; free physical = 85762 ; free virtual = 541962
INFO: [Project 1-111] Unisim Transformation Summary:
  A total of 4 instances were transformed.
  BUFG => BUFGCE: 4 instances

Synth Design complete, checksum: ef0ba473
INFO: [Common 17-83] Releasing license: Synthesis
28 Infos, 1 Warnings, 0 Critical Warnings and 0 Errors encountered.
synth_design completed successfully
synth_design: Time (s): cpu = 00:00:40 ; elapsed = 00:00:40 . Memory (MB): peak = 4110.168 ; gain = 985.234 ; free physical = 85967 ; free virtual = 542167
INFO: [Common 17-1381] The checkpoint '/scratch2/nsalamini/github_new_new/cheshire/target/xilinx/build/vcu118.clkwiz/clkwiz.runs/clkwiz_synth_1/clkwiz.dcp' has been generated.
INFO: [Coretcl 2-1648] Added synthesis output to IP cache for IP clkwiz, cache-ID = ffc65d1f38302c3d
INFO: [Common 17-1381] The checkpoint '/scratch2/nsalamini/github_new_new/cheshire/target/xilinx/build/vcu118.clkwiz/clkwiz.runs/clkwiz_synth_1/clkwiz.dcp' has been generated.
INFO: [runtcl-4] Executing : report_utilization -file clkwiz_utilization_synth.rpt -pb clkwiz_utilization_synth.pb
INFO: [Common 17-206] Exiting Vivado at Wed Mar 18 15:07:07 2026...
[Wed Mar 18 15:07:18 2026] clkwiz_synth_1 finished
wait_on_runs: Time (s): cpu = 00:00:55 ; elapsed = 00:01:06 . Memory (MB): peak = 3333.621 ; gain = 0.000 ; free physical = 88202 ; free virtual = 544400
# file delete -force ${project_root}/out.xci
# file link -symbolic ${project_root}/out.xci $xci
INFO: [Common 17-206] Exiting Vivado at Wed Mar 18 15:07:18 2026...
bender -d /scratch2/nsalamini/github_new_new/cheshire script vivado -t fpga -t vcu118 -t rtl -t cva6 -t cv64a6_rt > /scratch2/nsalamini/github_new_new/cheshire/target/xilinx/scripts/add_sources.vcu118.tcl
cd /scratch2/nsalamini/github_new_new/cheshire/target/xilinx/build/vcu118.vio/ && vitis-2022.1 vivado -mode batch -log ../vcu118.vio.log -jou ../vcu118.vio.jou -source /scratch2/nsalamini/github_new_new/cheshire/target/xilinx/scripts/impl_ip.tcl -tclargs vcu118 vio
Detected setup: [rhel8.8i]

****** Vivado v2022.1 (64-bit)
  **** SW Build 3526262 on Mon Apr 18 15:47:01 MDT 2022
  **** IP Build 3524634 on Mon Apr 18 20:55:01 MDT 2022
    ** Copyright 1986-2022 Xilinx, Inc. All Rights Reserved.

source /scratch2/nsalamini/github_new_new/cheshire/target/xilinx/scripts/impl_ip.tcl
# set xilinx_root [file dirname [file dirname [file normalize [info script]]]]
# source ${xilinx_root}/scripts/common.tcl
## set bpart(genesys2) "digilentinc.com:genesys2:part0:1.1"
## set fpart(genesys2) "xc7k325tffg900-2"
## set hwdev(genesys2) "xc7k325t_0"
## set cfgmp(genesys2) "s25fl256sxxxxxx0-spi-x1_x2_x4"
## set bpart(vcu128) "xilinx.com:vcu128:part0:1.0"
## set fpart(vcu128) "xcvu37p-fsvh2892-2L-e"
## set hwdev(vcu128) "xcvu37p_0"
## set cfgmp(vcu128) "mt25qu02g-spi-x1_x2_x4"
## set bpart(vcu118) "xilinx.com:vcu118:part0:2.4"
## set fpart(vcu118) "xcvu9p-flga2104-2L-e"
## set hwdev(vcu118) "xcvu9p_0"
## set cfgmp(vcu118) "mt25qu01g-spi-x1_x2_x4"
## proc init_impl {xilinx_root argc argv} {
##     global fpart
##     global bpart
##     # We declare these variables into the global context
##     global num_threads
##     global num_jobs
##     global project_root
##     global board
##     global proj
##     # Check argument count
##     if { $argc < 2 } {
##         puts "Error: Insufficient implementation arguments (${argc}): ${argv}."
##         return -code error
##     }
##     # Configure parallelism
##     set num_threads 8
##     set num_jobs 8
##     # Get arguments
##     set board [lindex $argv 0]
##     set proj [lindex $argv 1]
##     # Set up multithreading
##     set_param general.maxThreads $num_threads
##     # Remove prior build
##     set project_root ${xilinx_root}/build/${board}.${proj}
##     file delete -force [glob -nocomplain ${project_root}/*]
##     # Create project
##     create_project $proj $project_root -force -part $fpart($board)
##     set_property board_part $bpart($board) [current_project]
## }
## proc open_target {xilinx_root argc argv suffix} {
##     global hwdev
##     # We declare these variables into the global context
##     global project_root
##     global board
##     global hw_tgt
##     global hw_device
##     # Check argument count
##     if { $argc < 3 } {
##         puts "Error: Insufficient target arguments (${argc}): ${argv}."
##         return -code error
##     }
##     # Get arguments
##     set url [lindex $argv 0]
##     set path [lindex $argv 1]
##     set board [lindex $argv 2]
##     # Remove prior build
##     set project_root ${xilinx_root}/build/${board}.${suffix}
##     file delete -force [glob -nocomplain ${project_root}/*]
##     # Connect to HW server
##     open_hw_manager
##     connect_hw_server -url $url
##     # Open HW target, set JTAG frequency
##     set hw_tgts [get_hw_targets ${url}/${path}]
##     # From all matching targets, choose last (most specific) one
##     set hw_tgt [lindex ${hw_tgts} [expr { [llength ${hw_tgts}] - 1 }]]
##     open_hw_target $hw_tgt
##     set_property PARAM.FREQUENCY 15000000 $hw_tgt
##     # Get hardware device
##     set hw_device [get_hw_devices $hwdev($board)]
## }
## proc no_cfg_exit {proj board} {
##     puts "Error: Unsupported board ${board} for ${proj}."
##     return -code error
## }
## proc gen_reports {rptdir} {
##     file delete -force $rptdir
##     file mkdir ${rptdir}
##     # tclint-disable spacing, line-length
##     check_timing             -file ${rptdir}/check_timing.rpt       -verbose
##     report_timing            -file ${rptdir}/timing_worst_100.rpt   -max_paths 100 -nworst 100 -delay_type max -sort_by slack
##     report_timing            -file ${rptdir}/timing_worst.rpt       -nworst 1 -delay_type max -sort_by group
##     report_utilization       -file ${rptdir}/utilization.rpt        -hierarchical
##     report_cdc               -file ${rptdir}/cdc.rpt
##     report_clock_interaction -file ${rptdir}/clock_interaction.rpt
##     report_timing_summary    -file ${rptdir}/timing_summary.rpt
##     # tclint-enable spacing, line-length
## }
## proc insert_ilas {clk_net_name} {
##     global project_root
##     # Get nets to debug
##     set debug_nets [lsort -dictionary [get_nets -hier -filter {MARK_DEBUG == 1}]]
##     # Create debug core only if there are probes
##     if { ![llength $debug_nets] } { return }
##     # Create and configure debug core
##     create_debug_core i_ila ila
##     set_property -dict [list \
##         ALL_PROBE_SAME_MU {true} ALL_PROBE_SAME_MU_CNT {4} C_ADV_TRIGGER {true} \
##         C_DATA_DEPTH {16384} C_EN_STRG_QUAL {true} C_INPUT_PIPE_STAGES {0} \
##         C_TRIGIN_EN {false} C_TRIGOUT_EN {false} \
##         ] [get_debug_cores i_ila]
##     # Connect SoC clock
##     set_property port_width 1 [get_debug_ports i_ila/clk]
##     connect_debug_port i_ila/clk [get_nets $clk_net_name]
##     # Loop through debug nets (add extra list element to ensure last net is processed)
##     set net_name_last ""
##     set i 0
##     foreach net [concat $debug_nets {""}] {
##         # Remove trailing array index
##         regsub {\[[0-9]*\]$} $net {} net_name
##         # Create probe after all signals with the same name have been collected
##         if { $net_name_last != $net_name } {
##             if { $net_name_last != "" } {
##                 puts "Creating probe $i of width [llength $sig_list] for `$net_name_last`."
##                 # probe0 already exists, and does not need to be created
##                 if { $i != 0 } { create_debug_port i_ila probe }
##                 set_property port_width [llength $sig_list] [get_debug_ports i_ila/probe$i]
##                 set_property PROBE_TYPE DATA_AND_TRIGGER [get_debug_ports i_ila/probe$i]
##                 connect_debug_port i_ila/probe$i [get_nets $sig_list]
##                 incr i
##             }
##             set sig_list ""
##         }
##         lappend sig_list $net
##         set net_name_last $net_name
##     }
##     # Save constraints, then implement the debug core
##     save_constraints -force
##     implement_debug_core
## }
# init_impl $xilinx_root $argc $argv
# switch $proj {
# 
#     clkwiz {
#         create_ip -name clk_wiz -vendor xilinx.com -library ip -version 6.0 -module_name $proj
#         switch $board {
#             genesys2 {
#                 set_property -dict [list \
#                     CONFIG.PRIM_SOURCE {No_buffer} \
#                     CONFIG.PRIM_IN_FREQ {200.000} \
#                     CONFIG.CLKOUT1_USED {true} \
#                     CONFIG.CLKOUT2_USED {true} \
#                     CONFIG.CLKOUT3_USED {true} \
#                     CONFIG.CLKOUT4_USED {true} \
#                     CONFIG.CLK_OUT1_PORT {clk_50} \
#                     CONFIG.CLK_OUT2_PORT {clk_48} \
#                     CONFIG.CLK_OUT3_PORT {clk_20} \
#                     CONFIG.CLK_OUT4_PORT {clk_10} \
#                     CONFIG.CLKOUT1_REQUESTED_OUT_FREQ {50.000} \
#                     CONFIG.CLKOUT2_REQUESTED_OUT_FREQ {48.000} \
#                     CONFIG.CLKOUT3_REQUESTED_OUT_FREQ {20.000} \
#                     CONFIG.CLKOUT4_REQUESTED_OUT_FREQ {10.000} \
#                     CONFIG.CLKIN1_JITTER_PS {50.0} \
#                     CONFIG.MMCM_CLKFBOUT_MULT_F {6.000} \
#                     CONFIG.MMCM_CLKIN1_PERIOD {5.000} \
#                     CONFIG.MMCM_CLKOUT1_DIVIDE {24} \
#                     CONFIG.MMCM_CLKOUT2_DIVIDE {25} \
#                     CONFIG.MMCM_CLKOUT3_DIVIDE {60} \
#                     CONFIG.MMCM_CLKOUT4_DIVIDE {120} \
#                     CONFIG.NUM_OUT_CLKS {4} \
#                     CONFIG.CLKOUT1_JITTER {112.316} \
#                     CONFIG.CLKOUT1_PHASE_ERROR {89.971} \
#                     CONFIG.CLKOUT2_JITTER {129.198} \
#                     CONFIG.CLKOUT2_PHASE_ERROR {89.971} \
#                     CONFIG.CLKOUT3_JITTER {155.330} \
#                     CONFIG.CLKOUT3_PHASE_ERROR {89.971} \
#                     CONFIG.CLKOUT4_JITTER {178.053} \
#                     CONFIG.CLKOUT4_PHASE_ERROR {89.971} \
#                     ] [get_ips $proj]
#             }
#             vcu128 {
#                 set_property -dict [list \
#                     CONFIG.CLK_IN1_BOARD_INTERFACE {Custom} \
#                     CONFIG.RESET_BOARD_INTERFACE {Custom} \
#                     CONFIG.USE_RESET {true} \
#                     CONFIG.PRIM_SOURCE {No_buffer} \
#                     CONFIG.PRIM_IN_FREQ {100.000} \
#                     CONFIG.CLKOUT1_USED {true} \
#                     CONFIG.CLKOUT2_USED {true} \
#                     CONFIG.CLKOUT3_USED {true} \
#                     CONFIG.CLKOUT4_USED {true} \
#                     CONFIG.CLK_OUT1_PORT {clk_50} \
#                     CONFIG.CLK_OUT2_PORT {clk_48} \
#                     CONFIG.CLK_OUT3_PORT {clk_20} \
#                     CONFIG.CLK_OUT4_PORT {clk_10} \
#                     CONFIG.CLKOUT1_REQUESTED_OUT_FREQ {50.000} \
#                     CONFIG.CLKOUT2_REQUESTED_OUT_FREQ {48.000} \
#                     CONFIG.CLKOUT3_REQUESTED_OUT_FREQ {20.000} \
#                     CONFIG.CLKOUT4_REQUESTED_OUT_FREQ {10.000} \
#                     CONFIG.MMCM_CLKFBOUT_MULT_F {12.000} \
#                     CONFIG.MMCM_CLKIN1_PERIOD {5.000} \
#                     CONFIG.MMCM_CLKOUT1_DIVIDE {24} \
#                     CONFIG.MMCM_CLKOUT2_DIVIDE {25} \
#                     CONFIG.MMCM_CLKOUT3_DIVIDE {60} \
#                     CONFIG.MMCM_CLKOUT4_DIVIDE {120} \
#                     CONFIG.NUM_OUT_CLKS {4} \
#                     CONFIG.CLKOUT1_JITTER {112.316} \
#                     CONFIG.CLKOUT1_PHASE_ERROR {89.971} \
#                     CONFIG.CLKOUT2_JITTER {129.198} \
#                     CONFIG.CLKOUT2_PHASE_ERROR {89.971} \
#                     CONFIG.CLKOUT3_JITTER {155.330} \
#                     CONFIG.CLKOUT3_PHASE_ERROR {89.971} \
#                     CONFIG.CLKOUT4_JITTER {178.053} \
#                     CONFIG.CLKOUT4_PHASE_ERROR {89.971} \
#                     ] [get_ips $proj]
#             }
#             vcu118 {
#                 set_property -dict [list \
#                     CONFIG.CLK_IN1_BOARD_INTERFACE {Custom} \
#                     CONFIG.RESET_BOARD_INTERFACE {Custom} \
#                     CONFIG.USE_RESET {true} \
#                     CONFIG.PRIM_SOURCE {No_buffer} \
#                     CONFIG.PRIM_IN_FREQ {250.000} \
#                     CONFIG.CLKOUT1_USED {true} \
#                     CONFIG.CLKOUT2_USED {true} \
#                     CONFIG.CLKOUT3_USED {true} \
#                     CONFIG.CLKOUT4_USED {true} \
#                     CONFIG.CLK_OUT1_PORT {clk_50} \
#                     CONFIG.CLK_OUT2_PORT {clk_48} \
#                     CONFIG.CLK_OUT3_PORT {clk_20} \
#                     CONFIG.CLK_OUT4_PORT {clk_10} \
#                     CONFIG.CLKOUT1_REQUESTED_OUT_FREQ {50.000} \
#                     CONFIG.CLKOUT2_REQUESTED_OUT_FREQ {48.000} \
#                     CONFIG.CLKOUT3_REQUESTED_OUT_FREQ {20.000} \
#                     CONFIG.CLKOUT4_REQUESTED_OUT_FREQ {10.000} \
#                     CONFIG.MMCM_CLKFBOUT_MULT_F {24.000} \
#                     CONFIG.MMCM_CLKIN1_PERIOD {4.000} \
#                     CONFIG.MMCM_CLKOUT0_DIVIDE_F {24.000} \
#                     CONFIG.MMCM_CLKOUT1_DIVIDE {25} \
#                     CONFIG.MMCM_CLKOUT2_DIVIDE {60} \
#                     CONFIG.MMCM_CLKOUT3_DIVIDE {120} \
#                     CONFIG.MMCM_CLKOUT4_DIVIDE {1} \
#                     CONFIG.NUM_OUT_CLKS {4} \
#                     CONFIG.CLKOUT1_JITTER {153.164} \
#                     CONFIG.CLKOUT1_PHASE_ERROR {154.678} \
#                     CONFIG.CLKOUT2_JITTER {154.376} \
#                     CONFIG.CLKOUT2_PHASE_ERROR {154.678} \
#                     CONFIG.CLKOUT3_JITTER {184.746} \
#                     CONFIG.CLKOUT3_PHASE_ERROR {154.678} \
#                     CONFIG.CLKOUT4_JITTER {213.887} \
#                     CONFIG.CLKOUT4_PHASE_ERROR {154.678} \
#                     ] [get_ips $proj]
#             }
#             default { nocfgexit $proj $board }
#         }
#     }
# 
#     vio {
#         create_ip -name vio -vendor xilinx.com -library ip -version 3.0 -module_name $proj
#         switch $board {
#             genesys2 {
#                 set_property -dict [list \
#                     CONFIG.C_NUM_PROBE_OUT {3} \
#                     CONFIG.C_PROBE_OUT0_INIT_VAL {0x0} \
#                     CONFIG.C_PROBE_OUT1_INIT_VAL {0x0} \
#                     CONFIG.C_PROBE_OUT2_INIT_VAL {0x0} \
#                     CONFIG.C_PROBE_OUT1_WIDTH {2} \
#                     CONFIG.C_EN_PROBE_IN_ACTIVITY {0} \
#                     CONFIG.C_NUM_PROBE_IN {0} \
#                     ] [get_ips $proj]
#             }
#             vcu118 {
#                 set_property -dict [list \
#                     CONFIG.C_NUM_PROBE_OUT {6} \
#                     CONFIG.C_PROBE_OUT0_INIT_VAL {0x0} \
#                     CONFIG.C_PROBE_OUT1_INIT_VAL {0x0} \
#                     CONFIG.C_PROBE_OUT2_INIT_VAL {0x0} \
#                     CONFIG.C_PROBE_OUT3_INIT_VAL {0x0} \
#                     CONFIG.C_PROBE_OUT4_INIT_VAL {0x0} \
#                     CONFIG.C_PROBE_OUT5_INIT_VAL {0x0} \
#                     CONFIG.C_PROBE_OUT1_WIDTH {2} \
#                     CONFIG.C_PROBE_OUT5_WIDTH {32} \
#                     CONFIG.C_EN_PROBE_IN_ACTIVITY {0} \
#                     CONFIG.C_NUM_PROBE_IN {0} \
#                     ] [get_ips $proj]
#             }
#             vcu128 {
#                 set_property -dict [list \
#                     CONFIG.C_NUM_PROBE_OUT {3} \
#                     CONFIG.C_PROBE_OUT0_INIT_VAL {0x0} \
#                     CONFIG.C_PROBE_OUT1_INIT_VAL {0x2} \
#                     CONFIG.C_PROBE_OUT2_INIT_VAL {0x1} \
#                     CONFIG.C_PROBE_OUT1_WIDTH {2} \
#                     CONFIG.C_EN_PROBE_IN_ACTIVITY {0} \
#                     CONFIG.C_NUM_PROBE_IN {0} \
#                     ] [get_ips $proj]
#             }
#             default { nocfgexit $proj $board }
#         }
#     }
# 
#     mig7s {
#         create_ip -name mig_7series -vendor xilinx.com -library ip -module_name $proj
#         # Inject existing project file
#         file copy ${xilinx_root}/src/ips/${board}.${proj}.prj \
#             ${project_root}/${proj}.srcs/sources_1/ip/${proj}/mig_a.prj
#         switch $board {
#             genesys2 {
#                 set_property -dict [list \
#                     CONFIG.XML_INPUT_FILE {mig_a.prj} \
#                     CONFIG.RESET_BOARD_INTERFACE {Custom} \
#                     CONFIG.MIG_DONT_TOUCH_PARAM {Custom} \
#                     CONFIG.BOARD_MIG_PARAM {Custom} \
#                     ] [get_ips $proj]
#             }
#             default { nocfgexit $proj $board }
#         }
#     }
# 
#     ddr4 {
#         create_ip -name ddr4 -vendor xilinx.com -library ip -version 2.2 -module_name $proj
#         switch $board {
#             vcu128 {
#                 set_property -dict [list \
#                     CONFIG.C0.DDR4_Clamshell {true} \
#                     CONFIG.C0_DDR4_BOARD_INTERFACE {ddr4_sdram} \
#                     CONFIG.System_Clock {No_Buffer} \
#                     CONFIG.Reference_Clock {No_Buffer} \
#                     CONFIG.C0.DDR4_InputClockPeriod {10000} \
#                     CONFIG.C0.DDR4_CLKOUT0_DIVIDE {3} \
#                     CONFIG.C0.DDR4_MemoryPart {MT40A512M16HA-075E} \
#                     CONFIG.C0.DDR4_DataWidth {72} \
#                     CONFIG.C0.DDR4_DataMask {NO_DM_NO_DBI} \
#                     CONFIG.C0.DDR4_Ecc {true} \
#                     CONFIG.C0.DDR4_AxiDataWidth {512} \
#                     CONFIG.C0.DDR4_AxiAddressWidth {32} \
#                     CONFIG.C0.DDR4_AxiIDWidth {8} \
#                     CONFIG.ADDN_UI_CLKOUT1_FREQ_HZ {100} \
#                     CONFIG.C0.BANK_GROUP_WIDTH {1} \
#                     CONFIG.C0.CS_WIDTH {2} \
#                     CONFIG.C0.DDR4_AxiSelection {true} \
#                     ] [get_ips $proj]
#             }
#             vcu118 {
#                 set_property -dict [list \
#                     CONFIG.System_Clock {No_Buffer} \
#                     CONFIG.Reference_Clock {No_Buffer} \
#                     CONFIG.C0_DDR4_BOARD_INTERFACE {ddr4_sdram_c1_062} \
#                     CONFIG.C0.DDR4_InputClockPeriod {4000} \
#                     CONFIG.C0.DDR4_CLKOUT0_DIVIDE {5} \
#                     CONFIG.C0.DDR4_MemoryPart {MT40A256M16LY-062E} \
#                     CONFIG.C0.DDR4_TimePeriod {833} \
#                     CONFIG.C0.DDR4_DataWidth {64} \
#                     CONFIG.C0.DDR4_DataMask {DM_NO_DBI} \
#                     CONFIG.C0.DDR4_MCS_ECC {false} \
#                     CONFIG.C0.DDR4_CasWriteLatency {12} \
#                     CONFIG.C0.DDR4_CasLatency {18} \
#                     CONFIG.C0.DDR4_AxiDataWidth {512} \
#                     CONFIG.C0.DDR4_AxiAddressWidth {31} \
#                     CONFIG.C0.DDR4_AxiIDWidth {8} \
#                     CONFIG.C0.BANK_GROUP_WIDTH {1} \
#                     CONFIG.C0.DDR4_AxiSelection {true} \
#                     ] [get_ips $proj]
#             }
#             default { nocfgexit $proj $board }
#         }
#     }
# 
# }
INFO: [IP_Flow 19-234] Refreshing IP repositories
INFO: [IP_Flow 19-1704] No user IP repositories specified
INFO: [IP_Flow 19-2313] Loaded Vivado IP repository '/usr/pack/vitis-2022.1-zr/Vivado/2022.1/data/ip'.
# set xci ${project_root}/${proj}.srcs/sources_1/ip/${proj}/${proj}.xci
# generate_target all [get_files $xci]
INFO: [IP_Flow 19-1686] Generating 'Instantiation Template' target for IP 'vio'...
INFO: [IP_Flow 19-1686] Generating 'Synthesis' target for IP 'vio'...
INFO: [IP_Flow 19-1686] Generating 'Simulation' target for IP 'vio'...
INFO: [IP_Flow 19-1686] Generating 'Change Log' target for IP 'vio'...
# create_ip_run [get_files -of_objects [get_fileset sources_1] $xci]
# launch_run -jobs $num_jobs ${proj}_synth_1
[Wed Mar 18 15:07:43 2026] Launched vio_synth_1...
Run output will be captured here: /scratch2/nsalamini/github_new_new/cheshire/target/xilinx/build/vcu118.vio/vio.runs/vio_synth_1/runme.log
# wait_on_run ${proj}_synth_1
[Wed Mar 18 15:07:43 2026] Waiting for vio_synth_1 to finish...

*** Running vivado
    with args -log vio.vds -m64 -product Vivado -mode batch -messageDb vivado.pb -notrace -source vio.tcl


****** Vivado v2022.1 (64-bit)
  **** SW Build 3526262 on Mon Apr 18 15:47:01 MDT 2022
  **** IP Build 3524634 on Mon Apr 18 20:55:01 MDT 2022
    ** Copyright 1986-2022 Xilinx, Inc. All Rights Reserved.

source vio.tcl -notrace
Command: synth_design -top vio -part xcvu9p-flga2104-2L-e -incremental_mode off -mode out_of_context
Starting synth_design
Attempting to get a license for feature 'Synthesis' and/or device 'xcvu9p'
INFO: [Common 17-349] Got license for feature 'Synthesis' and/or device 'xcvu9p'
INFO: [Device 21-403] Loading part xcvu9p-flga2104-2L-e
INFO: [Synth 8-7079] Multithreading enabled for synth_design using a maximum of 4 processes.
INFO: [Synth 8-7078] Launching helper process for spawning children vivado processes
INFO: [Synth 8-7075] Helper process launched with PID 1690165
WARNING: [Synth 8-9187] begin/end is required for generate-for in this mode of verilog [/scratch2/nsalamini/github_new_new/cheshire/target/xilinx/build/vcu118.vio/vio.gen/sources_1/ip/vio/hdl/vio_v3_0_syn_rfs.v:1365]
---------------------------------------------------------------------------------
Starting RTL Elaboration : Time (s): cpu = 00:00:04 ; elapsed = 00:00:04 . Memory (MB): peak = 3601.723 ; gain = 345.797 ; free physical = 86067 ; free virtual = 542276
---------------------------------------------------------------------------------
INFO: [Synth 8-6157] synthesizing module 'vio' [/scratch2/nsalamini/github_new_new/cheshire/target/xilinx/build/vcu118.vio/vio.gen/sources_1/ip/vio/synth/vio.v:49]
INFO: [Synth 8-6155] done synthesizing module 'vio' (0#1) [/scratch2/nsalamini/github_new_new/cheshire/target/xilinx/build/vcu118.vio/vio.gen/sources_1/ip/vio/synth/vio.v:49]
WARNING: [Synth 8-3848] Net sl_iport0 in module/entity vio does not have driver. [/scratch2/nsalamini/github_new_new/cheshire/target/xilinx/build/vcu118.vio/vio.gen/sources_1/ip/vio/synth/vio.v:81]
WARNING: [Synth 8-7129] Port Bus_rst in module vio_v3_0_22_probe_out_one__parameterized1 is either unconnected or has no load
WARNING: [Synth 8-7129] Port Bus_rst in module vio_v3_0_22_probe_out_one is either unconnected or has no load
WARNING: [Synth 8-7129] Port Read in module vio_v3_0_22_probe_out_one is either unconnected or has no load
WARNING: [Synth 8-7129] Port Bus_Data_in[15] in module vio_v3_0_22_probe_out_one is either unconnected or has no load
WARNING: [Synth 8-7129] Port Bus_Data_in[14] in module vio_v3_0_22_probe_out_one is either unconnected or has no load
WARNING: [Synth 8-7129] Port Bus_Data_in[13] in module vio_v3_0_22_probe_out_one is either unconnected or has no load
WARNING: [Synth 8-7129] Port Bus_Data_in[12] in module vio_v3_0_22_probe_out_one is either unconnected or has no load
WARNING: [Synth 8-7129] Port Bus_Data_in[11] in module vio_v3_0_22_probe_out_one is either unconnected or has no load
WARNING: [Synth 8-7129] Port Bus_Data_in[10] in module vio_v3_0_22_probe_out_one is either unconnected or has no load
WARNING: [Synth 8-7129] Port Bus_Data_in[9] in module vio_v3_0_22_probe_out_one is either unconnected or has no load
WARNING: [Synth 8-7129] Port Bus_Data_in[8] in module vio_v3_0_22_probe_out_one is either unconnected or has no load
WARNING: [Synth 8-7129] Port Bus_Data_in[7] in module vio_v3_0_22_probe_out_one is either unconnected or has no load
WARNING: [Synth 8-7129] Port Bus_Data_in[6] in module vio_v3_0_22_probe_out_one is either unconnected or has no load
WARNING: [Synth 8-7129] Port Bus_Data_in[5] in module vio_v3_0_22_probe_out_one is either unconnected or has no load
WARNING: [Synth 8-7129] Port Bus_Data_in[4] in module vio_v3_0_22_probe_out_one is either unconnected or has no load
WARNING: [Synth 8-7129] Port Bus_Data_in[3] in module vio_v3_0_22_probe_out_one is either unconnected or has no load
WARNING: [Synth 8-7129] Port Bus_Data_in[2] in module vio_v3_0_22_probe_out_one is either unconnected or has no load
WARNING: [Synth 8-7129] Port Bus_Data_in[1] in module vio_v3_0_22_probe_out_one is either unconnected or has no load
WARNING: [Synth 8-7129] Port Internal_cnt_rst in module vio_v3_0_22_probe_out_one is either unconnected or has no load
WARNING: [Synth 8-7129] Port Bus_rst in module vio_v3_0_22_probe_out_one__parameterized0 is either unconnected or has no load
WARNING: [Synth 8-7129] Port Read in module vio_v3_0_22_probe_out_one__parameterized0 is either unconnected or has no load
WARNING: [Synth 8-7129] Port Bus_Data_in[15] in module vio_v3_0_22_probe_out_one__parameterized0 is either unconnected or has no load
WARNING: [Synth 8-7129] Port Bus_Data_in[14] in module vio_v3_0_22_probe_out_one__parameterized0 is either unconnected or has no load
WARNING: [Synth 8-7129] Port Bus_Data_in[13] in module vio_v3_0_22_probe_out_one__parameterized0 is either unconnected or has no load
WARNING: [Synth 8-7129] Port Bus_Data_in[12] in module vio_v3_0_22_probe_out_one__parameterized0 is either unconnected or has no load
WARNING: [Synth 8-7129] Port Bus_Data_in[11] in module vio_v3_0_22_probe_out_one__parameterized0 is either unconnected or has no load
WARNING: [Synth 8-7129] Port Bus_Data_in[10] in module vio_v3_0_22_probe_out_one__parameterized0 is either unconnected or has no load
WARNING: [Synth 8-7129] Port Bus_Data_in[9] in module vio_v3_0_22_probe_out_one__parameterized0 is either unconnected or has no load
WARNING: [Synth 8-7129] Port Bus_Data_in[8] in module vio_v3_0_22_probe_out_one__parameterized0 is either unconnected or has no load
WARNING: [Synth 8-7129] Port Bus_Data_in[7] in module vio_v3_0_22_probe_out_one__parameterized0 is either unconnected or has no load
WARNING: [Synth 8-7129] Port Bus_Data_in[6] in module vio_v3_0_22_probe_out_one__parameterized0 is either unconnected or has no load
WARNING: [Synth 8-7129] Port Bus_Data_in[5] in module vio_v3_0_22_probe_out_one__parameterized0 is either unconnected or has no load
WARNING: [Synth 8-7129] Port Bus_Data_in[4] in module vio_v3_0_22_probe_out_one__parameterized0 is either unconnected or has no load
WARNING: [Synth 8-7129] Port Bus_Data_in[3] in module vio_v3_0_22_probe_out_one__parameterized0 is either unconnected or has no load
WARNING: [Synth 8-7129] Port Bus_Data_in[2] in module vio_v3_0_22_probe_out_one__parameterized0 is either unconnected or has no load
WARNING: [Synth 8-7129] Port Internal_cnt_rst in module vio_v3_0_22_probe_out_one__parameterized0 is either unconnected or has no load
WARNING: [Synth 8-7129] Port probe_in0[0] in module vio_v3_0_22_vio is either unconnected or has no load
WARNING: [Synth 8-7129] Port probe_in1[0] in module vio_v3_0_22_vio is either unconnected or has no load
WARNING: [Synth 8-7129] Port probe_in2[0] in module vio_v3_0_22_vio is either unconnected or has no load
WARNING: [Synth 8-7129] Port probe_in3[0] in module vio_v3_0_22_vio is either unconnected or has no load
WARNING: [Synth 8-7129] Port probe_in4[0] in module vio_v3_0_22_vio is either unconnected or has no load
WARNING: [Synth 8-7129] Port probe_in5[0] in module vio_v3_0_22_vio is either unconnected or has no load
WARNING: [Synth 8-7129] Port probe_in6[0] in module vio_v3_0_22_vio is either unconnected or has no load
WARNING: [Synth 8-7129] Port probe_in7[0] in module vio_v3_0_22_vio is either unconnected or has no load
WARNING: [Synth 8-7129] Port probe_in8[0] in module vio_v3_0_22_vio is either unconnected or has no load
WARNING: [Synth 8-7129] Port probe_in9[0] in module vio_v3_0_22_vio is either unconnected or has no load
WARNING: [Synth 8-7129] Port probe_in10[0] in module vio_v3_0_22_vio is either unconnected or has no load
WARNING: [Synth 8-7129] Port probe_in11[0] in module vio_v3_0_22_vio is either unconnected or has no load
WARNING: [Synth 8-7129] Port probe_in12[0] in module vio_v3_0_22_vio is either unconnected or has no load
WARNING: [Synth 8-7129] Port probe_in13[0] in module vio_v3_0_22_vio is either unconnected or has no load
WARNING: [Synth 8-7129] Port probe_in14[0] in module vio_v3_0_22_vio is either unconnected or has no load
WARNING: [Synth 8-7129] Port probe_in15[0] in module vio_v3_0_22_vio is either unconnected or has no load
WARNING: [Synth 8-7129] Port probe_in16[0] in module vio_v3_0_22_vio is either unconnected or has no load
WARNING: [Synth 8-7129] Port probe_in17[0] in module vio_v3_0_22_vio is either unconnected or has no load
WARNING: [Synth 8-7129] Port probe_in18[0] in module vio_v3_0_22_vio is either unconnected or has no load
WARNING: [Synth 8-7129] Port probe_in19[0] in module vio_v3_0_22_vio is either unconnected or has no load
WARNING: [Synth 8-7129] Port probe_in20[0] in module vio_v3_0_22_vio is either unconnected or has no load
WARNING: [Synth 8-7129] Port probe_in21[0] in module vio_v3_0_22_vio is either unconnected or has no load
WARNING: [Synth 8-7129] Port probe_in22[0] in module vio_v3_0_22_vio is either unconnected or has no load
WARNING: [Synth 8-7129] Port probe_in23[0] in module vio_v3_0_22_vio is either unconnected or has no load
WARNING: [Synth 8-7129] Port probe_in24[0] in module vio_v3_0_22_vio is either unconnected or has no load
WARNING: [Synth 8-7129] Port probe_in25[0] in module vio_v3_0_22_vio is either unconnected or has no load
WARNING: [Synth 8-7129] Port probe_in26[0] in module vio_v3_0_22_vio is either unconnected or has no load
WARNING: [Synth 8-7129] Port probe_in27[0] in module vio_v3_0_22_vio is either unconnected or has no load
WARNING: [Synth 8-7129] Port probe_in28[0] in module vio_v3_0_22_vio is either unconnected or has no load
WARNING: [Synth 8-7129] Port probe_in29[0] in module vio_v3_0_22_vio is either unconnected or has no load
WARNING: [Synth 8-7129] Port probe_in30[0] in module vio_v3_0_22_vio is either unconnected or has no load
WARNING: [Synth 8-7129] Port probe_in31[0] in module vio_v3_0_22_vio is either unconnected or has no load
WARNING: [Synth 8-7129] Port probe_in32[0] in module vio_v3_0_22_vio is either unconnected or has no load
WARNING: [Synth 8-7129] Port probe_in33[0] in module vio_v3_0_22_vio is either unconnected or has no load
WARNING: [Synth 8-7129] Port probe_in34[0] in module vio_v3_0_22_vio is either unconnected or has no load
WARNING: [Synth 8-7129] Port probe_in35[0] in module vio_v3_0_22_vio is either unconnected or has no load
WARNING: [Synth 8-7129] Port probe_in36[0] in module vio_v3_0_22_vio is either unconnected or has no load
WARNING: [Synth 8-7129] Port probe_in37[0] in module vio_v3_0_22_vio is either unconnected or has no load
WARNING: [Synth 8-7129] Port probe_in38[0] in module vio_v3_0_22_vio is either unconnected or has no load
WARNING: [Synth 8-7129] Port probe_in39[0] in module vio_v3_0_22_vio is either unconnected or has no load
WARNING: [Synth 8-7129] Port probe_in40[0] in module vio_v3_0_22_vio is either unconnected or has no load
WARNING: [Synth 8-7129] Port probe_in41[0] in module vio_v3_0_22_vio is either unconnected or has no load
WARNING: [Synth 8-7129] Port probe_in42[0] in module vio_v3_0_22_vio is either unconnected or has no load
WARNING: [Synth 8-7129] Port probe_in43[0] in module vio_v3_0_22_vio is either unconnected or has no load
WARNING: [Synth 8-7129] Port probe_in44[0] in module vio_v3_0_22_vio is either unconnected or has no load
WARNING: [Synth 8-7129] Port probe_in45[0] in module vio_v3_0_22_vio is either unconnected or has no load
WARNING: [Synth 8-7129] Port probe_in46[0] in module vio_v3_0_22_vio is either unconnected or has no load
WARNING: [Synth 8-7129] Port probe_in47[0] in module vio_v3_0_22_vio is either unconnected or has no load
WARNING: [Synth 8-7129] Port probe_in48[0] in module vio_v3_0_22_vio is either unconnected or has no load
WARNING: [Synth 8-7129] Port probe_in49[0] in module vio_v3_0_22_vio is either unconnected or has no load
WARNING: [Synth 8-7129] Port probe_in50[0] in module vio_v3_0_22_vio is either unconnected or has no load
WARNING: [Synth 8-7129] Port probe_in51[0] in module vio_v3_0_22_vio is either unconnected or has no load
WARNING: [Synth 8-7129] Port probe_in52[0] in module vio_v3_0_22_vio is either unconnected or has no load
WARNING: [Synth 8-7129] Port probe_in53[0] in module vio_v3_0_22_vio is either unconnected or has no load
WARNING: [Synth 8-7129] Port probe_in54[0] in module vio_v3_0_22_vio is either unconnected or has no load
WARNING: [Synth 8-7129] Port probe_in55[0] in module vio_v3_0_22_vio is either unconnected or has no load
WARNING: [Synth 8-7129] Port probe_in56[0] in module vio_v3_0_22_vio is either unconnected or has no load
WARNING: [Synth 8-7129] Port probe_in57[0] in module vio_v3_0_22_vio is either unconnected or has no load
WARNING: [Synth 8-7129] Port probe_in58[0] in module vio_v3_0_22_vio is either unconnected or has no load
WARNING: [Synth 8-7129] Port probe_in59[0] in module vio_v3_0_22_vio is either unconnected or has no load
WARNING: [Synth 8-7129] Port probe_in60[0] in module vio_v3_0_22_vio is either unconnected or has no load
WARNING: [Synth 8-7129] Port probe_in61[0] in module vio_v3_0_22_vio is either unconnected or has no load
WARNING: [Synth 8-7129] Port probe_in62[0] in module vio_v3_0_22_vio is either unconnected or has no load
WARNING: [Synth 8-7129] Port probe_in63[0] in module vio_v3_0_22_vio is either unconnected or has no load
INFO: [Common 17-14] Message 'Synth 8-7129' appears 100 times and further instances of the messages will be disabled. Use the Tcl command set_msg_config to change the current settings.
---------------------------------------------------------------------------------
Finished RTL Elaboration : Time (s): cpu = 00:00:06 ; elapsed = 00:00:06 . Memory (MB): peak = 3671.660 ; gain = 415.734 ; free physical = 87170 ; free virtual = 543380
---------------------------------------------------------------------------------
---------------------------------------------------------------------------------
Start Handling Custom Attributes
---------------------------------------------------------------------------------
---------------------------------------------------------------------------------
Finished Handling Custom Attributes : Time (s): cpu = 00:00:06 ; elapsed = 00:00:06 . Memory (MB): peak = 3689.473 ; gain = 433.547 ; free physical = 87170 ; free virtual = 543381
---------------------------------------------------------------------------------
---------------------------------------------------------------------------------
Finished RTL Optimization Phase 1 : Time (s): cpu = 00:00:06 ; elapsed = 00:00:06 . Memory (MB): peak = 3689.473 ; gain = 433.547 ; free physical = 87170 ; free virtual = 543381
---------------------------------------------------------------------------------
Netlist sorting complete. Time (s): cpu = 00:00:00.01 ; elapsed = 00:00:00.01 . Memory (MB): peak = 3689.473 ; gain = 0.000 ; free physical = 87163 ; free virtual = 543374
INFO: [Project 1-570] Preparing netlist for logic optimization

Processing XDC Constraints
Initializing timing engine
Parsing XDC File [/scratch2/nsalamini/github_new_new/cheshire/target/xilinx/build/vcu118.vio/vio.gen/sources_1/ip/vio/vio_ooc.xdc]
Finished Parsing XDC File [/scratch2/nsalamini/github_new_new/cheshire/target/xilinx/build/vcu118.vio/vio.gen/sources_1/ip/vio/vio_ooc.xdc]
Parsing XDC File [/scratch2/nsalamini/github_new_new/cheshire/target/xilinx/build/vcu118.vio/vio.gen/sources_1/ip/vio/vio.xdc]
Finished Parsing XDC File [/scratch2/nsalamini/github_new_new/cheshire/target/xilinx/build/vcu118.vio/vio.gen/sources_1/ip/vio/vio.xdc]
Completed Processing XDC Constraints

Netlist sorting complete. Time (s): cpu = 00:00:00 ; elapsed = 00:00:00 . Memory (MB): peak = 3867.066 ; gain = 0.000 ; free physical = 87055 ; free virtual = 543267
INFO: [Project 1-111] Unisim Transformation Summary:
No Unisim elements were transformed.

Constraint Validation Runtime : Time (s): cpu = 00:00:00.03 ; elapsed = 00:00:00.02 . Memory (MB): peak = 3867.066 ; gain = 0.000 ; free physical = 87054 ; free virtual = 543266
INFO: [Designutils 20-5008] Incremental synthesis strategy off
---------------------------------------------------------------------------------
Finished Constraint Validation : Time (s): cpu = 00:00:16 ; elapsed = 00:00:17 . Memory (MB): peak = 3867.066 ; gain = 611.141 ; free physical = 87150 ; free virtual = 543362
---------------------------------------------------------------------------------
---------------------------------------------------------------------------------
Start Loading Part and Timing Information
---------------------------------------------------------------------------------
Loading part: xcvu9p-flga2104-2L-e
INFO: [Synth 8-6742] Reading net delay rules and data
---------------------------------------------------------------------------------
Finished Loading Part and Timing Information : Time (s): cpu = 00:00:16 ; elapsed = 00:00:17 . Memory (MB): peak = 3867.066 ; gain = 611.141 ; free physical = 87150 ; free virtual = 543362
---------------------------------------------------------------------------------
---------------------------------------------------------------------------------
Start Applying 'set_property' XDC Constraints
---------------------------------------------------------------------------------
---------------------------------------------------------------------------------
Finished applying 'set_property' XDC Constraints : Time (s): cpu = 00:00:16 ; elapsed = 00:00:17 . Memory (MB): peak = 3867.066 ; gain = 611.141 ; free physical = 87149 ; free virtual = 543362
---------------------------------------------------------------------------------
---------------------------------------------------------------------------------
Finished RTL Optimization Phase 2 : Time (s): cpu = 00:00:16 ; elapsed = 00:00:17 . Memory (MB): peak = 3867.066 ; gain = 611.141 ; free physical = 87141 ; free virtual = 543354
---------------------------------------------------------------------------------
---------------------------------------------------------------------------------
Start RTL Component Statistics 
---------------------------------------------------------------------------------
Detailed RTL Component Info : 
+---Adders : 
	   2 Input    2 Bit       Adders := 2     
+---Registers : 
	              128 Bit    Registers := 1     
	               32 Bit    Registers := 1     
	               16 Bit    Registers := 14    
	               13 Bit    Registers := 1     
	                7 Bit    Registers := 1     
	                5 Bit    Registers := 1     
	                3 Bit    Registers := 3     
	                2 Bit    Registers := 3     
	                1 Bit    Registers := 22    
+---Muxes : 
	   2 Input   16 Bit        Muxes := 3     
	   3 Input   13 Bit        Muxes := 1     
	   2 Input    1 Bit        Muxes := 11    
---------------------------------------------------------------------------------
Finished RTL Component Statistics 
---------------------------------------------------------------------------------
---------------------------------------------------------------------------------
Start Part Resource Summary
---------------------------------------------------------------------------------
Part Resources:
DSPs: 6840 (col length:120)
BRAMs: 4320 (col length: RAMB18 360 RAMB36 180)
---------------------------------------------------------------------------------
Finished Part Resource Summary
---------------------------------------------------------------------------------
---------------------------------------------------------------------------------
Start Cross Boundary and Area Optimization
---------------------------------------------------------------------------------
WARNING: [Synth 8-7080] Parallel synthesis criteria is not met
---------------------------------------------------------------------------------
Finished Cross Boundary and Area Optimization : Time (s): cpu = 00:00:18 ; elapsed = 00:00:19 . Memory (MB): peak = 3867.066 ; gain = 611.141 ; free physical = 87124 ; free virtual = 543342
---------------------------------------------------------------------------------
---------------------------------------------------------------------------------
Start Applying XDC Timing Constraints
---------------------------------------------------------------------------------
---------------------------------------------------------------------------------
Finished Applying XDC Timing Constraints : Time (s): cpu = 00:00:26 ; elapsed = 00:00:29 . Memory (MB): peak = 4042.520 ; gain = 786.594 ; free physical = 86670 ; free virtual = 542890
---------------------------------------------------------------------------------
---------------------------------------------------------------------------------
Start Timing Optimization
---------------------------------------------------------------------------------
---------------------------------------------------------------------------------
Finished Timing Optimization : Time (s): cpu = 00:00:26 ; elapsed = 00:00:29 . Memory (MB): peak = 4042.520 ; gain = 786.594 ; free physical = 86670 ; free virtual = 542890
---------------------------------------------------------------------------------
---------------------------------------------------------------------------------
Start Technology Mapping
---------------------------------------------------------------------------------
---------------------------------------------------------------------------------
Finished Technology Mapping : Time (s): cpu = 00:00:26 ; elapsed = 00:00:29 . Memory (MB): peak = 4071.566 ; gain = 815.641 ; free physical = 86668 ; free virtual = 542888
---------------------------------------------------------------------------------
---------------------------------------------------------------------------------
Start IO Insertion
---------------------------------------------------------------------------------
---------------------------------------------------------------------------------
Start Flattening Before IO Insertion
---------------------------------------------------------------------------------
---------------------------------------------------------------------------------
Finished Flattening Before IO Insertion
---------------------------------------------------------------------------------
---------------------------------------------------------------------------------
Start Final Netlist Cleanup
---------------------------------------------------------------------------------
---------------------------------------------------------------------------------
Finished Final Netlist Cleanup
---------------------------------------------------------------------------------
WARNING: [Synth 8-3295] tying undriven pin inst:sl_iport0[36] to constant 0
WARNING: [Synth 8-3295] tying undriven pin inst:sl_iport0[35] to constant 0
WARNING: [Synth 8-3295] tying undriven pin inst:sl_iport0[34] to constant 0
WARNING: [Synth 8-3295] tying undriven pin inst:sl_iport0[33] to constant 0
WARNING: [Synth 8-3295] tying undriven pin inst:sl_iport0[32] to constant 0
WARNING: [Synth 8-3295] tying undriven pin inst:sl_iport0[31] to constant 0
WARNING: [Synth 8-3295] tying undriven pin inst:sl_iport0[30] to constant 0
WARNING: [Synth 8-3295] tying undriven pin inst:sl_iport0[29] to constant 0
WARNING: [Synth 8-3295] tying undriven pin inst:sl_iport0[28] to constant 0
WARNING: [Synth 8-3295] tying undriven pin inst:sl_iport0[27] to constant 0
WARNING: [Synth 8-3295] tying undriven pin inst:sl_iport0[26] to constant 0
WARNING: [Synth 8-3295] tying undriven pin inst:sl_iport0[25] to constant 0
WARNING: [Synth 8-3295] tying undriven pin inst:sl_iport0[24] to constant 0
WARNING: [Synth 8-3295] tying undriven pin inst:sl_iport0[23] to constant 0
WARNING: [Synth 8-3295] tying undriven pin inst:sl_iport0[22] to constant 0
WARNING: [Synth 8-3295] tying undriven pin inst:sl_iport0[21] to constant 0
WARNING: [Synth 8-3295] tying undriven pin inst:sl_iport0[20] to constant 0
WARNING: [Synth 8-3295] tying undriven pin inst:sl_iport0[19] to constant 0
WARNING: [Synth 8-3295] tying undriven pin inst:sl_iport0[18] to constant 0
WARNING: [Synth 8-3295] tying undriven pin inst:sl_iport0[17] to constant 0
WARNING: [Synth 8-3295] tying undriven pin inst:sl_iport0[16] to constant 0
WARNING: [Synth 8-3295] tying undriven pin inst:sl_iport0[15] to constant 0
WARNING: [Synth 8-3295] tying undriven pin inst:sl_iport0[14] to constant 0
WARNING: [Synth 8-3295] tying undriven pin inst:sl_iport0[13] to constant 0
WARNING: [Synth 8-3295] tying undriven pin inst:sl_iport0[12] to constant 0
WARNING: [Synth 8-3295] tying undriven pin inst:sl_iport0[11] to constant 0
WARNING: [Synth 8-3295] tying undriven pin inst:sl_iport0[10] to constant 0
WARNING: [Synth 8-3295] tying undriven pin inst:sl_iport0[9] to constant 0
WARNING: [Synth 8-3295] tying undriven pin inst:sl_iport0[8] to constant 0
WARNING: [Synth 8-3295] tying undriven pin inst:sl_iport0[7] to constant 0
WARNING: [Synth 8-3295] tying undriven pin inst:sl_iport0[6] to constant 0
WARNING: [Synth 8-3295] tying undriven pin inst:sl_iport0[5] to constant 0
WARNING: [Synth 8-3295] tying undriven pin inst:sl_iport0[4] to constant 0
WARNING: [Synth 8-3295] tying undriven pin inst:sl_iport0[3] to constant 0
WARNING: [Synth 8-3295] tying undriven pin inst:sl_iport0[2] to constant 0
WARNING: [Synth 8-3295] tying undriven pin inst:sl_iport0[1] to constant 0
WARNING: [Synth 8-3295] tying undriven pin inst:sl_iport0[0] to constant 0
---------------------------------------------------------------------------------
Finished IO Insertion : Time (s): cpu = 00:00:30 ; elapsed = 00:00:33 . Memory (MB): peak = 4071.566 ; gain = 815.641 ; free physical = 86680 ; free virtual = 542901
---------------------------------------------------------------------------------
---------------------------------------------------------------------------------
Start Renaming Generated Instances
---------------------------------------------------------------------------------
---------------------------------------------------------------------------------
Finished Renaming Generated Instances : Time (s): cpu = 00:00:30 ; elapsed = 00:00:33 . Memory (MB): peak = 4071.566 ; gain = 815.641 ; free physical = 86680 ; free virtual = 542901
---------------------------------------------------------------------------------
---------------------------------------------------------------------------------
Start Rebuilding User Hierarchy
---------------------------------------------------------------------------------
---------------------------------------------------------------------------------
Finished Rebuilding User Hierarchy : Time (s): cpu = 00:00:30 ; elapsed = 00:00:33 . Memory (MB): peak = 4071.566 ; gain = 815.641 ; free physical = 86680 ; free virtual = 542901
---------------------------------------------------------------------------------
---------------------------------------------------------------------------------
Start Renaming Generated Ports
---------------------------------------------------------------------------------
---------------------------------------------------------------------------------
Finished Renaming Generated Ports : Time (s): cpu = 00:00:30 ; elapsed = 00:00:33 . Memory (MB): peak = 4071.566 ; gain = 815.641 ; free physical = 86680 ; free virtual = 542901
---------------------------------------------------------------------------------
---------------------------------------------------------------------------------
Start Handling Custom Attributes
---------------------------------------------------------------------------------
---------------------------------------------------------------------------------
Finished Handling Custom Attributes : Time (s): cpu = 00:00:30 ; elapsed = 00:00:33 . Memory (MB): peak = 4071.566 ; gain = 815.641 ; free physical = 86680 ; free virtual = 542901
---------------------------------------------------------------------------------
---------------------------------------------------------------------------------
Start Renaming Generated Nets
---------------------------------------------------------------------------------
---------------------------------------------------------------------------------
Finished Renaming Generated Nets : Time (s): cpu = 00:00:30 ; elapsed = 00:00:33 . Memory (MB): peak = 4071.566 ; gain = 815.641 ; free physical = 86680 ; free virtual = 542901
---------------------------------------------------------------------------------
---------------------------------------------------------------------------------
Start Writing Synthesis Report
---------------------------------------------------------------------------------

Report BlackBoxes: 
+-+--------------+----------+
| |BlackBox name |Instances |
+-+--------------+----------+
+-+--------------+----------+

Report Cell Usage: 
+------+-----+------+
|      |Cell |Count |
+------+-----+------+
|1     |LUT1 |     3|
|2     |LUT2 |    21|
|3     |LUT3 |    47|
|4     |LUT4 |     8|
|5     |LUT5 |    23|
|6     |LUT6 |    81|
|7     |FDRE |   348|
+------+-----+------+
---------------------------------------------------------------------------------
Finished Writing Synthesis Report : Time (s): cpu = 00:00:30 ; elapsed = 00:00:33 . Memory (MB): peak = 4071.566 ; gain = 815.641 ; free physical = 86680 ; free virtual = 542901
---------------------------------------------------------------------------------
Synthesis finished with 0 errors, 0 critical warnings and 294 warnings.
Synthesis Optimization Runtime : Time (s): cpu = 00:00:24 ; elapsed = 00:00:27 . Memory (MB): peak = 4071.566 ; gain = 638.047 ; free physical = 86706 ; free virtual = 542927
Synthesis Optimization Complete : Time (s): cpu = 00:00:30 ; elapsed = 00:00:33 . Memory (MB): peak = 4071.574 ; gain = 815.641 ; free physical = 86709 ; free virtual = 542930
INFO: [Project 1-571] Translating synthesized netlist
Netlist sorting complete. Time (s): cpu = 00:00:00.01 ; elapsed = 00:00:00.01 . Memory (MB): peak = 4085.504 ; gain = 0.000 ; free physical = 86802 ; free virtual = 543023
INFO: [Project 1-570] Preparing netlist for logic optimization
INFO: [Opt 31-138] Pushed 0 inverter(s) to 0 load pin(s).
Netlist sorting complete. Time (s): cpu = 00:00:00 ; elapsed = 00:00:00.01 . Memory (MB): peak = 4179.113 ; gain = 0.000 ; free physical = 86691 ; free virtual = 542912
INFO: [Project 1-111] Unisim Transformation Summary:
No Unisim elements were transformed.

Synth Design complete, checksum: be6f25a7
INFO: [Common 17-83] Releasing license: Synthesis
17 Infos, 140 Warnings, 0 Critical Warnings and 0 Errors encountered.
synth_design completed successfully
synth_design: Time (s): cpu = 00:00:43 ; elapsed = 00:00:43 . Memory (MB): peak = 4179.113 ; gain = 1054.180 ; free physical = 86911 ; free virtual = 543133
INFO: [Common 17-1381] The checkpoint '/scratch2/nsalamini/github_new_new/cheshire/target/xilinx/build/vcu118.vio/vio.runs/vio_synth_1/vio.dcp' has been generated.
INFO: [Coretcl 2-1648] Added synthesis output to IP cache for IP vio, cache-ID = 64fdbd1e8791ad02
INFO: [Common 17-1381] The checkpoint '/scratch2/nsalamini/github_new_new/cheshire/target/xilinx/build/vcu118.vio/vio.runs/vio_synth_1/vio.dcp' has been generated.
INFO: [runtcl-4] Executing : report_utilization -file vio_utilization_synth.rpt -pb vio_utilization_synth.pb
INFO: [Common 17-206] Exiting Vivado at Wed Mar 18 15:08:42 2026...
[Wed Mar 18 15:08:53 2026] vio_synth_1 finished
wait_on_runs: Time (s): cpu = 00:00:58 ; elapsed = 00:01:10 . Memory (MB): peak = 3149.355 ; gain = 0.000 ; free physical = 89176 ; free virtual = 545396
# file delete -force ${project_root}/out.xci
# file link -symbolic ${project_root}/out.xci $xci
INFO: [Common 17-206] Exiting Vivado at Wed Mar 18 15:08:53 2026...
mkdir -p /scratch2/nsalamini/github_new_new/cheshire/target/xilinx/build/vcu118.ddr4/
cd /scratch2/nsalamini/github_new_new/cheshire/target/xilinx/build/vcu118.ddr4/ && vitis-2022.1 vivado -mode batch -log ../vcu118.ddr4.log -jou ../vcu118.ddr4.jou -source /scratch2/nsalamini/github_new_new/cheshire/target/xilinx/scripts/impl_ip.tcl -tclargs vcu118 ddr4
Detected setup: [rhel8.8i]

****** Vivado v2022.1 (64-bit)
  **** SW Build 3526262 on Mon Apr 18 15:47:01 MDT 2022
  **** IP Build 3524634 on Mon Apr 18 20:55:01 MDT 2022
    ** Copyright 1986-2022 Xilinx, Inc. All Rights Reserved.

source /scratch2/nsalamini/github_new_new/cheshire/target/xilinx/scripts/impl_ip.tcl
# set xilinx_root [file dirname [file dirname [file normalize [info script]]]]
# source ${xilinx_root}/scripts/common.tcl
## set bpart(genesys2) "digilentinc.com:genesys2:part0:1.1"
## set fpart(genesys2) "xc7k325tffg900-2"
## set hwdev(genesys2) "xc7k325t_0"
## set cfgmp(genesys2) "s25fl256sxxxxxx0-spi-x1_x2_x4"
## set bpart(vcu128) "xilinx.com:vcu128:part0:1.0"
## set fpart(vcu128) "xcvu37p-fsvh2892-2L-e"
## set hwdev(vcu128) "xcvu37p_0"
## set cfgmp(vcu128) "mt25qu02g-spi-x1_x2_x4"
## set bpart(vcu118) "xilinx.com:vcu118:part0:2.4"
## set fpart(vcu118) "xcvu9p-flga2104-2L-e"
## set hwdev(vcu118) "xcvu9p_0"
## set cfgmp(vcu118) "mt25qu01g-spi-x1_x2_x4"
## proc init_impl {xilinx_root argc argv} {
##     global fpart
##     global bpart
##     # We declare these variables into the global context
##     global num_threads
##     global num_jobs
##     global project_root
##     global board
##     global proj
##     # Check argument count
##     if { $argc < 2 } {
##         puts "Error: Insufficient implementation arguments (${argc}): ${argv}."
##         return -code error
##     }
##     # Configure parallelism
##     set num_threads 8
##     set num_jobs 8
##     # Get arguments
##     set board [lindex $argv 0]
##     set proj [lindex $argv 1]
##     # Set up multithreading
##     set_param general.maxThreads $num_threads
##     # Remove prior build
##     set project_root ${xilinx_root}/build/${board}.${proj}
##     file delete -force [glob -nocomplain ${project_root}/*]
##     # Create project
##     create_project $proj $project_root -force -part $fpart($board)
##     set_property board_part $bpart($board) [current_project]
## }
## proc open_target {xilinx_root argc argv suffix} {
##     global hwdev
##     # We declare these variables into the global context
##     global project_root
##     global board
##     global hw_tgt
##     global hw_device
##     # Check argument count
##     if { $argc < 3 } {
##         puts "Error: Insufficient target arguments (${argc}): ${argv}."
##         return -code error
##     }
##     # Get arguments
##     set url [lindex $argv 0]
##     set path [lindex $argv 1]
##     set board [lindex $argv 2]
##     # Remove prior build
##     set project_root ${xilinx_root}/build/${board}.${suffix}
##     file delete -force [glob -nocomplain ${project_root}/*]
##     # Connect to HW server
##     open_hw_manager
##     connect_hw_server -url $url
##     # Open HW target, set JTAG frequency
##     set hw_tgts [get_hw_targets ${url}/${path}]
##     # From all matching targets, choose last (most specific) one
##     set hw_tgt [lindex ${hw_tgts} [expr { [llength ${hw_tgts}] - 1 }]]
##     open_hw_target $hw_tgt
##     set_property PARAM.FREQUENCY 15000000 $hw_tgt
##     # Get hardware device
##     set hw_device [get_hw_devices $hwdev($board)]
## }
## proc no_cfg_exit {proj board} {
##     puts "Error: Unsupported board ${board} for ${proj}."
##     return -code error
## }
## proc gen_reports {rptdir} {
##     file delete -force $rptdir
##     file mkdir ${rptdir}
##     # tclint-disable spacing, line-length
##     check_timing             -file ${rptdir}/check_timing.rpt       -verbose
##     report_timing            -file ${rptdir}/timing_worst_100.rpt   -max_paths 100 -nworst 100 -delay_type max -sort_by slack
##     report_timing            -file ${rptdir}/timing_worst.rpt       -nworst 1 -delay_type max -sort_by group
##     report_utilization       -file ${rptdir}/utilization.rpt        -hierarchical
##     report_cdc               -file ${rptdir}/cdc.rpt
##     report_clock_interaction -file ${rptdir}/clock_interaction.rpt
##     report_timing_summary    -file ${rptdir}/timing_summary.rpt
##     # tclint-enable spacing, line-length
## }
## proc insert_ilas {clk_net_name} {
##     global project_root
##     # Get nets to debug
##     set debug_nets [lsort -dictionary [get_nets -hier -filter {MARK_DEBUG == 1}]]
##     # Create debug core only if there are probes
##     if { ![llength $debug_nets] } { return }
##     # Create and configure debug core
##     create_debug_core i_ila ila
##     set_property -dict [list \
##         ALL_PROBE_SAME_MU {true} ALL_PROBE_SAME_MU_CNT {4} C_ADV_TRIGGER {true} \
##         C_DATA_DEPTH {16384} C_EN_STRG_QUAL {true} C_INPUT_PIPE_STAGES {0} \
##         C_TRIGIN_EN {false} C_TRIGOUT_EN {false} \
##         ] [get_debug_cores i_ila]
##     # Connect SoC clock
##     set_property port_width 1 [get_debug_ports i_ila/clk]
##     connect_debug_port i_ila/clk [get_nets $clk_net_name]
##     # Loop through debug nets (add extra list element to ensure last net is processed)
##     set net_name_last ""
##     set i 0
##     foreach net [concat $debug_nets {""}] {
##         # Remove trailing array index
##         regsub {\[[0-9]*\]$} $net {} net_name
##         # Create probe after all signals with the same name have been collected
##         if { $net_name_last != $net_name } {
##             if { $net_name_last != "" } {
##                 puts "Creating probe $i of width [llength $sig_list] for `$net_name_last`."
##                 # probe0 already exists, and does not need to be created
##                 if { $i != 0 } { create_debug_port i_ila probe }
##                 set_property port_width [llength $sig_list] [get_debug_ports i_ila/probe$i]
##                 set_property PROBE_TYPE DATA_AND_TRIGGER [get_debug_ports i_ila/probe$i]
##                 connect_debug_port i_ila/probe$i [get_nets $sig_list]
##                 incr i
##             }
##             set sig_list ""
##         }
##         lappend sig_list $net
##         set net_name_last $net_name
##     }
##     # Save constraints, then implement the debug core
##     save_constraints -force
##     implement_debug_core
## }
# init_impl $xilinx_root $argc $argv
# switch $proj {
# 
#     clkwiz {
#         create_ip -name clk_wiz -vendor xilinx.com -library ip -version 6.0 -module_name $proj
#         switch $board {
#             genesys2 {
#                 set_property -dict [list \
#                     CONFIG.PRIM_SOURCE {No_buffer} \
#                     CONFIG.PRIM_IN_FREQ {200.000} \
#                     CONFIG.CLKOUT1_USED {true} \
#                     CONFIG.CLKOUT2_USED {true} \
#                     CONFIG.CLKOUT3_USED {true} \
#                     CONFIG.CLKOUT4_USED {true} \
#                     CONFIG.CLK_OUT1_PORT {clk_50} \
#                     CONFIG.CLK_OUT2_PORT {clk_48} \
#                     CONFIG.CLK_OUT3_PORT {clk_20} \
#                     CONFIG.CLK_OUT4_PORT {clk_10} \
#                     CONFIG.CLKOUT1_REQUESTED_OUT_FREQ {50.000} \
#                     CONFIG.CLKOUT2_REQUESTED_OUT_FREQ {48.000} \
#                     CONFIG.CLKOUT3_REQUESTED_OUT_FREQ {20.000} \
#                     CONFIG.CLKOUT4_REQUESTED_OUT_FREQ {10.000} \
#                     CONFIG.CLKIN1_JITTER_PS {50.0} \
#                     CONFIG.MMCM_CLKFBOUT_MULT_F {6.000} \
#                     CONFIG.MMCM_CLKIN1_PERIOD {5.000} \
#                     CONFIG.MMCM_CLKOUT1_DIVIDE {24} \
#                     CONFIG.MMCM_CLKOUT2_DIVIDE {25} \
#                     CONFIG.MMCM_CLKOUT3_DIVIDE {60} \
#                     CONFIG.MMCM_CLKOUT4_DIVIDE {120} \
#                     CONFIG.NUM_OUT_CLKS {4} \
#                     CONFIG.CLKOUT1_JITTER {112.316} \
#                     CONFIG.CLKOUT1_PHASE_ERROR {89.971} \
#                     CONFIG.CLKOUT2_JITTER {129.198} \
#                     CONFIG.CLKOUT2_PHASE_ERROR {89.971} \
#                     CONFIG.CLKOUT3_JITTER {155.330} \
#                     CONFIG.CLKOUT3_PHASE_ERROR {89.971} \
#                     CONFIG.CLKOUT4_JITTER {178.053} \
#                     CONFIG.CLKOUT4_PHASE_ERROR {89.971} \
#                     ] [get_ips $proj]
#             }
#             vcu128 {
#                 set_property -dict [list \
#                     CONFIG.CLK_IN1_BOARD_INTERFACE {Custom} \
#                     CONFIG.RESET_BOARD_INTERFACE {Custom} \
#                     CONFIG.USE_RESET {true} \
#                     CONFIG.PRIM_SOURCE {No_buffer} \
#                     CONFIG.PRIM_IN_FREQ {100.000} \
#                     CONFIG.CLKOUT1_USED {true} \
#                     CONFIG.CLKOUT2_USED {true} \
#                     CONFIG.CLKOUT3_USED {true} \
#                     CONFIG.CLKOUT4_USED {true} \
#                     CONFIG.CLK_OUT1_PORT {clk_50} \
#                     CONFIG.CLK_OUT2_PORT {clk_48} \
#                     CONFIG.CLK_OUT3_PORT {clk_20} \
#                     CONFIG.CLK_OUT4_PORT {clk_10} \
#                     CONFIG.CLKOUT1_REQUESTED_OUT_FREQ {50.000} \
#                     CONFIG.CLKOUT2_REQUESTED_OUT_FREQ {48.000} \
#                     CONFIG.CLKOUT3_REQUESTED_OUT_FREQ {20.000} \
#                     CONFIG.CLKOUT4_REQUESTED_OUT_FREQ {10.000} \
#                     CONFIG.MMCM_CLKFBOUT_MULT_F {12.000} \
#                     CONFIG.MMCM_CLKIN1_PERIOD {5.000} \
#                     CONFIG.MMCM_CLKOUT1_DIVIDE {24} \
#                     CONFIG.MMCM_CLKOUT2_DIVIDE {25} \
#                     CONFIG.MMCM_CLKOUT3_DIVIDE {60} \
#                     CONFIG.MMCM_CLKOUT4_DIVIDE {120} \
#                     CONFIG.NUM_OUT_CLKS {4} \
#                     CONFIG.CLKOUT1_JITTER {112.316} \
#                     CONFIG.CLKOUT1_PHASE_ERROR {89.971} \
#                     CONFIG.CLKOUT2_JITTER {129.198} \
#                     CONFIG.CLKOUT2_PHASE_ERROR {89.971} \
#                     CONFIG.CLKOUT3_JITTER {155.330} \
#                     CONFIG.CLKOUT3_PHASE_ERROR {89.971} \
#                     CONFIG.CLKOUT4_JITTER {178.053} \
#                     CONFIG.CLKOUT4_PHASE_ERROR {89.971} \
#                     ] [get_ips $proj]
#             }
#             vcu118 {
#                 set_property -dict [list \
#                     CONFIG.CLK_IN1_BOARD_INTERFACE {Custom} \
#                     CONFIG.RESET_BOARD_INTERFACE {Custom} \
#                     CONFIG.USE_RESET {true} \
#                     CONFIG.PRIM_SOURCE {No_buffer} \
#                     CONFIG.PRIM_IN_FREQ {250.000} \
#                     CONFIG.CLKOUT1_USED {true} \
#                     CONFIG.CLKOUT2_USED {true} \
#                     CONFIG.CLKOUT3_USED {true} \
#                     CONFIG.CLKOUT4_USED {true} \
#                     CONFIG.CLK_OUT1_PORT {clk_50} \
#                     CONFIG.CLK_OUT2_PORT {clk_48} \
#                     CONFIG.CLK_OUT3_PORT {clk_20} \
#                     CONFIG.CLK_OUT4_PORT {clk_10} \
#                     CONFIG.CLKOUT1_REQUESTED_OUT_FREQ {50.000} \
#                     CONFIG.CLKOUT2_REQUESTED_OUT_FREQ {48.000} \
#                     CONFIG.CLKOUT3_REQUESTED_OUT_FREQ {20.000} \
#                     CONFIG.CLKOUT4_REQUESTED_OUT_FREQ {10.000} \
#                     CONFIG.MMCM_CLKFBOUT_MULT_F {24.000} \
#                     CONFIG.MMCM_CLKIN1_PERIOD {4.000} \
#                     CONFIG.MMCM_CLKOUT0_DIVIDE_F {24.000} \
#                     CONFIG.MMCM_CLKOUT1_DIVIDE {25} \
#                     CONFIG.MMCM_CLKOUT2_DIVIDE {60} \
#                     CONFIG.MMCM_CLKOUT3_DIVIDE {120} \
#                     CONFIG.MMCM_CLKOUT4_DIVIDE {1} \
#                     CONFIG.NUM_OUT_CLKS {4} \
#                     CONFIG.CLKOUT1_JITTER {153.164} \
#                     CONFIG.CLKOUT1_PHASE_ERROR {154.678} \
#                     CONFIG.CLKOUT2_JITTER {154.376} \
#                     CONFIG.CLKOUT2_PHASE_ERROR {154.678} \
#                     CONFIG.CLKOUT3_JITTER {184.746} \
#                     CONFIG.CLKOUT3_PHASE_ERROR {154.678} \
#                     CONFIG.CLKOUT4_JITTER {213.887} \
#                     CONFIG.CLKOUT4_PHASE_ERROR {154.678} \
#                     ] [get_ips $proj]
#             }
#             default { nocfgexit $proj $board }
#         }
#     }
# 
#     vio {
#         create_ip -name vio -vendor xilinx.com -library ip -version 3.0 -module_name $proj
#         switch $board {
#             genesys2 {
#                 set_property -dict [list \
#                     CONFIG.C_NUM_PROBE_OUT {3} \
#                     CONFIG.C_PROBE_OUT0_INIT_VAL {0x0} \
#                     CONFIG.C_PROBE_OUT1_INIT_VAL {0x0} \
#                     CONFIG.C_PROBE_OUT2_INIT_VAL {0x0} \
#                     CONFIG.C_PROBE_OUT1_WIDTH {2} \
#                     CONFIG.C_EN_PROBE_IN_ACTIVITY {0} \
#                     CONFIG.C_NUM_PROBE_IN {0} \
#                     ] [get_ips $proj]
#             }
#             vcu118 {
#                 set_property -dict [list \
#                     CONFIG.C_NUM_PROBE_OUT {6} \
#                     CONFIG.C_PROBE_OUT0_INIT_VAL {0x0} \
#                     CONFIG.C_PROBE_OUT1_INIT_VAL {0x0} \
#                     CONFIG.C_PROBE_OUT2_INIT_VAL {0x0} \
#                     CONFIG.C_PROBE_OUT3_INIT_VAL {0x0} \
#                     CONFIG.C_PROBE_OUT4_INIT_VAL {0x0} \
#                     CONFIG.C_PROBE_OUT5_INIT_VAL {0x0} \
#                     CONFIG.C_PROBE_OUT1_WIDTH {2} \
#                     CONFIG.C_PROBE_OUT5_WIDTH {32} \
#                     CONFIG.C_EN_PROBE_IN_ACTIVITY {0} \
#                     CONFIG.C_NUM_PROBE_IN {0} \
#                     ] [get_ips $proj]
#             }
#             vcu128 {
#                 set_property -dict [list \
#                     CONFIG.C_NUM_PROBE_OUT {3} \
#                     CONFIG.C_PROBE_OUT0_INIT_VAL {0x0} \
#                     CONFIG.C_PROBE_OUT1_INIT_VAL {0x2} \
#                     CONFIG.C_PROBE_OUT2_INIT_VAL {0x1} \
#                     CONFIG.C_PROBE_OUT1_WIDTH {2} \
#                     CONFIG.C_EN_PROBE_IN_ACTIVITY {0} \
#                     CONFIG.C_NUM_PROBE_IN {0} \
#                     ] [get_ips $proj]
#             }
#             default { nocfgexit $proj $board }
#         }
#     }
# 
#     mig7s {
#         create_ip -name mig_7series -vendor xilinx.com -library ip -module_name $proj
#         # Inject existing project file
#         file copy ${xilinx_root}/src/ips/${board}.${proj}.prj \
#             ${project_root}/${proj}.srcs/sources_1/ip/${proj}/mig_a.prj
#         switch $board {
#             genesys2 {
#                 set_property -dict [list \
#                     CONFIG.XML_INPUT_FILE {mig_a.prj} \
#                     CONFIG.RESET_BOARD_INTERFACE {Custom} \
#                     CONFIG.MIG_DONT_TOUCH_PARAM {Custom} \
#                     CONFIG.BOARD_MIG_PARAM {Custom} \
#                     ] [get_ips $proj]
#             }
#             default { nocfgexit $proj $board }
#         }
#     }
# 
#     ddr4 {
#         create_ip -name ddr4 -vendor xilinx.com -library ip -version 2.2 -module_name $proj
#         switch $board {
#             vcu128 {
#                 set_property -dict [list \
#                     CONFIG.C0.DDR4_Clamshell {true} \
#                     CONFIG.C0_DDR4_BOARD_INTERFACE {ddr4_sdram} \
#                     CONFIG.System_Clock {No_Buffer} \
#                     CONFIG.Reference_Clock {No_Buffer} \
#                     CONFIG.C0.DDR4_InputClockPeriod {10000} \
#                     CONFIG.C0.DDR4_CLKOUT0_DIVIDE {3} \
#                     CONFIG.C0.DDR4_MemoryPart {MT40A512M16HA-075E} \
#                     CONFIG.C0.DDR4_DataWidth {72} \
#                     CONFIG.C0.DDR4_DataMask {NO_DM_NO_DBI} \
#                     CONFIG.C0.DDR4_Ecc {true} \
#                     CONFIG.C0.DDR4_AxiDataWidth {512} \
#                     CONFIG.C0.DDR4_AxiAddressWidth {32} \
#                     CONFIG.C0.DDR4_AxiIDWidth {8} \
#                     CONFIG.ADDN_UI_CLKOUT1_FREQ_HZ {100} \
#                     CONFIG.C0.BANK_GROUP_WIDTH {1} \
#                     CONFIG.C0.CS_WIDTH {2} \
#                     CONFIG.C0.DDR4_AxiSelection {true} \
#                     ] [get_ips $proj]
#             }
#             vcu118 {
#                 set_property -dict [list \
#                     CONFIG.System_Clock {No_Buffer} \
#                     CONFIG.Reference_Clock {No_Buffer} \
#                     CONFIG.C0_DDR4_BOARD_INTERFACE {ddr4_sdram_c1_062} \
#                     CONFIG.C0.DDR4_InputClockPeriod {4000} \
#                     CONFIG.C0.DDR4_CLKOUT0_DIVIDE {5} \
#                     CONFIG.C0.DDR4_MemoryPart {MT40A256M16LY-062E} \
#                     CONFIG.C0.DDR4_TimePeriod {833} \
#                     CONFIG.C0.DDR4_DataWidth {64} \
#                     CONFIG.C0.DDR4_DataMask {DM_NO_DBI} \
#                     CONFIG.C0.DDR4_MCS_ECC {false} \
#                     CONFIG.C0.DDR4_CasWriteLatency {12} \
#                     CONFIG.C0.DDR4_CasLatency {18} \
#                     CONFIG.C0.DDR4_AxiDataWidth {512} \
#                     CONFIG.C0.DDR4_AxiAddressWidth {31} \
#                     CONFIG.C0.DDR4_AxiIDWidth {8} \
#                     CONFIG.C0.BANK_GROUP_WIDTH {1} \
#                     CONFIG.C0.DDR4_AxiSelection {true} \
#                     ] [get_ips $proj]
#             }
#             default { nocfgexit $proj $board }
#         }
#     }
# 
# }
INFO: [IP_Flow 19-234] Refreshing IP repositories
INFO: [IP_Flow 19-1704] No user IP repositories specified
INFO: [IP_Flow 19-2313] Loaded Vivado IP repository '/usr/pack/vitis-2022.1-zr/Vivado/2022.1/data/ip'.
INFO: [Device 21-403] Loading part xcvu9p-flga2104-2L-e
create_ip: Time (s): cpu = 00:00:15 ; elapsed = 00:00:19 . Memory (MB): peak = 3603.477 ; gain = 500.320 ; free physical = 87912 ; free virtual = 544141
WARNING: [BD 5-699] No address segments matched 'get_bd_addr_segs -of_object /ilmb_cntlr/SLMB/Mem'
WARNING: [BD 5-699] No address segments matched 'get_bd_addr_segs -of_object /second_ilmb_cntlr/SLMB/Mem'
WARNING: [BD 5-699] No address segments matched 'get_bd_addr_segs -of_object /dlmb_cntlr/SLMB/Mem'
WARNING: [BD 5-699] No address segments matched 'get_bd_addr_segs -of_object /second_dlmb_cntlr/SLMB/Mem'
WARNING: [BD 5-699] No address segments matched 'get_bd_addr_segs -of_object /iomodule_0/SLMB/Reg'
WARNING: [BD 5-699] No address segments matched 'get_bd_addr_segs -of_object /iomodule_0/SLMB/IO'
# set xci ${project_root}/${proj}.srcs/sources_1/ip/${proj}/${proj}.xci
# generate_target all [get_files $xci]
INFO: [IP_Flow 19-1686] Generating 'Instantiation Template' target for IP 'ddr4'...
INFO: [IP_Flow 19-1686] Generating 'Synthesis' target for IP 'ddr4'...
INFO: [IP_Flow 19-1686] Generating 'Simulation' target for IP 'ddr4'...
INFO: [IP_Flow 19-1686] Generating 'Implementation' target for IP 'ddr4'...
INFO: [IP_Flow 19-1686] Generating 'Change Log' target for IP 'ddr4'...
Exporting to file /scratch2/nsalamini/github_new_new/cheshire/target/xilinx/build/vcu118.ddr4/ddr4.gen/sources_1/ip/ddr4/bd_0/hw_handoff/ddr4_microblaze_mcs.hwh
Generated Hardware Definition File /scratch2/nsalamini/github_new_new/cheshire/target/xilinx/build/vcu118.ddr4/ddr4.gen/sources_1/ip/ddr4/bd_0/synth/ddr4_microblaze_mcs.hwdef
generate_target: Time (s): cpu = 00:00:07 ; elapsed = 00:00:09 . Memory (MB): peak = 3753.836 ; gain = 2.969 ; free physical = 87608 ; free virtual = 543895
# create_ip_run [get_files -of_objects [get_fileset sources_1] $xci]
# launch_run -jobs $num_jobs ${proj}_synth_1
[Wed Mar 18 15:10:10 2026] Launched ddr4_synth_1...
Run output will be captured here: /scratch2/nsalamini/github_new_new/cheshire/target/xilinx/build/vcu118.ddr4/ddr4.runs/ddr4_synth_1/runme.log
# wait_on_run ${proj}_synth_1
[Wed Mar 18 15:10:10 2026] Waiting for ddr4_synth_1 to finish...

*** Running vivado
    with args -log ddr4.vds -m64 -product Vivado -mode batch -messageDb vivado.pb -notrace -source ddr4.tcl


****** Vivado v2022.1 (64-bit)
  **** SW Build 3526262 on Mon Apr 18 15:47:01 MDT 2022
  **** IP Build 3524634 on Mon Apr 18 20:55:01 MDT 2022
    ** Copyright 1986-2022 Xilinx, Inc. All Rights Reserved.

source ddr4.tcl -notrace
Command: synth_design -top ddr4 -part xcvu9p-flga2104-2L-e -incremental_mode off -mode out_of_context
Starting synth_design
Attempting to get a license for feature 'Synthesis' and/or device 'xcvu9p'
INFO: [Common 17-349] Got license for feature 'Synthesis' and/or device 'xcvu9p'
INFO: [Device 21-403] Loading part xcvu9p-flga2104-2L-e
INFO: [Synth 8-7079] Multithreading enabled for synth_design using a maximum of 4 processes.
INFO: [Synth 8-7078] Launching helper process for spawning children vivado processes
INFO: [Synth 8-7075] Helper process launched with PID 1695739
WARNING: [Synth 8-9501] generate block is allowed only inside loop and conditional generate in SystemVerilog mode [/scratch2/nsalamini/github_new_new/cheshire/target/xilinx/build/vcu118.ddr4/ddr4.gen/sources_1/ip/ddr4/rtl/controller/ddr4_v2_2_mc_ecc_fi_xor.sv:141]
WARNING: [Synth 8-9501] generate block is allowed only inside loop and conditional generate in SystemVerilog mode [/scratch2/nsalamini/github_new_new/cheshire/target/xilinx/build/vcu118.ddr4/ddr4.gen/sources_1/ip/ddr4/rtl/controller/ddr4_v2_2_mc_ecc_buf.sv:166]
---------------------------------------------------------------------------------
Starting RTL Elaboration : Time (s): cpu = 00:00:05 ; elapsed = 00:00:06 . Memory (MB): peak = 3623.910 ; gain = 346.797 ; free physical = 86288 ; free virtual = 541904
---------------------------------------------------------------------------------
INFO: [Synth 8-6157] synthesizing module 'ddr4' [/scratch2/nsalamini/github_new_new/cheshire/target/xilinx/build/vcu118.ddr4/ddr4.gen/sources_1/ip/ddr4/rtl/ip_top/ddr4.sv:71]
INFO: [Synth 8-6157] synthesizing module 'ddr4_ddr4' [/scratch2/nsalamini/github_new_new/cheshire/target/xilinx/build/vcu118.ddr4/ddr4.gen/sources_1/ip/ddr4/rtl/ip_top/ddr4_ddr4.sv:96]
INFO: [Synth 8-6157] synthesizing module 'ddr4_v2_2_16_infrastructure' [/scratch2/nsalamini/github_new_new/cheshire/target/xilinx/build/vcu118.ddr4/ddr4.gen/sources_1/ip/ddr4/rtl/clocking/ddr4_v2_2_infrastructure.sv:68]
INFO: [Synth 8-6157] synthesizing module 'MMCME4_ADV' [/usr/pack/vitis-2022.1-zr/Vivado/2022.1/scripts/rt/data/unisim_comp.v:63902]
INFO: [Synth 8-6155] done synthesizing module 'MMCME4_ADV' (0#1) [/usr/pack/vitis-2022.1-zr/Vivado/2022.1/scripts/rt/data/unisim_comp.v:63902]
INFO: [Synth 8-6157] synthesizing module 'BUFG' [/usr/pack/vitis-2022.1-zr/Vivado/2022.1/scripts/rt/data/unisim_comp.v:1082]
INFO: [Synth 8-6155] done synthesizing module 'BUFG' (0#1) [/usr/pack/vitis-2022.1-zr/Vivado/2022.1/scripts/rt/data/unisim_comp.v:1082]
INFO: [Synth 8-6155] done synthesizing module 'ddr4_v2_2_16_infrastructure' (0#1) [/scratch2/nsalamini/github_new_new/cheshire/target/xilinx/build/vcu118.ddr4/ddr4.gen/sources_1/ip/ddr4/rtl/clocking/ddr4_v2_2_infrastructure.sv:68]
INFO: [Synth 8-6157] synthesizing module 'ddr4_ddr4_mem_intfc' [/scratch2/nsalamini/github_new_new/cheshire/target/xilinx/build/vcu118.ddr4/ddr4.gen/sources_1/ip/ddr4/rtl/ip_top/ddr4_ddr4_mem_intfc.sv:70]
INFO: [Synth 8-6157] synthesizing module 'ddr4_phy' [/scratch2/nsalamini/github_new_new/cheshire/target/xilinx/build/vcu118.ddr4/ddr4.gen/sources_1/ip/ddr4/ip_1/rtl/ip_top/ddr4_phy.sv:76]
INFO: [Synth 8-6157] synthesizing module 'ddr4_phy_ddr4' [/scratch2/nsalamini/github_new_new/cheshire/target/xilinx/build/vcu118.ddr4/ddr4.gen/sources_1/ip/ddr4/ip_1/rtl/phy/ddr4_phy_ddr4.sv:90]
INFO: [Synth 8-6157] synthesizing module 'ddr4_phy_v2_2_0_xiphy' [/scratch2/nsalamini/github_new_new/cheshire/target/xilinx/build/vcu118.ddr4/ddr4.gen/sources_1/ip/ddr4/ip_1/rtl/phy/ddr4_phy_v2_2_xiphy.sv:68]
INFO: [Synth 8-6157] synthesizing module 'ddr4_phy_v2_2_0_xiphy_byte_wrapper' [/scratch2/nsalamini/github_new_new/cheshire/target/xilinx/build/vcu118.ddr4/ddr4.gen/sources_1/ip/ddr4/ip_1/rtl/xiphy_files/ddr4_phy_v2_2_xiphy_byte_wrapper.sv:69]
INFO: [Synth 8-6157] synthesizing module 'ddr4_phy_v2_2_0_xiphy_bitslice_wrapper' [/scratch2/nsalamini/github_new_new/cheshire/target/xilinx/build/vcu118.ddr4/ddr4.gen/sources_1/ip/ddr4/ip_1/rtl/xiphy_files/ddr4_phy_v2_2_xiphy_bitslice_wrapper.sv:69]
INFO: [Synth 8-6157] synthesizing module 'RXTX_BITSLICE' [/usr/pack/vitis-2022.1-zr/Vivado/2022.1/scripts/rt/data/unisim_comp.v:105744]
INFO: [Synth 8-6155] done synthesizing module 'RXTX_BITSLICE' (0#1) [/usr/pack/vitis-2022.1-zr/Vivado/2022.1/scripts/rt/data/unisim_comp.v:105744]
INFO: [Synth 8-6155] done synthesizing module 'ddr4_phy_v2_2_0_xiphy_bitslice_wrapper' (0#1) [/scratch2/nsalamini/github_new_new/cheshire/target/xilinx/build/vcu118.ddr4/ddr4.gen/sources_1/ip/ddr4/ip_1/rtl/xiphy_files/ddr4_phy_v2_2_xiphy_bitslice_wrapper.sv:69]
INFO: [Synth 8-6157] synthesizing module 'ddr4_phy_v2_2_0_xiphy_bitslice_wrapper__parameterized0' [/scratch2/nsalamini/github_new_new/cheshire/target/xilinx/build/vcu118.ddr4/ddr4.gen/sources_1/ip/ddr4/ip_1/rtl/xiphy_files/ddr4_phy_v2_2_xiphy_bitslice_wrapper.sv:69]
INFO: [Synth 8-6157] synthesizing module 'RXTX_BITSLICE__parameterized0' [/usr/pack/vitis-2022.1-zr/Vivado/2022.1/scripts/rt/data/unisim_comp.v:105744]
INFO: [Synth 8-6155] done synthesizing module 'RXTX_BITSLICE__parameterized0' (0#1) [/usr/pack/vitis-2022.1-zr/Vivado/2022.1/scripts/rt/data/unisim_comp.v:105744]
INFO: [Synth 8-6155] done synthesizing module 'ddr4_phy_v2_2_0_xiphy_bitslice_wrapper__parameterized0' (0#1) [/scratch2/nsalamini/github_new_new/cheshire/target/xilinx/build/vcu118.ddr4/ddr4.gen/sources_1/ip/ddr4/ip_1/rtl/xiphy_files/ddr4_phy_v2_2_xiphy_bitslice_wrapper.sv:69]
INFO: [Synth 8-6157] synthesizing module 'ddr4_phy_v2_2_0_xiphy_bitslice_wrapper__parameterized1' [/scratch2/nsalamini/github_new_new/cheshire/target/xilinx/build/vcu118.ddr4/ddr4.gen/sources_1/ip/ddr4/ip_1/rtl/xiphy_files/ddr4_phy_v2_2_xiphy_bitslice_wrapper.sv:69]
INFO: [Synth 8-6157] synthesizing module 'RXTX_BITSLICE__parameterized1' [/usr/pack/vitis-2022.1-zr/Vivado/2022.1/scripts/rt/data/unisim_comp.v:105744]
INFO: [Synth 8-6155] done synthesizing module 'RXTX_BITSLICE__parameterized1' (0#1) [/usr/pack/vitis-2022.1-zr/Vivado/2022.1/scripts/rt/data/unisim_comp.v:105744]
INFO: [Synth 8-6155] done synthesizing module 'ddr4_phy_v2_2_0_xiphy_bitslice_wrapper__parameterized1' (0#1) [/scratch2/nsalamini/github_new_new/cheshire/target/xilinx/build/vcu118.ddr4/ddr4.gen/sources_1/ip/ddr4/ip_1/rtl/xiphy_files/ddr4_phy_v2_2_xiphy_bitslice_wrapper.sv:69]
INFO: [Synth 8-6157] synthesizing module 'ddr4_phy_v2_2_0_xiphy_tristate_wrapper' [/scratch2/nsalamini/github_new_new/cheshire/target/xilinx/build/vcu118.ddr4/ddr4.gen/sources_1/ip/ddr4/ip_1/rtl/xiphy_files/ddr4_phy_v2_2_xiphy_tristate_wrapper.sv:69]
INFO: [Synth 8-6157] synthesizing module 'TX_BITSLICE_TRI' [/usr/pack/vitis-2022.1-zr/Vivado/2022.1/scripts/rt/data/unisim_comp.v:107009]
INFO: [Synth 8-6155] done synthesizing module 'TX_BITSLICE_TRI' (0#1) [/usr/pack/vitis-2022.1-zr/Vivado/2022.1/scripts/rt/data/unisim_comp.v:107009]
INFO: [Synth 8-6155] done synthesizing module 'ddr4_phy_v2_2_0_xiphy_tristate_wrapper' (0#1) [/scratch2/nsalamini/github_new_new/cheshire/target/xilinx/build/vcu118.ddr4/ddr4.gen/sources_1/ip/ddr4/ip_1/rtl/xiphy_files/ddr4_phy_v2_2_xiphy_tristate_wrapper.sv:69]
INFO: [Synth 8-6157] synthesizing module 'ddr4_phy_v2_2_0_xiphy_control_wrapper' [/scratch2/nsalamini/github_new_new/cheshire/target/xilinx/build/vcu118.ddr4/ddr4.gen/sources_1/ip/ddr4/ip_1/rtl/xiphy_files/ddr4_phy_v2_2_xiphy_control_wrapper.sv:69]
INFO: [Synth 8-6157] synthesizing module 'BITSLICE_CONTROL' [/usr/pack/vitis-2022.1-zr/Vivado/2022.1/scripts/rt/data/unisim_comp.v:739]
INFO: [Synth 8-6155] done synthesizing module 'BITSLICE_CONTROL' (0#1) [/usr/pack/vitis-2022.1-zr/Vivado/2022.1/scripts/rt/data/unisim_comp.v:739]
INFO: [Synth 8-6155] done synthesizing module 'ddr4_phy_v2_2_0_xiphy_control_wrapper' (0#1) [/scratch2/nsalamini/github_new_new/cheshire/target/xilinx/build/vcu118.ddr4/ddr4.gen/sources_1/ip/ddr4/ip_1/rtl/xiphy_files/ddr4_phy_v2_2_xiphy_control_wrapper.sv:69]
INFO: [Synth 8-6157] synthesizing module 'ddr4_phy_v2_2_0_xiphy_control_wrapper__parameterized0' [/scratch2/nsalamini/github_new_new/cheshire/target/xilinx/build/vcu118.ddr4/ddr4.gen/sources_1/ip/ddr4/ip_1/rtl/xiphy_files/ddr4_phy_v2_2_xiphy_control_wrapper.sv:69]
INFO: [Synth 8-6157] synthesizing module 'BITSLICE_CONTROL__parameterized0' [/usr/pack/vitis-2022.1-zr/Vivado/2022.1/scripts/rt/data/unisim_comp.v:739]
INFO: [Synth 8-6155] done synthesizing module 'BITSLICE_CONTROL__parameterized0' (0#1) [/usr/pack/vitis-2022.1-zr/Vivado/2022.1/scripts/rt/data/unisim_comp.v:739]
INFO: [Synth 8-6155] done synthesizing module 'ddr4_phy_v2_2_0_xiphy_control_wrapper__parameterized0' (0#1) [/scratch2/nsalamini/github_new_new/cheshire/target/xilinx/build/vcu118.ddr4/ddr4.gen/sources_1/ip/ddr4/ip_1/rtl/xiphy_files/ddr4_phy_v2_2_xiphy_control_wrapper.sv:69]
INFO: [Synth 8-6157] synthesizing module 'ddr4_phy_v2_2_0_xiphy_riuor_wrapper' [/scratch2/nsalamini/github_new_new/cheshire/target/xilinx/build/vcu118.ddr4/ddr4.gen/sources_1/ip/ddr4/ip_1/rtl/xiphy_files/ddr4_phy_v2_2_xiphy_riuor_wrapper.sv:69]
INFO: [Synth 8-6157] synthesizing module 'RIU_OR' [/usr/pack/vitis-2022.1-zr/Vivado/2022.1/scripts/rt/data/unisim_comp.v:105644]
INFO: [Synth 8-6155] done synthesizing module 'RIU_OR' (0#1) [/usr/pack/vitis-2022.1-zr/Vivado/2022.1/scripts/rt/data/unisim_comp.v:105644]
INFO: [Synth 8-6155] done synthesizing module 'ddr4_phy_v2_2_0_xiphy_riuor_wrapper' (0#1) [/scratch2/nsalamini/github_new_new/cheshire/target/xilinx/build/vcu118.ddr4/ddr4.gen/sources_1/ip/ddr4/ip_1/rtl/xiphy_files/ddr4_phy_v2_2_xiphy_riuor_wrapper.sv:69]
INFO: [Synth 8-6157] synthesizing module 'LUT1' [/usr/pack/vitis-2022.1-zr/Vivado/2022.1/scripts/rt/data/unisim_comp.v:62648]
INFO: [Synth 8-6155] done synthesizing module 'LUT1' (0#1) [/usr/pack/vitis-2022.1-zr/Vivado/2022.1/scripts/rt/data/unisim_comp.v:62648]
INFO: [Synth 8-6155] done synthesizing module 'ddr4_phy_v2_2_0_xiphy_byte_wrapper' (0#1) [/scratch2/nsalamini/github_new_new/cheshire/target/xilinx/build/vcu118.ddr4/ddr4.gen/sources_1/ip/ddr4/ip_1/rtl/xiphy_files/ddr4_phy_v2_2_xiphy_byte_wrapper.sv:69]
INFO: [Synth 8-6157] synthesizing module 'ddr4_phy_v2_2_0_xiphy_byte_wrapper__parameterized0' [/scratch2/nsalamini/github_new_new/cheshire/target/xilinx/build/vcu118.ddr4/ddr4.gen/sources_1/ip/ddr4/ip_1/rtl/xiphy_files/ddr4_phy_v2_2_xiphy_byte_wrapper.sv:69]
INFO: [Synth 8-6157] synthesizing module 'ddr4_phy_v2_2_0_xiphy_control_wrapper__parameterized1' [/scratch2/nsalamini/github_new_new/cheshire/target/xilinx/build/vcu118.ddr4/ddr4.gen/sources_1/ip/ddr4/ip_1/rtl/xiphy_files/ddr4_phy_v2_2_xiphy_control_wrapper.sv:69]
INFO: [Synth 8-6157] synthesizing module 'BITSLICE_CONTROL__parameterized1' [/usr/pack/vitis-2022.1-zr/Vivado/2022.1/scripts/rt/data/unisim_comp.v:739]
INFO: [Synth 8-6155] done synthesizing module 'BITSLICE_CONTROL__parameterized1' (0#1) [/usr/pack/vitis-2022.1-zr/Vivado/2022.1/scripts/rt/data/unisim_comp.v:739]
INFO: [Synth 8-6155] done synthesizing module 'ddr4_phy_v2_2_0_xiphy_control_wrapper__parameterized1' (0#1) [/scratch2/nsalamini/github_new_new/cheshire/target/xilinx/build/vcu118.ddr4/ddr4.gen/sources_1/ip/ddr4/ip_1/rtl/xiphy_files/ddr4_phy_v2_2_xiphy_control_wrapper.sv:69]
INFO: [Synth 8-6155] done synthesizing module 'ddr4_phy_v2_2_0_xiphy_byte_wrapper__parameterized0' (0#1) [/scratch2/nsalamini/github_new_new/cheshire/target/xilinx/build/vcu118.ddr4/ddr4.gen/sources_1/ip/ddr4/ip_1/rtl/xiphy_files/ddr4_phy_v2_2_xiphy_byte_wrapper.sv:69]
INFO: [Synth 8-6157] synthesizing module 'ddr4_phy_v2_2_0_xiphy_byte_wrapper__parameterized1' [/scratch2/nsalamini/github_new_new/cheshire/target/xilinx/build/vcu118.ddr4/ddr4.gen/sources_1/ip/ddr4/ip_1/rtl/xiphy_files/ddr4_phy_v2_2_xiphy_byte_wrapper.sv:69]
INFO: [Synth 8-6155] done synthesizing module 'ddr4_phy_v2_2_0_xiphy_byte_wrapper__parameterized1' (0#1) [/scratch2/nsalamini/github_new_new/cheshire/target/xilinx/build/vcu118.ddr4/ddr4.gen/sources_1/ip/ddr4/ip_1/rtl/xiphy_files/ddr4_phy_v2_2_xiphy_byte_wrapper.sv:69]
INFO: [Synth 8-6157] synthesizing module 'ddr4_phy_v2_2_0_xiphy_byte_wrapper__parameterized2' [/scratch2/nsalamini/github_new_new/cheshire/target/xilinx/build/vcu118.ddr4/ddr4.gen/sources_1/ip/ddr4/ip_1/rtl/xiphy_files/ddr4_phy_v2_2_xiphy_byte_wrapper.sv:69]
INFO: [Synth 8-6155] done synthesizing module 'ddr4_phy_v2_2_0_xiphy_byte_wrapper__parameterized2' (0#1) [/scratch2/nsalamini/github_new_new/cheshire/target/xilinx/build/vcu118.ddr4/ddr4.gen/sources_1/ip/ddr4/ip_1/rtl/xiphy_files/ddr4_phy_v2_2_xiphy_byte_wrapper.sv:69]
INFO: [Synth 8-6155] done synthesizing module 'ddr4_phy_v2_2_0_xiphy' (0#1) [/scratch2/nsalamini/github_new_new/cheshire/target/xilinx/build/vcu118.ddr4/ddr4.gen/sources_1/ip/ddr4/ip_1/rtl/phy/ddr4_phy_v2_2_xiphy.sv:68]
INFO: [Synth 8-6157] synthesizing module 'OBUF' [/usr/pack/vitis-2022.1-zr/Vivado/2022.1/scripts/rt/data/unisim_comp.v:71220]
INFO: [Synth 8-6155] done synthesizing module 'OBUF' (0#1) [/usr/pack/vitis-2022.1-zr/Vivado/2022.1/scripts/rt/data/unisim_comp.v:71220]
INFO: [Synth 8-6157] synthesizing module 'ddr4_phy_v2_2_0_pll' [/scratch2/nsalamini/github_new_new/cheshire/target/xilinx/build/vcu118.ddr4/ddr4.gen/sources_1/ip/ddr4/ip_1/rtl/clocking/ddr4_phy_v2_2_pll.sv:67]
INFO: [Synth 8-6157] synthesizing module 'PLLE4_ADV' [/usr/pack/vitis-2022.1-zr/Vivado/2022.1/scripts/rt/data/unisim_comp.v:89639]
INFO: [Synth 8-6155] done synthesizing module 'PLLE4_ADV' (0#1) [/usr/pack/vitis-2022.1-zr/Vivado/2022.1/scripts/rt/data/unisim_comp.v:89639]
INFO: [Synth 8-6155] done synthesizing module 'ddr4_phy_v2_2_0_pll' (0#1) [/scratch2/nsalamini/github_new_new/cheshire/target/xilinx/build/vcu118.ddr4/ddr4.gen/sources_1/ip/ddr4/ip_1/rtl/clocking/ddr4_phy_v2_2_pll.sv:67]
INFO: [Synth 8-6157] synthesizing module 'ddr4_phy_v2_2_0_iob' [/scratch2/nsalamini/github_new_new/cheshire/target/xilinx/build/vcu118.ddr4/ddr4.gen/sources_1/ip/ddr4/ip_1/rtl/iob/ddr4_phy_v2_2_iob.sv:72]
INFO: [Synth 8-6157] synthesizing module 'ddr4_phy_v2_2_0_iob_byte' [/scratch2/nsalamini/github_new_new/cheshire/target/xilinx/build/vcu118.ddr4/ddr4.gen/sources_1/ip/ddr4/ip_1/rtl/iob/ddr4_phy_v2_2_iob_byte.sv:93]
INFO: [Synth 8-6157] synthesizing module 'HPIO_VREF' [/usr/pack/vitis-2022.1-zr/Vivado/2022.1/scripts/rt/data/unisim_comp.v:54853]
INFO: [Synth 8-6155] done synthesizing module 'HPIO_VREF' (0#1) [/usr/pack/vitis-2022.1-zr/Vivado/2022.1/scripts/rt/data/unisim_comp.v:54853]
INFO: [Synth 8-6157] synthesizing module 'IOBUFE3' [/usr/pack/vitis-2022.1-zr/Vivado/2022.1/scripts/rt/data/unisim_comp.v:59979]
INFO: [Synth 8-6155] done synthesizing module 'IOBUFE3' (0#1) [/usr/pack/vitis-2022.1-zr/Vivado/2022.1/scripts/rt/data/unisim_comp.v:59979]
INFO: [Synth 8-6157] synthesizing module 'IOBUFDS' [/usr/pack/vitis-2022.1-zr/Vivado/2022.1/scripts/rt/data/unisim_comp.v:59751]
INFO: [Synth 8-6155] done synthesizing module 'IOBUFDS' (0#1) [/usr/pack/vitis-2022.1-zr/Vivado/2022.1/scripts/rt/data/unisim_comp.v:59751]
INFO: [Synth 8-6155] done synthesizing module 'ddr4_phy_v2_2_0_iob_byte' (0#1) [/scratch2/nsalamini/github_new_new/cheshire/target/xilinx/build/vcu118.ddr4/ddr4.gen/sources_1/ip/ddr4/ip_1/rtl/iob/ddr4_phy_v2_2_iob_byte.sv:93]
INFO: [Synth 8-6157] synthesizing module 'ddr4_phy_v2_2_0_iob_byte__parameterized0' [/scratch2/nsalamini/github_new_new/cheshire/target/xilinx/build/vcu118.ddr4/ddr4.gen/sources_1/ip/ddr4/ip_1/rtl/iob/ddr4_phy_v2_2_iob_byte.sv:93]
INFO: [Synth 8-6157] synthesizing module 'OBUFDS' [/usr/pack/vitis-2022.1-zr/Vivado/2022.1/scripts/rt/data/unisim_comp.v:71234]
INFO: [Synth 8-6155] done synthesizing module 'OBUFDS' (0#1) [/usr/pack/vitis-2022.1-zr/Vivado/2022.1/scripts/rt/data/unisim_comp.v:71234]
INFO: [Synth 8-6155] done synthesizing module 'ddr4_phy_v2_2_0_iob_byte__parameterized0' (0#1) [/scratch2/nsalamini/github_new_new/cheshire/target/xilinx/build/vcu118.ddr4/ddr4.gen/sources_1/ip/ddr4/ip_1/rtl/iob/ddr4_phy_v2_2_iob_byte.sv:93]
INFO: [Synth 8-6157] synthesizing module 'ddr4_phy_v2_2_0_iob_byte__parameterized1' [/scratch2/nsalamini/github_new_new/cheshire/target/xilinx/build/vcu118.ddr4/ddr4.gen/sources_1/ip/ddr4/ip_1/rtl/iob/ddr4_phy_v2_2_iob_byte.sv:93]
INFO: [Synth 8-6155] done synthesizing module 'ddr4_phy_v2_2_0_iob_byte__parameterized1' (0#1) [/scratch2/nsalamini/github_new_new/cheshire/target/xilinx/build/vcu118.ddr4/ddr4.gen/sources_1/ip/ddr4/ip_1/rtl/iob/ddr4_phy_v2_2_iob_byte.sv:93]
INFO: [Synth 8-6157] synthesizing module 'ddr4_phy_v2_2_0_iob_byte__parameterized2' [/scratch2/nsalamini/github_new_new/cheshire/target/xilinx/build/vcu118.ddr4/ddr4.gen/sources_1/ip/ddr4/ip_1/rtl/iob/ddr4_phy_v2_2_iob_byte.sv:93]
INFO: [Synth 8-6155] done synthesizing module 'ddr4_phy_v2_2_0_iob_byte__parameterized2' (0#1) [/scratch2/nsalamini/github_new_new/cheshire/target/xilinx/build/vcu118.ddr4/ddr4.gen/sources_1/ip/ddr4/ip_1/rtl/iob/ddr4_phy_v2_2_iob_byte.sv:93]
INFO: [Synth 8-6155] done synthesizing module 'ddr4_phy_v2_2_0_iob' (0#1) [/scratch2/nsalamini/github_new_new/cheshire/target/xilinx/build/vcu118.ddr4/ddr4.gen/sources_1/ip/ddr4/ip_1/rtl/iob/ddr4_phy_v2_2_iob.sv:72]
INFO: [Synth 8-6155] done synthesizing module 'ddr4_phy_ddr4' (0#1) [/scratch2/nsalamini/github_new_new/cheshire/target/xilinx/build/vcu118.ddr4/ddr4.gen/sources_1/ip/ddr4/ip_1/rtl/phy/ddr4_phy_ddr4.sv:90]
INFO: [Synth 8-6155] done synthesizing module 'ddr4_phy' (0#1) [/scratch2/nsalamini/github_new_new/cheshire/target/xilinx/build/vcu118.ddr4/ddr4.gen/sources_1/ip/ddr4/ip_1/rtl/ip_top/ddr4_phy.sv:76]
INFO: [Synth 8-6157] synthesizing module 'ddr4_v2_2_16_mc' [/scratch2/nsalamini/github_new_new/cheshire/target/xilinx/build/vcu118.ddr4/ddr4.gen/sources_1/ip/ddr4/rtl/controller/ddr4_v2_2_mc.sv:68]
INFO: [Synth 8-6157] synthesizing module 'ddr4_v2_2_16_mc_group' [/scratch2/nsalamini/github_new_new/cheshire/target/xilinx/build/vcu118.ddr4/ddr4.gen/sources_1/ip/ddr4/rtl/controller/ddr4_v2_2_mc_group.sv:68]
INFO: [Synth 8-6155] done synthesizing module 'ddr4_v2_2_16_mc_group' (0#1) [/scratch2/nsalamini/github_new_new/cheshire/target/xilinx/build/vcu118.ddr4/ddr4.gen/sources_1/ip/ddr4/rtl/controller/ddr4_v2_2_mc_group.sv:68]
INFO: [Synth 8-6157] synthesizing module 'ddr4_v2_2_16_mc_act_timer' [/scratch2/nsalamini/github_new_new/cheshire/target/xilinx/build/vcu118.ddr4/ddr4.gen/sources_1/ip/ddr4/rtl/controller/ddr4_v2_2_mc_act_timer.sv:68]
INFO: [Synth 8-6157] synthesizing module 'ddr4_v2_2_16_mc_act_rank' [/scratch2/nsalamini/github_new_new/cheshire/target/xilinx/build/vcu118.ddr4/ddr4.gen/sources_1/ip/ddr4/rtl/controller/ddr4_v2_2_mc_act_rank.sv:68]
INFO: [Synth 8-6155] done synthesizing module 'ddr4_v2_2_16_mc_act_rank' (0#1) [/scratch2/nsalamini/github_new_new/cheshire/target/xilinx/build/vcu118.ddr4/ddr4.gen/sources_1/ip/ddr4/rtl/controller/ddr4_v2_2_mc_act_rank.sv:68]
INFO: [Synth 8-6155] done synthesizing module 'ddr4_v2_2_16_mc_act_timer' (0#1) [/scratch2/nsalamini/github_new_new/cheshire/target/xilinx/build/vcu118.ddr4/ddr4.gen/sources_1/ip/ddr4/rtl/controller/ddr4_v2_2_mc_act_timer.sv:68]
INFO: [Synth 8-6157] synthesizing module 'ddr4_v2_2_16_mc_arb_a' [/scratch2/nsalamini/github_new_new/cheshire/target/xilinx/build/vcu118.ddr4/ddr4.gen/sources_1/ip/ddr4/rtl/controller/ddr4_v2_2_mc_arb_a.sv:68]
INFO: [Synth 8-6155] done synthesizing module 'ddr4_v2_2_16_mc_arb_a' (0#1) [/scratch2/nsalamini/github_new_new/cheshire/target/xilinx/build/vcu118.ddr4/ddr4.gen/sources_1/ip/ddr4/rtl/controller/ddr4_v2_2_mc_arb_a.sv:68]
INFO: [Synth 8-6157] synthesizing module 'ddr4_v2_2_16_mc_rd_wr' [/scratch2/nsalamini/github_new_new/cheshire/target/xilinx/build/vcu118.ddr4/ddr4.gen/sources_1/ip/ddr4/rtl/controller/ddr4_v2_2_mc_rd_wr.sv:68]
INFO: [Synth 8-6157] synthesizing module 'ddr4_v2_2_16_mc_wtr' [/scratch2/nsalamini/github_new_new/cheshire/target/xilinx/build/vcu118.ddr4/ddr4.gen/sources_1/ip/ddr4/rtl/controller/ddr4_v2_2_mc_wtr.sv:68]
INFO: [Synth 8-6155] done synthesizing module 'ddr4_v2_2_16_mc_wtr' (0#1) [/scratch2/nsalamini/github_new_new/cheshire/target/xilinx/build/vcu118.ddr4/ddr4.gen/sources_1/ip/ddr4/rtl/controller/ddr4_v2_2_mc_wtr.sv:68]
INFO: [Synth 8-6155] done synthesizing module 'ddr4_v2_2_16_mc_rd_wr' (0#1) [/scratch2/nsalamini/github_new_new/cheshire/target/xilinx/build/vcu118.ddr4/ddr4.gen/sources_1/ip/ddr4/rtl/controller/ddr4_v2_2_mc_rd_wr.sv:68]
INFO: [Synth 8-6157] synthesizing module 'ddr4_v2_2_16_mc_arb_c' [/scratch2/nsalamini/github_new_new/cheshire/target/xilinx/build/vcu118.ddr4/ddr4.gen/sources_1/ip/ddr4/rtl/controller/ddr4_v2_2_mc_arb_c.sv:68]
INFO: [Synth 8-6155] done synthesizing module 'ddr4_v2_2_16_mc_arb_c' (0#1) [/scratch2/nsalamini/github_new_new/cheshire/target/xilinx/build/vcu118.ddr4/ddr4.gen/sources_1/ip/ddr4/rtl/controller/ddr4_v2_2_mc_arb_c.sv:68]
INFO: [Synth 8-6157] synthesizing module 'ddr4_v2_2_16_mc_arb_mux_p' [/scratch2/nsalamini/github_new_new/cheshire/target/xilinx/build/vcu118.ddr4/ddr4.gen/sources_1/ip/ddr4/rtl/controller/ddr4_v2_2_mc_arb_mux_p.sv:68]
INFO: [Synth 8-6157] synthesizing module 'ddr4_v2_2_16_mc_arb_p' [/scratch2/nsalamini/github_new_new/cheshire/target/xilinx/build/vcu118.ddr4/ddr4.gen/sources_1/ip/ddr4/rtl/controller/ddr4_v2_2_mc_arb_p.sv:68]
INFO: [Synth 8-6155] done synthesizing module 'ddr4_v2_2_16_mc_arb_p' (0#1) [/scratch2/nsalamini/github_new_new/cheshire/target/xilinx/build/vcu118.ddr4/ddr4.gen/sources_1/ip/ddr4/rtl/controller/ddr4_v2_2_mc_arb_p.sv:68]
INFO: [Synth 8-6157] synthesizing module 'ddr4_v2_2_16_mc_cmd_mux_ap' [/scratch2/nsalamini/github_new_new/cheshire/target/xilinx/build/vcu118.ddr4/ddr4.gen/sources_1/ip/ddr4/rtl/controller/ddr4_v2_2_mc_cmd_mux_ap.sv:68]
INFO: [Synth 8-6155] done synthesizing module 'ddr4_v2_2_16_mc_cmd_mux_ap' (0#1) [/scratch2/nsalamini/github_new_new/cheshire/target/xilinx/build/vcu118.ddr4/ddr4.gen/sources_1/ip/ddr4/rtl/controller/ddr4_v2_2_mc_cmd_mux_ap.sv:68]
INFO: [Synth 8-6155] done synthesizing module 'ddr4_v2_2_16_mc_arb_mux_p' (0#1) [/scratch2/nsalamini/github_new_new/cheshire/target/xilinx/build/vcu118.ddr4/ddr4.gen/sources_1/ip/ddr4/rtl/controller/ddr4_v2_2_mc_arb_mux_p.sv:68]
INFO: [Synth 8-6157] synthesizing module 'ddr4_v2_2_16_mc_ctl' [/scratch2/nsalamini/github_new_new/cheshire/target/xilinx/build/vcu118.ddr4/ddr4.gen/sources_1/ip/ddr4/rtl/controller/ddr4_v2_2_mc_ctl.sv:68]
INFO: [Synth 8-155] case statement is not full and has no default [/scratch2/nsalamini/github_new_new/cheshire/target/xilinx/build/vcu118.ddr4/ddr4.gen/sources_1/ip/ddr4/rtl/controller/ddr4_v2_2_mc_ctl.sv:392]
INFO: [Synth 8-6157] synthesizing module 'ddr4_v2_2_16_cal_mc_odt' [/scratch2/nsalamini/github_new_new/cheshire/target/xilinx/build/vcu118.ddr4/ddr4.gen/sources_1/ip/ddr4/rtl/cal/ddr4_v2_2_cal_mc_odt.sv:68]
INFO: [Synth 8-6155] done synthesizing module 'ddr4_v2_2_16_cal_mc_odt' (0#1) [/scratch2/nsalamini/github_new_new/cheshire/target/xilinx/build/vcu118.ddr4/ddr4.gen/sources_1/ip/ddr4/rtl/cal/ddr4_v2_2_cal_mc_odt.sv:68]
INFO: [Synth 8-6155] done synthesizing module 'ddr4_v2_2_16_mc_ctl' (0#1) [/scratch2/nsalamini/github_new_new/cheshire/target/xilinx/build/vcu118.ddr4/ddr4.gen/sources_1/ip/ddr4/rtl/controller/ddr4_v2_2_mc_ctl.sv:68]
INFO: [Synth 8-6157] synthesizing module 'ddr4_v2_2_16_mc_cmd_mux_c' [/scratch2/nsalamini/github_new_new/cheshire/target/xilinx/build/vcu118.ddr4/ddr4.gen/sources_1/ip/ddr4/rtl/controller/ddr4_v2_2_mc_cmd_mux_c.sv:68]
INFO: [Synth 8-6155] done synthesizing module 'ddr4_v2_2_16_mc_cmd_mux_c' (0#1) [/scratch2/nsalamini/github_new_new/cheshire/target/xilinx/build/vcu118.ddr4/ddr4.gen/sources_1/ip/ddr4/rtl/controller/ddr4_v2_2_mc_cmd_mux_c.sv:68]
INFO: [Synth 8-6157] synthesizing module 'ddr4_v2_2_16_mc_ref' [/scratch2/nsalamini/github_new_new/cheshire/target/xilinx/build/vcu118.ddr4/ddr4.gen/sources_1/ip/ddr4/rtl/controller/ddr4_v2_2_mc_ref.sv:68]
INFO: [Synth 8-226] default block is never used [/scratch2/nsalamini/github_new_new/cheshire/target/xilinx/build/vcu118.ddr4/ddr4.gen/sources_1/ip/ddr4/rtl/controller/ddr4_v2_2_mc_ref.sv:386]
INFO: [Synth 8-6155] done synthesizing module 'ddr4_v2_2_16_mc_ref' (0#1) [/scratch2/nsalamini/github_new_new/cheshire/target/xilinx/build/vcu118.ddr4/ddr4.gen/sources_1/ip/ddr4/rtl/controller/ddr4_v2_2_mc_ref.sv:68]
INFO: [Synth 8-6157] synthesizing module 'ddr4_v2_2_16_mc_periodic' [/scratch2/nsalamini/github_new_new/cheshire/target/xilinx/build/vcu118.ddr4/ddr4.gen/sources_1/ip/ddr4/rtl/controller/ddr4_v2_2_mc_periodic.sv:68]
INFO: [Synth 8-6155] done synthesizing module 'ddr4_v2_2_16_mc_periodic' (0#1) [/scratch2/nsalamini/github_new_new/cheshire/target/xilinx/build/vcu118.ddr4/ddr4.gen/sources_1/ip/ddr4/rtl/controller/ddr4_v2_2_mc_periodic.sv:68]
INFO: [Synth 8-6157] synthesizing module 'ddr4_v2_2_16_mc_ecc' [/scratch2/nsalamini/github_new_new/cheshire/target/xilinx/build/vcu118.ddr4/ddr4.gen/sources_1/ip/ddr4/rtl/controller/ddr4_v2_2_mc_ecc.sv:69]
INFO: [Synth 8-6155] done synthesizing module 'ddr4_v2_2_16_mc_ecc' (0#1) [/scratch2/nsalamini/github_new_new/cheshire/target/xilinx/build/vcu118.ddr4/ddr4.gen/sources_1/ip/ddr4/rtl/controller/ddr4_v2_2_mc_ecc.sv:69]
INFO: [Synth 8-6155] done synthesizing module 'ddr4_v2_2_16_mc' (0#1) [/scratch2/nsalamini/github_new_new/cheshire/target/xilinx/build/vcu118.ddr4/ddr4.gen/sources_1/ip/ddr4/rtl/controller/ddr4_v2_2_mc.sv:68]
INFO: [Synth 8-6157] synthesizing module 'ddr4_v2_2_16_ui' [/scratch2/nsalamini/github_new_new/cheshire/target/xilinx/build/vcu118.ddr4/ddr4.gen/sources_1/ip/ddr4/rtl/ui/ddr4_v2_2_ui.sv:71]
INFO: [Synth 8-6157] synthesizing module 'ddr4_v2_2_16_ui_cmd' [/scratch2/nsalamini/github_new_new/cheshire/target/xilinx/build/vcu118.ddr4/ddr4.gen/sources_1/ip/ddr4/rtl/ui/ddr4_v2_2_ui_cmd.sv:70]
INFO: [Synth 8-6155] done synthesizing module 'ddr4_v2_2_16_ui_cmd' (0#1) [/scratch2/nsalamini/github_new_new/cheshire/target/xilinx/build/vcu118.ddr4/ddr4.gen/sources_1/ip/ddr4/rtl/ui/ddr4_v2_2_ui_cmd.sv:70]
INFO: [Synth 8-6157] synthesizing module 'ddr4_v2_2_16_ui_wr_data' [/scratch2/nsalamini/github_new_new/cheshire/target/xilinx/build/vcu118.ddr4/ddr4.gen/sources_1/ip/ddr4/rtl/ui/ddr4_v2_2_ui_wr_data.sv:131]
INFO: [Synth 8-6157] synthesizing module 'RAM32M' [/usr/pack/vitis-2022.1-zr/Vivado/2022.1/scripts/rt/data/unisim_comp.v:98065]
INFO: [Synth 8-6155] done synthesizing module 'RAM32M' (0#1) [/usr/pack/vitis-2022.1-zr/Vivado/2022.1/scripts/rt/data/unisim_comp.v:98065]
INFO: [Synth 8-155] case statement is not full and has no default [/scratch2/nsalamini/github_new_new/cheshire/target/xilinx/build/vcu118.ddr4/ddr4.gen/sources_1/ip/ddr4/rtl/ui/ddr4_v2_2_ui_wr_data.sv:362]
INFO: [Synth 8-155] case statement is not full and has no default [/scratch2/nsalamini/github_new_new/cheshire/target/xilinx/build/vcu118.ddr4/ddr4.gen/sources_1/ip/ddr4/rtl/ui/ddr4_v2_2_ui_wr_data.sv:405]
INFO: [Synth 8-6155] done synthesizing module 'ddr4_v2_2_16_ui_wr_data' (0#1) [/scratch2/nsalamini/github_new_new/cheshire/target/xilinx/build/vcu118.ddr4/ddr4.gen/sources_1/ip/ddr4/rtl/ui/ddr4_v2_2_ui_wr_data.sv:131]
INFO: [Synth 8-6157] synthesizing module 'ddr4_v2_2_16_ui_rd_data' [/scratch2/nsalamini/github_new_new/cheshire/target/xilinx/build/vcu118.ddr4/ddr4.gen/sources_1/ip/ddr4/rtl/ui/ddr4_v2_2_ui_rd_data.sv:140]
INFO: [Synth 8-155] case statement is not full and has no default [/scratch2/nsalamini/github_new_new/cheshire/target/xilinx/build/vcu118.ddr4/ddr4.gen/sources_1/ip/ddr4/rtl/ui/ddr4_v2_2_ui_rd_data.sv:627]
INFO: [Synth 8-6155] done synthesizing module 'ddr4_v2_2_16_ui_rd_data' (0#1) [/scratch2/nsalamini/github_new_new/cheshire/target/xilinx/build/vcu118.ddr4/ddr4.gen/sources_1/ip/ddr4/rtl/ui/ddr4_v2_2_ui_rd_data.sv:140]
INFO: [Synth 8-6155] done synthesizing module 'ddr4_v2_2_16_ui' (0#1) [/scratch2/nsalamini/github_new_new/cheshire/target/xilinx/build/vcu118.ddr4/ddr4.gen/sources_1/ip/ddr4/rtl/ui/ddr4_v2_2_ui.sv:71]
INFO: [Synth 8-6157] synthesizing module 'ddr4_v2_2_16_cal_top' [/scratch2/nsalamini/github_new_new/cheshire/target/xilinx/build/vcu118.ddr4/ddr4.gen/sources_1/ip/ddr4/rtl/cal/ddr4_v2_2_cal_top.sv:69]
INFO: [Synth 8-6157] synthesizing module 'ddr4_v2_2_16_cal' [/scratch2/nsalamini/github_new_new/cheshire/target/xilinx/build/vcu118.ddr4/ddr4.gen/sources_1/ip/ddr4/rtl/cal/ddr4_v2_2_cal.sv:70]
INFO: [Synth 8-155] case statement is not full and has no default [/scratch2/nsalamini/github_new_new/cheshire/target/xilinx/build/vcu118.ddr4/ddr4.gen/sources_1/ip/ddr4/rtl/cal/ddr4_v2_2_cal.sv:2028]
INFO: [Synth 8-6157] synthesizing module 'ddr4_v2_2_16_cal_addr_decode' [/scratch2/nsalamini/github_new_new/cheshire/target/xilinx/build/vcu118.ddr4/ddr4.gen/sources_1/ip/ddr4/rtl/cal/ddr4_v2_2_cal_addr_decode.sv:89]
INFO: [Synth 8-155] case statement is not full and has no default [/scratch2/nsalamini/github_new_new/cheshire/target/xilinx/build/vcu118.ddr4/ddr4.gen/sources_1/ip/ddr4/rtl/cal/ddr4_v2_2_cal_addr_decode.sv:1399]
INFO: [Synth 8-6157] synthesizing module 'ddr4_v2_2_16_cal_cplx' [/scratch2/nsalamini/github_new_new/cheshire/target/xilinx/build/vcu118.ddr4/ddr4.gen/sources_1/ip/ddr4/rtl/cal/ddr4_v2_2_cal_cplx.sv:68]
INFO: [Synth 8-226] default block is never used [/scratch2/nsalamini/github_new_new/cheshire/target/xilinx/build/vcu118.ddr4/ddr4.gen/sources_1/ip/ddr4/rtl/cal/ddr4_v2_2_cal_cplx.sv:598]
INFO: [Synth 8-6157] synthesizing module 'ddr4_v2_2_16_cal_cplx_data' [/scratch2/nsalamini/github_new_new/cheshire/target/xilinx/build/vcu118.ddr4/ddr4.gen/sources_1/ip/ddr4/rtl/cal/ddr4_v2_2_cal_cplx_data.sv:71]
INFO: [Synth 8-6155] done synthesizing module 'ddr4_v2_2_16_cal_cplx_data' (0#1) [/scratch2/nsalamini/github_new_new/cheshire/target/xilinx/build/vcu118.ddr4/ddr4.gen/sources_1/ip/ddr4/rtl/cal/ddr4_v2_2_cal_cplx_data.sv:71]
INFO: [Synth 8-6155] done synthesizing module 'ddr4_v2_2_16_cal_cplx' (0#1) [/scratch2/nsalamini/github_new_new/cheshire/target/xilinx/build/vcu118.ddr4/ddr4.gen/sources_1/ip/ddr4/rtl/cal/ddr4_v2_2_cal_cplx.sv:68]
INFO: [Synth 8-6157] synthesizing module 'ddr4_v2_2_16_cal_mc_odt__parameterized0' [/scratch2/nsalamini/github_new_new/cheshire/target/xilinx/build/vcu118.ddr4/ddr4.gen/sources_1/ip/ddr4/rtl/cal/ddr4_v2_2_cal_mc_odt.sv:68]
INFO: [Synth 8-6155] done synthesizing module 'ddr4_v2_2_16_cal_mc_odt__parameterized0' (0#1) [/scratch2/nsalamini/github_new_new/cheshire/target/xilinx/build/vcu118.ddr4/ddr4.gen/sources_1/ip/ddr4/rtl/cal/ddr4_v2_2_cal_mc_odt.sv:68]
INFO: [Synth 8-6155] done synthesizing module 'ddr4_v2_2_16_cal_addr_decode' (0#1) [/scratch2/nsalamini/github_new_new/cheshire/target/xilinx/build/vcu118.ddr4/ddr4.gen/sources_1/ip/ddr4/rtl/cal/ddr4_v2_2_cal_addr_decode.sv:89]
INFO: [Synth 8-6157] synthesizing module 'ddr4_v2_2_16_cal_config_rom' [/scratch2/nsalamini/github_new_new/cheshire/target/xilinx/build/vcu118.ddr4/ddr4.gen/sources_1/ip/ddr4/rtl/cal/ddr4_v2_2_cal_config_rom.sv:68]
INFO: [Synth 8-6155] done synthesizing module 'ddr4_v2_2_16_cal_config_rom' (0#1) [/scratch2/nsalamini/github_new_new/cheshire/target/xilinx/build/vcu118.ddr4/ddr4.gen/sources_1/ip/ddr4/rtl/cal/ddr4_v2_2_cal_config_rom.sv:68]
INFO: [Synth 8-6157] synthesizing module 'ddr4_v2_2_16_chipscope_xsdb_slave' [/scratch2/nsalamini/github_new_new/cheshire/target/xilinx/build/vcu118.ddr4/ddr4.gen/sources_1/ip/ddr4/rtl/cal/ddr4_v2_2_chipscope_xsdb_slave.sv:28]
INFO: [Synth 8-6155] done synthesizing module 'ddr4_v2_2_16_chipscope_xsdb_slave' (0#1) [/scratch2/nsalamini/github_new_new/cheshire/target/xilinx/build/vcu118.ddr4/ddr4.gen/sources_1/ip/ddr4/rtl/cal/ddr4_v2_2_chipscope_xsdb_slave.sv:28]
INFO: [Synth 8-6157] synthesizing module 'ddr4_v2_2_16_cal_xsdb_arbiter' [/scratch2/nsalamini/github_new_new/cheshire/target/xilinx/build/vcu118.ddr4/ddr4.gen/sources_1/ip/ddr4/rtl/cal/ddr4_v2_2_cal_xsdb_arbiter.sv:68]
INFO: [Synth 8-6157] synthesizing module 'ddr4_v2_2_16_cal_sync' [/scratch2/nsalamini/github_new_new/cheshire/target/xilinx/build/vcu118.ddr4/ddr4.gen/sources_1/ip/ddr4/rtl/cal/ddr4_v2_2_cal_sync.sv:68]
INFO: [Synth 8-6155] done synthesizing module 'ddr4_v2_2_16_cal_sync' (0#1) [/scratch2/nsalamini/github_new_new/cheshire/target/xilinx/build/vcu118.ddr4/ddr4.gen/sources_1/ip/ddr4/rtl/cal/ddr4_v2_2_cal_sync.sv:68]
INFO: [Synth 8-6157] synthesizing module 'ddr4_v2_2_16_cal_sync__parameterized0' [/scratch2/nsalamini/github_new_new/cheshire/target/xilinx/build/vcu118.ddr4/ddr4.gen/sources_1/ip/ddr4/rtl/cal/ddr4_v2_2_cal_sync.sv:68]
INFO: [Synth 8-6155] done synthesizing module 'ddr4_v2_2_16_cal_sync__parameterized0' (0#1) [/scratch2/nsalamini/github_new_new/cheshire/target/xilinx/build/vcu118.ddr4/ddr4.gen/sources_1/ip/ddr4/rtl/cal/ddr4_v2_2_cal_sync.sv:68]
INFO: [Synth 8-6157] synthesizing module 'ddr4_v2_2_16_cal_sync__parameterized1' [/scratch2/nsalamini/github_new_new/cheshire/target/xilinx/build/vcu118.ddr4/ddr4.gen/sources_1/ip/ddr4/rtl/cal/ddr4_v2_2_cal_sync.sv:68]
INFO: [Synth 8-6155] done synthesizing module 'ddr4_v2_2_16_cal_sync__parameterized1' (0#1) [/scratch2/nsalamini/github_new_new/cheshire/target/xilinx/build/vcu118.ddr4/ddr4.gen/sources_1/ip/ddr4/rtl/cal/ddr4_v2_2_cal_sync.sv:68]
INFO: [Synth 8-6157] synthesizing module 'ddr4_v2_2_16_cal_sync__parameterized2' [/scratch2/nsalamini/github_new_new/cheshire/target/xilinx/build/vcu118.ddr4/ddr4.gen/sources_1/ip/ddr4/rtl/cal/ddr4_v2_2_cal_sync.sv:68]
INFO: [Synth 8-6155] done synthesizing module 'ddr4_v2_2_16_cal_sync__parameterized2' (0#1) [/scratch2/nsalamini/github_new_new/cheshire/target/xilinx/build/vcu118.ddr4/ddr4.gen/sources_1/ip/ddr4/rtl/cal/ddr4_v2_2_cal_sync.sv:68]
INFO: [Synth 8-6157] synthesizing module 'ddr4_v2_2_16_cal_sync__parameterized3' [/scratch2/nsalamini/github_new_new/cheshire/target/xilinx/build/vcu118.ddr4/ddr4.gen/sources_1/ip/ddr4/rtl/cal/ddr4_v2_2_cal_sync.sv:68]
INFO: [Synth 8-6155] done synthesizing module 'ddr4_v2_2_16_cal_sync__parameterized3' (0#1) [/scratch2/nsalamini/github_new_new/cheshire/target/xilinx/build/vcu118.ddr4/ddr4.gen/sources_1/ip/ddr4/rtl/cal/ddr4_v2_2_cal_sync.sv:68]
INFO: [Synth 8-6155] done synthesizing module 'ddr4_v2_2_16_cal_xsdb_arbiter' (0#1) [/scratch2/nsalamini/github_new_new/cheshire/target/xilinx/build/vcu118.ddr4/ddr4.gen/sources_1/ip/ddr4/rtl/cal/ddr4_v2_2_cal_xsdb_arbiter.sv:68]
INFO: [Synth 8-6157] synthesizing module 'ddr4_v2_2_16_cal_xsdb_bram' [/scratch2/nsalamini/github_new_new/cheshire/target/xilinx/build/vcu118.ddr4/ddr4.gen/sources_1/ip/ddr4/rtl/cal/ddr4_v2_2_cal_xsdb_bram.sv:67]
INFO: [Synth 8-6157] synthesizing module 'ddr4_v2_2_16_cfg_mem_mod' [/scratch2/nsalamini/github_new_new/cheshire/target/xilinx/build/vcu118.ddr4/ddr4.gen/sources_1/ip/ddr4/rtl/cal/ddr4_v2_2_dp_AB9.sv:66]
INFO: [Synth 8-6157] synthesizing module 'ddr4_v2_2_16_bram_tdp' [/scratch2/nsalamini/github_new_new/cheshire/target/xilinx/build/vcu118.ddr4/ddr4.gen/sources_1/ip/ddr4/rtl/cal/ddr4_v2_2_dp_AB9.sv:174]
INFO: [Synth 8-6155] done synthesizing module 'ddr4_v2_2_16_bram_tdp' (0#1) [/scratch2/nsalamini/github_new_new/cheshire/target/xilinx/build/vcu118.ddr4/ddr4.gen/sources_1/ip/ddr4/rtl/cal/ddr4_v2_2_dp_AB9.sv:174]
INFO: [Synth 8-6155] done synthesizing module 'ddr4_v2_2_16_cfg_mem_mod' (0#1) [/scratch2/nsalamini/github_new_new/cheshire/target/xilinx/build/vcu118.ddr4/ddr4.gen/sources_1/ip/ddr4/rtl/cal/ddr4_v2_2_dp_AB9.sv:66]
INFO: [Synth 8-6155] done synthesizing module 'ddr4_v2_2_16_cal_xsdb_bram' (0#1) [/scratch2/nsalamini/github_new_new/cheshire/target/xilinx/build/vcu118.ddr4/ddr4.gen/sources_1/ip/ddr4/rtl/cal/ddr4_v2_2_cal_xsdb_bram.sv:67]
INFO: [Synth 8-6155] done synthesizing module 'ddr4_v2_2_16_cal' (0#1) [/scratch2/nsalamini/github_new_new/cheshire/target/xilinx/build/vcu118.ddr4/ddr4.gen/sources_1/ip/ddr4/rtl/cal/ddr4_v2_2_cal.sv:70]
INFO: [Synth 8-6157] synthesizing module 'ddr4_v2_2_16_cal_pi' [/scratch2/nsalamini/github_new_new/cheshire/target/xilinx/build/vcu118.ddr4/ddr4.gen/sources_1/ip/ddr4/rtl/cal/ddr4_v2_2_cal_pi.sv:68]
INFO: [Synth 8-6157] synthesizing module 'ddr4_v2_2_16_cal_rd_en' [/scratch2/nsalamini/github_new_new/cheshire/target/xilinx/build/vcu118.ddr4/ddr4.gen/sources_1/ip/ddr4/rtl/cal/ddr4_v2_2_cal_rd_en.sv:68]
INFO: [Synth 8-6155] done synthesizing module 'ddr4_v2_2_16_cal_rd_en' (0#1) [/scratch2/nsalamini/github_new_new/cheshire/target/xilinx/build/vcu118.ddr4/ddr4.gen/sources_1/ip/ddr4/rtl/cal/ddr4_v2_2_cal_rd_en.sv:68]
INFO: [Synth 8-6157] synthesizing module 'ddr4_v2_2_16_cal_read' [/scratch2/nsalamini/github_new_new/cheshire/target/xilinx/build/vcu118.ddr4/ddr4.gen/sources_1/ip/ddr4/rtl/cal/ddr4_v2_2_cal_read.sv:68]
INFO: [Synth 8-6155] done synthesizing module 'ddr4_v2_2_16_cal_read' (0#1) [/scratch2/nsalamini/github_new_new/cheshire/target/xilinx/build/vcu118.ddr4/ddr4.gen/sources_1/ip/ddr4/rtl/cal/ddr4_v2_2_cal_read.sv:68]
INFO: [Synth 8-6157] synthesizing module 'ddr4_v2_2_16_cal_write' [/scratch2/nsalamini/github_new_new/cheshire/target/xilinx/build/vcu118.ddr4/ddr4.gen/sources_1/ip/ddr4/rtl/cal/ddr4_v2_2_cal_write.sv:68]
INFO: [Synth 8-6157] synthesizing module 'ddr4_v2_2_16_cal_wr_byte' [/scratch2/nsalamini/github_new_new/cheshire/target/xilinx/build/vcu118.ddr4/ddr4.gen/sources_1/ip/ddr4/rtl/cal/ddr4_v2_2_cal_wr_byte.sv:68]
INFO: [Synth 8-6157] synthesizing module 'ddr4_v2_2_16_cal_wr_bit' [/scratch2/nsalamini/github_new_new/cheshire/target/xilinx/build/vcu118.ddr4/ddr4.gen/sources_1/ip/ddr4/rtl/cal/ddr4_v2_2_cal_wr_bit.sv:68]
INFO: [Synth 8-6155] done synthesizing module 'ddr4_v2_2_16_cal_wr_bit' (0#1) [/scratch2/nsalamini/github_new_new/cheshire/target/xilinx/build/vcu118.ddr4/ddr4.gen/sources_1/ip/ddr4/rtl/cal/ddr4_v2_2_cal_wr_bit.sv:68]
INFO: [Synth 8-6155] done synthesizing module 'ddr4_v2_2_16_cal_wr_byte' (0#1) [/scratch2/nsalamini/github_new_new/cheshire/target/xilinx/build/vcu118.ddr4/ddr4.gen/sources_1/ip/ddr4/rtl/cal/ddr4_v2_2_cal_wr_byte.sv:68]
INFO: [Synth 8-6155] done synthesizing module 'ddr4_v2_2_16_cal_write' (0#1) [/scratch2/nsalamini/github_new_new/cheshire/target/xilinx/build/vcu118.ddr4/ddr4.gen/sources_1/ip/ddr4/rtl/cal/ddr4_v2_2_cal_write.sv:68]
INFO: [Synth 8-6155] done synthesizing module 'ddr4_v2_2_16_cal_pi' (0#1) [/scratch2/nsalamini/github_new_new/cheshire/target/xilinx/build/vcu118.ddr4/ddr4.gen/sources_1/ip/ddr4/rtl/cal/ddr4_v2_2_cal_pi.sv:68]
INFO: [Synth 8-6155] done synthesizing module 'ddr4_v2_2_16_cal_top' (0#1) [/scratch2/nsalamini/github_new_new/cheshire/target/xilinx/build/vcu118.ddr4/ddr4.gen/sources_1/ip/ddr4/rtl/cal/ddr4_v2_2_cal_top.sv:69]
INFO: [Synth 8-6157] synthesizing module 'ddr4_ddr4_cal_riu' [/scratch2/nsalamini/github_new_new/cheshire/target/xilinx/build/vcu118.ddr4/ddr4.gen/sources_1/ip/ddr4/rtl/cal/ddr4_ddr4_cal_riu.sv:89]
INFO: [Synth 8-6157] synthesizing module 'ddr4_microblaze_mcs' [/scratch2/nsalamini/github_new_new/cheshire/target/xilinx/build/vcu118.ddr4/ddr4.gen/sources_1/ip/ddr4/ip_0/synth/ddr4_microblaze_mcs.v:53]
INFO: [Synth 8-6157] synthesizing module 'bd_c703' [/scratch2/nsalamini/github_new_new/cheshire/target/xilinx/build/vcu118.ddr4/ddr4.gen/sources_1/ip/ddr4/bd_0/synth/bd_c703.v:9]
INFO: [Synth 8-638] synthesizing module 'bd_c703_dlmb_0' [/scratch2/nsalamini/github_new_new/cheshire/target/xilinx/build/vcu118.ddr4/ddr4.gen/sources_1/ip/ddr4/bd_0/ip/ip_3/synth/bd_c703_dlmb_0.vhd:89]
	Parameter C_LMB_NUM_SLAVES bound to: 3 - type: integer 
	Parameter C_LMB_DWIDTH bound to: 32 - type: integer 
	Parameter C_LMB_AWIDTH bound to: 32 - type: integer 
	Parameter C_LMB_PROTOCOL bound to: 0 - type: integer 
	Parameter C_EXT_RESET_HIGH bound to: 1 - type: integer 
INFO: [Synth 8-3491] module 'lmb_v10' declared at '/scratch2/nsalamini/github_new_new/cheshire/target/xilinx/build/vcu118.ddr4/ddr4.gen/sources_1/ip/ddr4/bd_0/ip/ip_2/hdl/lmb_v10_v3_0_vh_rfs.vhd:92' bound to instance 'U0' of component 'lmb_v10' [/scratch2/nsalamini/github_new_new/cheshire/target/xilinx/build/vcu118.ddr4/ddr4.gen/sources_1/ip/ddr4/bd_0/ip/ip_3/synth/bd_c703_dlmb_0.vhd:165]
INFO: [Synth 8-638] synthesizing module 'lmb_v10' [/scratch2/nsalamini/github_new_new/cheshire/target/xilinx/build/vcu118.ddr4/ddr4.gen/sources_1/ip/ddr4/bd_0/ip/ip_2/hdl/lmb_v10_v3_0_vh_rfs.vhd:141]
INFO: [Synth 8-3491] module 'FDS' declared at '/usr/pack/vitis-2022.1-zr/Vivado/2022.1/scripts/rt/data/unisim_comp.v:27959' bound to instance 'POR_FF_I' of component 'FDS' [/scratch2/nsalamini/github_new_new/cheshire/target/xilinx/build/vcu118.ddr4/ddr4.gen/sources_1/ip/ddr4/bd_0/ip/ip_2/hdl/lmb_v10_v3_0_vh_rfs.vhd:171]
INFO: [Synth 8-6157] synthesizing module 'FDS' [/usr/pack/vitis-2022.1-zr/Vivado/2022.1/scripts/rt/data/unisim_comp.v:27959]
INFO: [Synth 8-6155] done synthesizing module 'FDS' (0#1) [/usr/pack/vitis-2022.1-zr/Vivado/2022.1/scripts/rt/data/unisim_comp.v:27959]
INFO: [Synth 8-256] done synthesizing module 'lmb_v10' (0#1) [/scratch2/nsalamini/github_new_new/cheshire/target/xilinx/build/vcu118.ddr4/ddr4.gen/sources_1/ip/ddr4/bd_0/ip/ip_2/hdl/lmb_v10_v3_0_vh_rfs.vhd:141]
INFO: [Synth 8-256] done synthesizing module 'bd_c703_dlmb_0' (0#1) [/scratch2/nsalamini/github_new_new/cheshire/target/xilinx/build/vcu118.ddr4/ddr4.gen/sources_1/ip/ddr4/bd_0/ip/ip_3/synth/bd_c703_dlmb_0.vhd:89]
WARNING: [Synth 8-7071] port 'LMB_Rst' of module 'bd_c703_dlmb_0' is unconnected for instance 'dlmb' [/scratch2/nsalamini/github_new_new/cheshire/target/xilinx/build/vcu118.ddr4/ddr4.gen/sources_1/ip/ddr4/bd_0/synth/bd_c703.v:259]
WARNING: [Synth 8-7023] instance 'dlmb' of module 'bd_c703_dlmb_0' has 25 connections declared, but only 24 given [/scratch2/nsalamini/github_new_new/cheshire/target/xilinx/build/vcu118.ddr4/ddr4.gen/sources_1/ip/ddr4/bd_0/synth/bd_c703.v:259]
INFO: [Synth 8-638] synthesizing module 'bd_c703_dlmb_cntlr_0' [/scratch2/nsalamini/github_new_new/cheshire/target/xilinx/build/vcu118.ddr4/ddr4.gen/sources_1/ip/ddr4/bd_0/ip/ip_4/synth/bd_c703_dlmb_cntlr_0.vhd:84]
	Parameter C_FAMILY bound to: virtexuplus - type: string 
	Parameter C_HIGHADDR bound to: 64'b0000000000000000000000000000000000000000000000001111111111111111 
	Parameter C_BASEADDR bound to: 64'b0000000000000000000000000000000000000000000000000000000000000000 
	Parameter C_NUM_LMB bound to: 1 - type: integer 
	Parameter C_MASK bound to: 64'b0000000000000000000000000000000011000000000000010000000000000000 
	Parameter C_MASK1 bound to: 64'b0000000000000000000000000000000000000000100000000000000000000000 
	Parameter C_MASK2 bound to: 64'b0000000000000000000000000000000000000000100000000000000000000000 
	Parameter C_MASK3 bound to: 64'b0000000000000000000000000000000000000000100000000000000000000000 
	Parameter C_LMB_AWIDTH bound to: 32 - type: integer 
	Parameter C_LMB_DWIDTH bound to: 32 - type: integer 
	Parameter C_LMB_PROTOCOL bound to: 0 - type: integer 
	Parameter C_ECC bound to: 0 - type: integer 
	Parameter C_INTERCONNECT bound to: 0 - type: integer 
	Parameter C_FAULT_INJECT bound to: 0 - type: integer 
	Parameter C_CE_FAILING_REGISTERS bound to: 0 - type: integer 
	Parameter C_UE_FAILING_REGISTERS bound to: 0 - type: integer 
	Parameter C_ECC_STATUS_REGISTERS bound to: 0 - type: integer 
	Parameter C_ECC_ONOFF_REGISTER bound to: 0 - type: integer 
	Parameter C_ECC_ONOFF_RESET_VALUE bound to: 1 - type: integer 
	Parameter C_CE_COUNTER_WIDTH bound to: 0 - type: integer 
	Parameter C_WRITE_ACCESS bound to: 2 - type: integer 
	Parameter C_BRAM_AWIDTH bound to: 32 - type: integer 
	Parameter C_S_AXI_CTRL_ADDR_WIDTH bound to: 32 - type: integer 
	Parameter C_S_AXI_CTRL_DATA_WIDTH bound to: 32 - type: integer 
INFO: [Synth 8-3491] module 'lmb_bram_if_cntlr' declared at '/scratch2/nsalamini/github_new_new/cheshire/target/xilinx/build/vcu118.ddr4/ddr4.gen/sources_1/ip/ddr4/bd_0/ip/ip_4/hdl/lmb_bram_if_cntlr_v4_0_vh_rfs.vhd:4514' bound to instance 'U0' of component 'lmb_bram_if_cntlr' [/scratch2/nsalamini/github_new_new/cheshire/target/xilinx/build/vcu118.ddr4/ddr4.gen/sources_1/ip/ddr4/bd_0/ip/ip_4/synth/bd_c703_dlmb_cntlr_0.vhd:226]
INFO: [Synth 8-638] synthesizing module 'lmb_bram_if_cntlr' [/scratch2/nsalamini/github_new_new/cheshire/target/xilinx/build/vcu118.ddr4/ddr4.gen/sources_1/ip/ddr4/bd_0/ip/ip_4/hdl/lmb_bram_if_cntlr_v4_0_vh_rfs.vhd:4639]
	Parameter C_TARGET bound to: 7 - type: integer 
	Parameter C_BASEADDR bound to: 64'b0000000000000000000000000000000000000000000000000000000000000000 
	Parameter C_MASK bound to: 64'b0000000000000000000000000000000011000000000000010000000000000000 
	Parameter C_MASK1 bound to: 64'b0000000000000000000000000000000000000000100000000000000000000000 
	Parameter C_MASK2 bound to: 64'b0000000000000000000000000000000000000000100000000000000000000000 
	Parameter C_MASK3 bound to: 64'b0000000000000000000000000000000000000000100000000000000000000000 
	Parameter C_LMB_AWIDTH bound to: 32 - type: integer 
	Parameter C_LMB_DWIDTH bound to: 32 - type: integer 
	Parameter C_ECC_WIDTH bound to: 7 - type: integer 
	Parameter C_ECC bound to: 0 - type: integer 
	Parameter C_NUM_LMB bound to: 1 - type: integer 
	Parameter C_LMB_PROTOCOL bound to: 0 - type: integer 
INFO: [Synth 8-3491] module 'lmb_mux' declared at '/scratch2/nsalamini/github_new_new/cheshire/target/xilinx/build/vcu118.ddr4/ddr4.gen/sources_1/ip/ddr4/bd_0/ip/ip_4/hdl/lmb_bram_if_cntlr_v4_0_vh_rfs.vhd:3893' bound to instance 'lmb_mux_I' of component 'lmb_mux' [/scratch2/nsalamini/github_new_new/cheshire/target/xilinx/build/vcu118.ddr4/ddr4.gen/sources_1/ip/ddr4/bd_0/ip/ip_4/hdl/lmb_bram_if_cntlr_v4_0_vh_rfs.vhd:4908]
INFO: [Synth 8-638] synthesizing module 'lmb_mux' [/scratch2/nsalamini/github_new_new/cheshire/target/xilinx/build/vcu118.ddr4/ddr4.gen/sources_1/ip/ddr4/bd_0/ip/ip_4/hdl/lmb_bram_if_cntlr_v4_0_vh_rfs.vhd:3981]
	Parameter C_AW bound to: 32 - type: integer 
	Parameter C_BAR bound to: 64'b0000000000000000000000000000000000000000000000000000000000000000 
	Parameter C_MASK bound to: 64'b0000000000000000000000000000000011000000000000010000000000000000 
INFO: [Synth 8-3491] module 'pselect_mask' declared at '/scratch2/nsalamini/github_new_new/cheshire/target/xilinx/build/vcu118.ddr4/ddr4.gen/sources_1/ip/ddr4/bd_0/ip/ip_4/hdl/lmb_bram_if_cntlr_v4_0_vh_rfs.vhd:3476' bound to instance 'pselect_mask_lmb' of component 'pselect_mask' [/scratch2/nsalamini/github_new_new/cheshire/target/xilinx/build/vcu118.ddr4/ddr4.gen/sources_1/ip/ddr4/bd_0/ip/ip_4/hdl/lmb_bram_if_cntlr_v4_0_vh_rfs.vhd:4052]
INFO: [Synth 8-638] synthesizing module 'lmb_bram_if_cntlr_v4_0_21_pselect_mask' [/scratch2/nsalamini/github_new_new/cheshire/target/xilinx/build/vcu118.ddr4/ddr4.gen/sources_1/ip/ddr4/bd_0/ip/ip_4/hdl/lmb_bram_if_cntlr_v4_0_vh_rfs.vhd:3491]
INFO: [Synth 8-256] done synthesizing module 'lmb_bram_if_cntlr_v4_0_21_pselect_mask' (0#1) [/scratch2/nsalamini/github_new_new/cheshire/target/xilinx/build/vcu118.ddr4/ddr4.gen/sources_1/ip/ddr4/bd_0/ip/ip_4/hdl/lmb_bram_if_cntlr_v4_0_vh_rfs.vhd:3491]
INFO: [Synth 8-256] done synthesizing module 'lmb_mux' (0#1) [/scratch2/nsalamini/github_new_new/cheshire/target/xilinx/build/vcu118.ddr4/ddr4.gen/sources_1/ip/ddr4/bd_0/ip/ip_4/hdl/lmb_bram_if_cntlr_v4_0_vh_rfs.vhd:3981]
INFO: [Synth 8-256] done synthesizing module 'lmb_bram_if_cntlr' (0#1) [/scratch2/nsalamini/github_new_new/cheshire/target/xilinx/build/vcu118.ddr4/ddr4.gen/sources_1/ip/ddr4/bd_0/ip/ip_4/hdl/lmb_bram_if_cntlr_v4_0_vh_rfs.vhd:4639]
INFO: [Synth 8-256] done synthesizing module 'bd_c703_dlmb_cntlr_0' (0#1) [/scratch2/nsalamini/github_new_new/cheshire/target/xilinx/build/vcu118.ddr4/ddr4.gen/sources_1/ip/ddr4/bd_0/ip/ip_4/synth/bd_c703_dlmb_cntlr_0.vhd:84]
INFO: [Synth 8-638] synthesizing module 'bd_c703_ilmb_0' [/scratch2/nsalamini/github_new_new/cheshire/target/xilinx/build/vcu118.ddr4/ddr4.gen/sources_1/ip/ddr4/bd_0/ip/ip_2/synth/bd_c703_ilmb_0.vhd:89]
	Parameter C_LMB_NUM_SLAVES bound to: 2 - type: integer 
	Parameter C_LMB_DWIDTH bound to: 32 - type: integer 
	Parameter C_LMB_AWIDTH bound to: 32 - type: integer 
	Parameter C_LMB_PROTOCOL bound to: 0 - type: integer 
	Parameter C_EXT_RESET_HIGH bound to: 1 - type: integer 
INFO: [Synth 8-3491] module 'lmb_v10' declared at '/scratch2/nsalamini/github_new_new/cheshire/target/xilinx/build/vcu118.ddr4/ddr4.gen/sources_1/ip/ddr4/bd_0/ip/ip_2/hdl/lmb_v10_v3_0_vh_rfs.vhd:92' bound to instance 'U0' of component 'lmb_v10' [/scratch2/nsalamini/github_new_new/cheshire/target/xilinx/build/vcu118.ddr4/ddr4.gen/sources_1/ip/ddr4/bd_0/ip/ip_2/synth/bd_c703_ilmb_0.vhd:165]
INFO: [Synth 8-638] synthesizing module 'lmb_v10__parameterized1' [/scratch2/nsalamini/github_new_new/cheshire/target/xilinx/build/vcu118.ddr4/ddr4.gen/sources_1/ip/ddr4/bd_0/ip/ip_2/hdl/lmb_v10_v3_0_vh_rfs.vhd:141]
INFO: [Synth 8-3491] module 'FDS' declared at '/usr/pack/vitis-2022.1-zr/Vivado/2022.1/scripts/rt/data/unisim_comp.v:27959' bound to instance 'POR_FF_I' of component 'FDS' [/scratch2/nsalamini/github_new_new/cheshire/target/xilinx/build/vcu118.ddr4/ddr4.gen/sources_1/ip/ddr4/bd_0/ip/ip_2/hdl/lmb_v10_v3_0_vh_rfs.vhd:171]
INFO: [Synth 8-256] done synthesizing module 'lmb_v10__parameterized1' (0#1) [/scratch2/nsalamini/github_new_new/cheshire/target/xilinx/build/vcu118.ddr4/ddr4.gen/sources_1/ip/ddr4/bd_0/ip/ip_2/hdl/lmb_v10_v3_0_vh_rfs.vhd:141]
INFO: [Synth 8-256] done synthesizing module 'bd_c703_ilmb_0' (0#1) [/scratch2/nsalamini/github_new_new/cheshire/target/xilinx/build/vcu118.ddr4/ddr4.gen/sources_1/ip/ddr4/bd_0/ip/ip_2/synth/bd_c703_ilmb_0.vhd:89]
WARNING: [Synth 8-7071] port 'LMB_Rst' of module 'bd_c703_ilmb_0' is unconnected for instance 'ilmb' [/scratch2/nsalamini/github_new_new/cheshire/target/xilinx/build/vcu118.ddr4/ddr4.gen/sources_1/ip/ddr4/bd_0/synth/bd_c703.v:307]
WARNING: [Synth 8-7023] instance 'ilmb' of module 'bd_c703_ilmb_0' has 25 connections declared, but only 24 given [/scratch2/nsalamini/github_new_new/cheshire/target/xilinx/build/vcu118.ddr4/ddr4.gen/sources_1/ip/ddr4/bd_0/synth/bd_c703.v:307]
INFO: [Synth 8-638] synthesizing module 'bd_c703_ilmb_cntlr_0' [/scratch2/nsalamini/github_new_new/cheshire/target/xilinx/build/vcu118.ddr4/ddr4.gen/sources_1/ip/ddr4/bd_0/ip/ip_5/synth/bd_c703_ilmb_cntlr_0.vhd:84]
	Parameter C_FAMILY bound to: virtexuplus - type: string 
	Parameter C_HIGHADDR bound to: 64'b0000000000000000000000000000000000000000000000001111111111111111 
	Parameter C_BASEADDR bound to: 64'b0000000000000000000000000000000000000000000000000000000000000000 
	Parameter C_NUM_LMB bound to: 1 - type: integer 
	Parameter C_MASK bound to: 64'b0000000000000000000000000000000010000000000000010000000000000000 
	Parameter C_MASK1 bound to: 64'b0000000000000000000000000000000000000000100000000000000000000000 
	Parameter C_MASK2 bound to: 64'b0000000000000000000000000000000000000000100000000000000000000000 
	Parameter C_MASK3 bound to: 64'b0000000000000000000000000000000000000000100000000000000000000000 
	Parameter C_LMB_AWIDTH bound to: 32 - type: integer 
	Parameter C_LMB_DWIDTH bound to: 32 - type: integer 
	Parameter C_LMB_PROTOCOL bound to: 0 - type: integer 
	Parameter C_ECC bound to: 0 - type: integer 
	Parameter C_INTERCONNECT bound to: 0 - type: integer 
	Parameter C_FAULT_INJECT bound to: 0 - type: integer 
	Parameter C_CE_FAILING_REGISTERS bound to: 0 - type: integer 
	Parameter C_UE_FAILING_REGISTERS bound to: 0 - type: integer 
	Parameter C_ECC_STATUS_REGISTERS bound to: 0 - type: integer 
	Parameter C_ECC_ONOFF_REGISTER bound to: 0 - type: integer 
	Parameter C_ECC_ONOFF_RESET_VALUE bound to: 1 - type: integer 
	Parameter C_CE_COUNTER_WIDTH bound to: 0 - type: integer 
	Parameter C_WRITE_ACCESS bound to: 2 - type: integer 
	Parameter C_BRAM_AWIDTH bound to: 32 - type: integer 
	Parameter C_S_AXI_CTRL_ADDR_WIDTH bound to: 32 - type: integer 
	Parameter C_S_AXI_CTRL_DATA_WIDTH bound to: 32 - type: integer 
INFO: [Synth 8-3491] module 'lmb_bram_if_cntlr' declared at '/scratch2/nsalamini/github_new_new/cheshire/target/xilinx/build/vcu118.ddr4/ddr4.gen/sources_1/ip/ddr4/bd_0/ip/ip_4/hdl/lmb_bram_if_cntlr_v4_0_vh_rfs.vhd:4514' bound to instance 'U0' of component 'lmb_bram_if_cntlr' [/scratch2/nsalamini/github_new_new/cheshire/target/xilinx/build/vcu118.ddr4/ddr4.gen/sources_1/ip/ddr4/bd_0/ip/ip_5/synth/bd_c703_ilmb_cntlr_0.vhd:226]
INFO: [Synth 8-638] synthesizing module 'lmb_bram_if_cntlr__parameterized1' [/scratch2/nsalamini/github_new_new/cheshire/target/xilinx/build/vcu118.ddr4/ddr4.gen/sources_1/ip/ddr4/bd_0/ip/ip_4/hdl/lmb_bram_if_cntlr_v4_0_vh_rfs.vhd:4639]
	Parameter C_TARGET bound to: 7 - type: integer 
	Parameter C_BASEADDR bound to: 64'b0000000000000000000000000000000000000000000000000000000000000000 
	Parameter C_MASK bound to: 64'b0000000000000000000000000000000010000000000000010000000000000000 
	Parameter C_MASK1 bound to: 64'b0000000000000000000000000000000000000000100000000000000000000000 
	Parameter C_MASK2 bound to: 64'b0000000000000000000000000000000000000000100000000000000000000000 
	Parameter C_MASK3 bound to: 64'b0000000000000000000000000000000000000000100000000000000000000000 
	Parameter C_LMB_AWIDTH bound to: 32 - type: integer 
	Parameter C_LMB_DWIDTH bound to: 32 - type: integer 
	Parameter C_ECC_WIDTH bound to: 7 - type: integer 
	Parameter C_ECC bound to: 0 - type: integer 
	Parameter C_NUM_LMB bound to: 1 - type: integer 
	Parameter C_LMB_PROTOCOL bound to: 0 - type: integer 
INFO: [Synth 8-3491] module 'lmb_mux' declared at '/scratch2/nsalamini/github_new_new/cheshire/target/xilinx/build/vcu118.ddr4/ddr4.gen/sources_1/ip/ddr4/bd_0/ip/ip_4/hdl/lmb_bram_if_cntlr_v4_0_vh_rfs.vhd:3893' bound to instance 'lmb_mux_I' of component 'lmb_mux' [/scratch2/nsalamini/github_new_new/cheshire/target/xilinx/build/vcu118.ddr4/ddr4.gen/sources_1/ip/ddr4/bd_0/ip/ip_4/hdl/lmb_bram_if_cntlr_v4_0_vh_rfs.vhd:4908]
INFO: [Synth 8-638] synthesizing module 'lmb_mux__parameterized1' [/scratch2/nsalamini/github_new_new/cheshire/target/xilinx/build/vcu118.ddr4/ddr4.gen/sources_1/ip/ddr4/bd_0/ip/ip_4/hdl/lmb_bram_if_cntlr_v4_0_vh_rfs.vhd:3981]
	Parameter C_AW bound to: 32 - type: integer 
	Parameter C_BAR bound to: 64'b0000000000000000000000000000000000000000000000000000000000000000 
	Parameter C_MASK bound to: 64'b0000000000000000000000000000000010000000000000010000000000000000 
INFO: [Synth 8-3491] module 'pselect_mask' declared at '/scratch2/nsalamini/github_new_new/cheshire/target/xilinx/build/vcu118.ddr4/ddr4.gen/sources_1/ip/ddr4/bd_0/ip/ip_4/hdl/lmb_bram_if_cntlr_v4_0_vh_rfs.vhd:3476' bound to instance 'pselect_mask_lmb' of component 'pselect_mask' [/scratch2/nsalamini/github_new_new/cheshire/target/xilinx/build/vcu118.ddr4/ddr4.gen/sources_1/ip/ddr4/bd_0/ip/ip_4/hdl/lmb_bram_if_cntlr_v4_0_vh_rfs.vhd:4052]
INFO: [Synth 8-638] synthesizing module 'lmb_bram_if_cntlr_v4_0_21_pselect_mask__parameterized0' [/scratch2/nsalamini/github_new_new/cheshire/target/xilinx/build/vcu118.ddr4/ddr4.gen/sources_1/ip/ddr4/bd_0/ip/ip_4/hdl/lmb_bram_if_cntlr_v4_0_vh_rfs.vhd:3491]
INFO: [Synth 8-256] done synthesizing module 'lmb_bram_if_cntlr_v4_0_21_pselect_mask__parameterized0' (0#1) [/scratch2/nsalamini/github_new_new/cheshire/target/xilinx/build/vcu118.ddr4/ddr4.gen/sources_1/ip/ddr4/bd_0/ip/ip_4/hdl/lmb_bram_if_cntlr_v4_0_vh_rfs.vhd:3491]
INFO: [Synth 8-256] done synthesizing module 'lmb_mux__parameterized1' (0#1) [/scratch2/nsalamini/github_new_new/cheshire/target/xilinx/build/vcu118.ddr4/ddr4.gen/sources_1/ip/ddr4/bd_0/ip/ip_4/hdl/lmb_bram_if_cntlr_v4_0_vh_rfs.vhd:3981]
INFO: [Synth 8-256] done synthesizing module 'lmb_bram_if_cntlr__parameterized1' (0#1) [/scratch2/nsalamini/github_new_new/cheshire/target/xilinx/build/vcu118.ddr4/ddr4.gen/sources_1/ip/ddr4/bd_0/ip/ip_4/hdl/lmb_bram_if_cntlr_v4_0_vh_rfs.vhd:4639]
INFO: [Synth 8-256] done synthesizing module 'bd_c703_ilmb_cntlr_0' (0#1) [/scratch2/nsalamini/github_new_new/cheshire/target/xilinx/build/vcu118.ddr4/ddr4.gen/sources_1/ip/ddr4/bd_0/ip/ip_5/synth/bd_c703_ilmb_cntlr_0.vhd:84]
INFO: [Synth 8-638] synthesizing module 'bd_c703_iomodule_0_0' [/scratch2/nsalamini/github_new_new/cheshire/target/xilinx/build/vcu118.ddr4/ddr4.gen/sources_1/ip/ddr4/bd_0/ip/ip_10/synth/bd_c703_iomodule_0_0.vhd:85]
	Parameter C_FAMILY bound to: virtexuplus - type: string 
	Parameter C_FREQ bound to: 100000000 - type: integer 
	Parameter C_INSTANCE bound to: iomodule - type: string 
	Parameter C_USE_CONFIG_RESET bound to: 0 - type: integer 
	Parameter C_AVOID_PRIMITIVES bound to: 0 - type: integer 
	Parameter C_TMR bound to: 0 - type: integer 
	Parameter C_USE_TMR_DISABLE bound to: 0 - type: integer 
	Parameter C_HIGHADDR bound to: 64'b0000000000000000000000000000000010000000000000001111111111111111 
	Parameter C_BASEADDR bound to: 64'b0000000000000000000000000000000010000000000000000000000000000000 
	Parameter C_MASK bound to: 64'b0000000000000000000000000000000011000000000000000000000000000000 
	Parameter C_IO_HIGHADDR bound to: 64'b0000000000000000000000000000000011111111111111111111111111111111 
	Parameter C_IO_BASEADDR bound to: 64'b0000000000000000000000000000000011000000000000000000000000000000 
	Parameter C_IO_MASK bound to: 64'b0000000000000000000000000000000011000000000000000000000000000000 
	Parameter C_LMB_AWIDTH bound to: 32 - type: integer 
	Parameter C_LMB_DWIDTH bound to: 32 - type: integer 
	Parameter C_LMB_PROTOCOL bound to: 0 - type: integer 
	Parameter C_USE_IO_BUS bound to: 1 - type: integer 
	Parameter C_USE_UART_RX bound to: 0 - type: integer 
	Parameter C_USE_UART_TX bound to: 0 - type: integer 
	Parameter C_UART_BAUDRATE bound to: 9600 - type: integer 
	Parameter C_UART_DATA_BITS bound to: 8 - type: integer 
	Parameter C_UART_USE_PARITY bound to: 0 - type: integer 
	Parameter C_UART_ODD_PARITY bound to: 0 - type: integer 
	Parameter C_UART_RX_INTERRUPT bound to: 0 - type: integer 
	Parameter C_UART_TX_INTERRUPT bound to: 0 - type: integer 
	Parameter C_UART_ERROR_INTERRUPT bound to: 0 - type: integer 
	Parameter C_UART_PROG_BAUDRATE bound to: 0 - type: integer 
	Parameter C_UART_FREQ bound to: 100000000 - type: integer 
	Parameter C_UART_ASYNC bound to: 0 - type: integer 
	Parameter C_UART_NUM_SYNC_FF bound to: 2 - type: integer 
	Parameter C_USE_FIT1 bound to: 0 - type: integer 
	Parameter C_FIT1_No_CLOCKS bound to: 6216 - type: integer 
	Parameter C_FIT1_INTERRUPT bound to: 0 - type: integer 
	Parameter C_USE_FIT2 bound to: 0 - type: integer 
	Parameter C_FIT2_No_CLOCKS bound to: 6216 - type: integer 
	Parameter C_FIT2_INTERRUPT bound to: 0 - type: integer 
	Parameter C_USE_FIT3 bound to: 0 - type: integer 
	Parameter C_FIT3_No_CLOCKS bound to: 6216 - type: integer 
	Parameter C_FIT3_INTERRUPT bound to: 0 - type: integer 
	Parameter C_USE_FIT4 bound to: 0 - type: integer 
	Parameter C_FIT4_No_CLOCKS bound to: 6216 - type: integer 
	Parameter C_FIT4_INTERRUPT bound to: 0 - type: integer 
	Parameter C_USE_PIT1 bound to: 0 - type: integer 
	Parameter C_PIT1_SIZE bound to: 32 - type: integer 
	Parameter C_PIT1_READABLE bound to: 1 - type: integer 
	Parameter C_PIT1_PRESCALER bound to: 0 - type: integer 
	Parameter C_PIT1_INTERRUPT bound to: 0 - type: integer 
	Parameter C_USE_PIT2 bound to: 0 - type: integer 
	Parameter C_PIT2_SIZE bound to: 32 - type: integer 
	Parameter C_PIT2_READABLE bound to: 1 - type: integer 
	Parameter C_PIT2_PRESCALER bound to: 0 - type: integer 
	Parameter C_PIT2_INTERRUPT bound to: 0 - type: integer 
	Parameter C_USE_PIT3 bound to: 0 - type: integer 
	Parameter C_PIT3_SIZE bound to: 32 - type: integer 
	Parameter C_PIT3_READABLE bound to: 1 - type: integer 
	Parameter C_PIT3_PRESCALER bound to: 0 - type: integer 
	Parameter C_PIT3_INTERRUPT bound to: 0 - type: integer 
	Parameter C_USE_PIT4 bound to: 0 - type: integer 
	Parameter C_PIT4_SIZE bound to: 32 - type: integer 
	Parameter C_PIT4_READABLE bound to: 1 - type: integer 
	Parameter C_PIT4_PRESCALER bound to: 0 - type: integer 
	Parameter C_PIT4_INTERRUPT bound to: 0 - type: integer 
	Parameter C_USE_GPO1 bound to: 0 - type: integer 
	Parameter C_GPO1_SIZE bound to: 32 - type: integer 
	Parameter C_GPO1_INIT bound to: 32'b00000000000000000000000000000000 
	Parameter C_USE_GPO2 bound to: 0 - type: integer 
	Parameter C_GPO2_SIZE bound to: 32 - type: integer 
	Parameter C_GPO2_INIT bound to: 32'b00000000000000000000000000000000 
	Parameter C_USE_GPO3 bound to: 0 - type: integer 
	Parameter C_GPO3_SIZE bound to: 32 - type: integer 
	Parameter C_GPO3_INIT bound to: 32'b00000000000000000000000000000000 
	Parameter C_USE_GPO4 bound to: 0 - type: integer 
	Parameter C_GPO4_SIZE bound to: 32 - type: integer 
	Parameter C_GPO4_INIT bound to: 32'b00000000000000000000000000000000 
	Parameter C_USE_GPI1 bound to: 0 - type: integer 
	Parameter C_GPI1_SIZE bound to: 32 - type: integer 
	Parameter C_GPI1_INTERRUPT bound to: 0 - type: integer 
	Parameter C_USE_GPI2 bound to: 0 - type: integer 
	Parameter C_GPI2_SIZE bound to: 32 - type: integer 
	Parameter C_GPI2_INTERRUPT bound to: 0 - type: integer 
	Parameter C_USE_GPI3 bound to: 0 - type: integer 
	Parameter C_GPI3_SIZE bound to: 32 - type: integer 
	Parameter C_GPI3_INTERRUPT bound to: 0 - type: integer 
	Parameter C_USE_GPI4 bound to: 0 - type: integer 
	Parameter C_GPI4_SIZE bound to: 32 - type: integer 
	Parameter C_GPI4_INTERRUPT bound to: 0 - type: integer 
	Parameter C_INTC_USE_EXT_INTR bound to: 0 - type: integer 
	Parameter C_INTC_INTR_SIZE bound to: 1 - type: integer 
	Parameter C_INTC_LEVEL_EDGE bound to: 16'b0000000000000000 
	Parameter C_INTC_POSITIVE bound to: 16'b1111111111111111 
	Parameter C_INTC_HAS_FAST bound to: 1 - type: integer 
	Parameter C_INTC_ADDR_WIDTH bound to: 17 - type: integer 
	Parameter C_INTC_BASE_VECTORS bound to: 64'b0000000000000000000000000000000000000000000000000000000000000000 
	Parameter C_INTC_ASYNC_INTR bound to: 16'b1111111111111111 
	Parameter C_INTC_NUM_SYNC_FF bound to: 2 - type: integer 
INFO: [Synth 8-3491] module 'iomodule' declared at '/scratch2/nsalamini/github_new_new/cheshire/target/xilinx/build/vcu118.ddr4/ddr4.gen/sources_1/ip/ddr4/bd_0/ip/ip_10/hdl/iomodule_v3_1_vh_rfs.vhd:9894' bound to instance 'U0' of component 'iomodule' [/scratch2/nsalamini/github_new_new/cheshire/target/xilinx/build/vcu118.ddr4/ddr4.gen/sources_1/ip/ddr4/bd_0/ip/ip_10/synth/bd_c703_iomodule_0_0.vhd:296]
INFO: [Synth 8-638] synthesizing module 'iomodule' [/scratch2/nsalamini/github_new_new/cheshire/target/xilinx/build/vcu118.ddr4/ddr4.gen/sources_1/ip/ddr4/bd_0/ip/ip_10/hdl/iomodule_v3_1_vh_rfs.vhd:10105]
	Parameter C_AW bound to: 32 - type: integer 
	Parameter C_BAR bound to: 64'b0000000000000000000000000000000010000000000000000000000000000000 
	Parameter C_MASK bound to: 64'b0000000000000000000000000000000011000000000000000000000000000000 
INFO: [Synth 8-3491] module 'pselect_mask' declared at '/scratch2/nsalamini/github_new_new/cheshire/target/xilinx/build/vcu118.ddr4/ddr4.gen/sources_1/ip/ddr4/bd_0/ip/ip_10/hdl/iomodule_v3_1_vh_rfs.vhd:9726' bound to instance 'pselect_mask_reg' of component 'pselect_mask' [/scratch2/nsalamini/github_new_new/cheshire/target/xilinx/build/vcu118.ddr4/ddr4.gen/sources_1/ip/ddr4/bd_0/ip/ip_10/hdl/iomodule_v3_1_vh_rfs.vhd:10457]
INFO: [Synth 8-638] synthesizing module 'iomodule_v3_1_8_pselect_mask' [/scratch2/nsalamini/github_new_new/cheshire/target/xilinx/build/vcu118.ddr4/ddr4.gen/sources_1/ip/ddr4/bd_0/ip/ip_10/hdl/iomodule_v3_1_vh_rfs.vhd:9741]
INFO: [Synth 8-256] done synthesizing module 'iomodule_v3_1_8_pselect_mask' (0#1) [/scratch2/nsalamini/github_new_new/cheshire/target/xilinx/build/vcu118.ddr4/ddr4.gen/sources_1/ip/ddr4/bd_0/ip/ip_10/hdl/iomodule_v3_1_vh_rfs.vhd:9741]
	Parameter C_AW bound to: 32 - type: integer 
	Parameter C_BAR bound to: 64'b0000000000000000000000000000000011000000000000000000000000000000 
	Parameter C_MASK bound to: 64'b0000000000000000000000000000000011000000000000000000000000000000 
INFO: [Synth 8-3491] module 'pselect_mask' declared at '/scratch2/nsalamini/github_new_new/cheshire/target/xilinx/build/vcu118.ddr4/ddr4.gen/sources_1/ip/ddr4/bd_0/ip/ip_10/hdl/iomodule_v3_1_vh_rfs.vhd:9726' bound to instance 'pselect_mask_io' of component 'pselect_mask' [/scratch2/nsalamini/github_new_new/cheshire/target/xilinx/build/vcu118.ddr4/ddr4.gen/sources_1/ip/ddr4/bd_0/ip/ip_10/hdl/iomodule_v3_1_vh_rfs.vhd:10502]
INFO: [Synth 8-638] synthesizing module 'iomodule_v3_1_8_pselect_mask__parameterized0' [/scratch2/nsalamini/github_new_new/cheshire/target/xilinx/build/vcu118.ddr4/ddr4.gen/sources_1/ip/ddr4/bd_0/ip/ip_10/hdl/iomodule_v3_1_vh_rfs.vhd:9741]
INFO: [Synth 8-256] done synthesizing module 'iomodule_v3_1_8_pselect_mask__parameterized0' (0#1) [/scratch2/nsalamini/github_new_new/cheshire/target/xilinx/build/vcu118.ddr4/ddr4.gen/sources_1/ip/ddr4/bd_0/ip/ip_10/hdl/iomodule_v3_1_vh_rfs.vhd:9741]
	Parameter C_TARGET bound to: 1'b0 
	Parameter C_FREQ bound to: 100000000 - type: integer 
	Parameter C_USE_CONFIG_RESET bound to: 0 - type: integer 
	Parameter C_AVOID_PRIMITIVES bound to: 0 - type: integer 
	Parameter C_TMR bound to: 0 - type: integer 
	Parameter C_USE_TMR_DISABLE bound to: 0 - type: integer 
	Parameter C_USE_UART_RX bound to: 0 - type: integer 
	Parameter C_USE_UART_TX bound to: 0 - type: integer 
	Parameter C_UART_BAUDRATE bound to: 9600 - type: integer 
	Parameter C_UART_DATA_BITS bound to: 8 - type: integer 
	Parameter C_UART_USE_PARITY bound to: 0 - type: integer 
	Parameter C_UART_ODD_PARITY bound to: 0 - type: integer 
	Parameter C_UART_RX_INTERRUPT bound to: 0 - type: integer 
	Parameter C_UART_TX_INTERRUPT bound to: 0 - type: integer 
	Parameter C_UART_ERROR_INTERRUPT bound to: 0 - type: integer 
	Parameter C_UART_PROG_BAUDRATE bound to: 0 - type: integer 
	Parameter C_UART_FREQ bound to: 100000000 - type: integer 
	Parameter C_UART_ASYNC bound to: 0 - type: integer 
	Parameter C_UART_NUM_SYNC_FF bound to: 2 - type: integer 
	Parameter C_USE_FIT1 bound to: 0 - type: integer 
	Parameter C_FIT1_No_CLOCKS bound to: 6216 - type: integer 
	Parameter C_FIT1_INTERRUPT bound to: 0 - type: integer 
	Parameter C_USE_FIT2 bound to: 0 - type: integer 
	Parameter C_FIT2_No_CLOCKS bound to: 6216 - type: integer 
	Parameter C_FIT2_INTERRUPT bound to: 0 - type: integer 
	Parameter C_USE_FIT3 bound to: 0 - type: integer 
	Parameter C_FIT3_No_CLOCKS bound to: 6216 - type: integer 
	Parameter C_FIT3_INTERRUPT bound to: 0 - type: integer 
	Parameter C_USE_FIT4 bound to: 0 - type: integer 
	Parameter C_FIT4_No_CLOCKS bound to: 6216 - type: integer 
	Parameter C_FIT4_INTERRUPT bound to: 0 - type: integer 
	Parameter C_USE_PIT1 bound to: 0 - type: integer 
	Parameter C_PIT1_SIZE bound to: 32 - type: integer 
	Parameter C_PIT1_READABLE bound to: 1 - type: integer 
	Parameter C_PIT1_PRESCALER bound to: 0 - type: integer 
	Parameter C_PIT1_INTERRUPT bound to: 0 - type: integer 
	Parameter C_USE_PIT2 bound to: 0 - type: integer 
	Parameter C_PIT2_SIZE bound to: 32 - type: integer 
	Parameter C_PIT2_READABLE bound to: 1 - type: integer 
	Parameter C_PIT2_PRESCALER bound to: 0 - type: integer 
	Parameter C_PIT2_INTERRUPT bound to: 0 - type: integer 
	Parameter C_USE_PIT3 bound to: 0 - type: integer 
	Parameter C_PIT3_SIZE bound to: 32 - type: integer 
	Parameter C_PIT3_READABLE bound to: 1 - type: integer 
	Parameter C_PIT3_PRESCALER bound to: 0 - type: integer 
	Parameter C_PIT3_INTERRUPT bound to: 0 - type: integer 
	Parameter C_USE_PIT4 bound to: 0 - type: integer 
	Parameter C_PIT4_SIZE bound to: 32 - type: integer 
	Parameter C_PIT4_READABLE bound to: 1 - type: integer 
	Parameter C_PIT4_PRESCALER bound to: 0 - type: integer 
	Parameter C_PIT4_INTERRUPT bound to: 0 - type: integer 
	Parameter C_USE_GPO1 bound to: 0 - type: integer 
	Parameter C_GPO1_SIZE bound to: 32 - type: integer 
	Parameter C_GPO1_INIT bound to: 0 - type: integer 
	Parameter C_USE_GPO2 bound to: 0 - type: integer 
	Parameter C_GPO2_SIZE bound to: 32 - type: integer 
	Parameter C_GPO2_INIT bound to: 0 - type: integer 
	Parameter C_USE_GPO3 bound to: 0 - type: integer 
	Parameter C_GPO3_SIZE bound to: 32 - type: integer 
	Parameter C_GPO3_INIT bound to: 0 - type: integer 
	Parameter C_USE_GPO4 bound to: 0 - type: integer 
	Parameter C_GPO4_SIZE bound to: 32 - type: integer 
	Parameter C_GPO4_INIT bound to: 0 - type: integer 
	Parameter C_USE_GPI1 bound to: 0 - type: integer 
	Parameter C_GPI1_SIZE bound to: 32 - type: integer 
	Parameter C_GPI1_INTERRUPT bound to: 0 - type: integer 
	Parameter C_USE_GPI2 bound to: 0 - type: integer 
	Parameter C_GPI2_SIZE bound to: 32 - type: integer 
	Parameter C_GPI2_INTERRUPT bound to: 0 - type: integer 
	Parameter C_USE_GPI3 bound to: 0 - type: integer 
	Parameter C_GPI3_SIZE bound to: 32 - type: integer 
	Parameter C_GPI3_INTERRUPT bound to: 0 - type: integer 
	Parameter C_USE_GPI4 bound to: 0 - type: integer 
	Parameter C_GPI4_SIZE bound to: 32 - type: integer 
	Parameter C_GPI4_INTERRUPT bound to: 0 - type: integer 
	Parameter C_ADDR_WIDTH bound to: 32 - type: integer 
	Parameter C_INTC_USE_EXT_INTR bound to: 0 - type: integer 
	Parameter C_INTC_INTR_SIZE bound to: 1 - type: integer 
	Parameter C_INTC_LEVEL_EDGE bound to: 16'b0000000000000000 
	Parameter C_INTC_POSITIVE bound to: 16'b1111111111111111 
	Parameter C_INTC_HAS_FAST bound to: 1 - type: integer 
	Parameter C_INTC_ADDR_WIDTH bound to: 17 - type: integer 
	Parameter C_INTC_BASE_VECTORS bound to: 64'b0000000000000000000000000000000000000000000000000000000000000000 
	Parameter C_INTC_ASYNC_INTR bound to: 16'b1111111111111111 
	Parameter C_INTC_NUM_SYNC_FF bound to: 2 - type: integer 
INFO: [Synth 8-3491] module 'Iomodule_core' declared at '/scratch2/nsalamini/github_new_new/cheshire/target/xilinx/build/vcu118.ddr4/ddr4.gen/sources_1/ip/ddr4/bd_0/ip/ip_10/hdl/iomodule_v3_1_vh_rfs.vhd:8513' bound to instance 'IOModule_Core_I1' of component 'iomodule_core' [/scratch2/nsalamini/github_new_new/cheshire/target/xilinx/build/vcu118.ddr4/ddr4.gen/sources_1/ip/ddr4/bd_0/ip/ip_10/hdl/iomodule_v3_1_vh_rfs.vhd:10693]
INFO: [Synth 8-638] synthesizing module 'Iomodule_core' [/scratch2/nsalamini/github_new_new/cheshire/target/xilinx/build/vcu118.ddr4/ddr4.gen/sources_1/ip/ddr4/bd_0/ip/ip_10/hdl/iomodule_v3_1_vh_rfs.vhd:8727]
	Parameter C_TARGET bound to: 1'b0 
	Parameter C_FREQ bound to: 100000000 - type: integer 
	Parameter C_UART_FREQ bound to: 100000000 - type: integer 
	Parameter C_TMR bound to: 0 - type: integer 
	Parameter C_USE_TMR_DISABLE bound to: 0 - type: integer 
	Parameter C_VOTE_SIZE bound to: 199 - type: integer 
	Parameter C_USE_SRL16 bound to: yes - type: string 
	Parameter C_UART_PROG_BAUDRATE bound to: 0 - type: integer 
	Parameter C_UART_ASYNC bound to: 0 - type: integer 
	Parameter C_UART_NUM_SYNC_FF bound to: 2 - type: integer 
	Parameter C_UART_BAUDRATE bound to: 9600 - type: integer 
	Parameter C_USE_UART_RX bound to: 0 - type: integer 
	Parameter C_USE_UART_TX bound to: 0 - type: integer 
	Parameter C_UART_DATA_BITS bound to: 8 - type: integer 
	Parameter C_UART_USE_PARITY bound to: 0 - type: integer 
	Parameter C_UART_ODD_PARITY bound to: 0 - type: integer 
INFO: [Synth 8-3491] module 'UART' declared at '/scratch2/nsalamini/github_new_new/cheshire/target/xilinx/build/vcu118.ddr4/ddr4.gen/sources_1/ip/ddr4/bd_0/ip/ip_10/hdl/iomodule_v3_1_vh_rfs.vhd:7690' bound to instance 'UART_I1' of component 'UART' [/scratch2/nsalamini/github_new_new/cheshire/target/xilinx/build/vcu118.ddr4/ddr4.gen/sources_1/ip/ddr4/bd_0/ip/ip_10/hdl/iomodule_v3_1_vh_rfs.vhd:9053]
INFO: [Synth 8-638] synthesizing module 'UART' [/scratch2/nsalamini/github_new_new/cheshire/target/xilinx/build/vcu118.ddr4/ddr4.gen/sources_1/ip/ddr4/bd_0/ip/ip_10/hdl/iomodule_v3_1_vh_rfs.vhd:7741]
	Parameter C_TARGET bound to: 1'b0 
	Parameter C_FREQ bound to: 100000000 - type: integer 
	Parameter C_TMR bound to: 0 - type: integer 
	Parameter C_USE_TMR_DISABLE bound to: 0 - type: integer 
	Parameter C_VOTE_SIZE bound to: 136 - type: integer 
	Parameter C_USE_SRL16 bound to: yes - type: string 
	Parameter C_UART_PROG_BAUDRATE bound to: 0 - type: integer 
	Parameter C_UART_BAUDRATE bound to: 9600 - type: integer 
	Parameter C_USE_UART_RX bound to: 0 - type: integer 
	Parameter C_USE_UART_TX bound to: 0 - type: integer 
	Parameter C_UART_DATA_BITS bound to: 8 - type: integer 
	Parameter C_UART_USE_PARITY bound to: 0 - type: integer 
	Parameter C_UART_ODD_PARITY bound to: 0 - type: integer 
INFO: [Synth 8-3491] module 'UART_Core' declared at '/scratch2/nsalamini/github_new_new/cheshire/target/xilinx/build/vcu118.ddr4/ddr4.gen/sources_1/ip/ddr4/bd_0/ip/ip_10/hdl/iomodule_v3_1_vh_rfs.vhd:7143' bound to instance 'UART_Core_I' of component 'UART_Core' [/scratch2/nsalamini/github_new_new/cheshire/target/xilinx/build/vcu118.ddr4/ddr4.gen/sources_1/ip/ddr4/bd_0/ip/ip_10/hdl/iomodule_v3_1_vh_rfs.vhd:7860]
INFO: [Synth 8-638] synthesizing module 'UART_Core' [/scratch2/nsalamini/github_new_new/cheshire/target/xilinx/build/vcu118.ddr4/ddr4.gen/sources_1/ip/ddr4/bd_0/ip/ip_10/hdl/iomodule_v3_1_vh_rfs.vhd:7187]
INFO: [Synth 8-256] done synthesizing module 'UART_Core' (0#1) [/scratch2/nsalamini/github_new_new/cheshire/target/xilinx/build/vcu118.ddr4/ddr4.gen/sources_1/ip/ddr4/bd_0/ip/ip_10/hdl/iomodule_v3_1_vh_rfs.vhd:7187]
INFO: [Synth 8-256] done synthesizing module 'UART' (0#1) [/scratch2/nsalamini/github_new_new/cheshire/target/xilinx/build/vcu118.ddr4/ddr4.gen/sources_1/ip/ddr4/bd_0/ip/ip_10/hdl/iomodule_v3_1_vh_rfs.vhd:7741]
	Parameter C_TARGET bound to: 1'b0 
	Parameter C_TMR bound to: 0 - type: integer 
	Parameter C_USE_TMR_DISABLE bound to: 0 - type: integer 
	Parameter C_VOTE_SIZE bound to: 34 - type: integer 
	Parameter C_USE_SRL16 bound to: yes - type: string 
	Parameter C_USE_FIT bound to: 0 - type: integer 
	Parameter C_NO_CLOCKS bound to: 6216 - type: integer 
	Parameter C_INACCURACY bound to: 0 - type: integer 
INFO: [Synth 8-3491] module 'FIT_Module' declared at '/scratch2/nsalamini/github_new_new/cheshire/target/xilinx/build/vcu118.ddr4/ddr4.gen/sources_1/ip/ddr4/bd_0/ip/ip_10/hdl/iomodule_v3_1_vh_rfs.vhd:2500' bound to instance 'FIT_I1' of component 'FIT_Module' [/scratch2/nsalamini/github_new_new/cheshire/target/xilinx/build/vcu118.ddr4/ddr4.gen/sources_1/ip/ddr4/bd_0/ip/ip_10/hdl/iomodule_v3_1_vh_rfs.vhd:9106]
INFO: [Synth 8-638] synthesizing module 'FIT_Module' [/scratch2/nsalamini/github_new_new/cheshire/target/xilinx/build/vcu118.ddr4/ddr4.gen/sources_1/ip/ddr4/bd_0/ip/ip_10/hdl/iomodule_v3_1_vh_rfs.vhd:2528]
INFO: [Synth 8-256] done synthesizing module 'FIT_Module' (0#1) [/scratch2/nsalamini/github_new_new/cheshire/target/xilinx/build/vcu118.ddr4/ddr4.gen/sources_1/ip/ddr4/bd_0/ip/ip_10/hdl/iomodule_v3_1_vh_rfs.vhd:2528]
	Parameter C_TARGET bound to: 1'b0 
	Parameter C_TMR bound to: 0 - type: integer 
	Parameter C_USE_TMR_DISABLE bound to: 0 - type: integer 
	Parameter C_VOTE_SIZE bound to: 34 - type: integer 
	Parameter C_USE_SRL16 bound to: yes - type: string 
	Parameter C_USE_FIT bound to: 0 - type: integer 
	Parameter C_NO_CLOCKS bound to: 6216 - type: integer 
	Parameter C_INACCURACY bound to: 0 - type: integer 
INFO: [Synth 8-3491] module 'FIT_Module' declared at '/scratch2/nsalamini/github_new_new/cheshire/target/xilinx/build/vcu118.ddr4/ddr4.gen/sources_1/ip/ddr4/bd_0/ip/ip_10/hdl/iomodule_v3_1_vh_rfs.vhd:2500' bound to instance 'FIT_I2' of component 'FIT_Module' [/scratch2/nsalamini/github_new_new/cheshire/target/xilinx/build/vcu118.ddr4/ddr4.gen/sources_1/ip/ddr4/bd_0/ip/ip_10/hdl/iomodule_v3_1_vh_rfs.vhd:9129]
	Parameter C_TARGET bound to: 1'b0 
	Parameter C_TMR bound to: 0 - type: integer 
	Parameter C_USE_TMR_DISABLE bound to: 0 - type: integer 
	Parameter C_VOTE_SIZE bound to: 34 - type: integer 
	Parameter C_USE_SRL16 bound to: yes - type: string 
	Parameter C_USE_FIT bound to: 0 - type: integer 
	Parameter C_NO_CLOCKS bound to: 6216 - type: integer 
	Parameter C_INACCURACY bound to: 0 - type: integer 
INFO: [Synth 8-3491] module 'FIT_Module' declared at '/scratch2/nsalamini/github_new_new/cheshire/target/xilinx/build/vcu118.ddr4/ddr4.gen/sources_1/ip/ddr4/bd_0/ip/ip_10/hdl/iomodule_v3_1_vh_rfs.vhd:2500' bound to instance 'FIT_I3' of component 'FIT_Module' [/scratch2/nsalamini/github_new_new/cheshire/target/xilinx/build/vcu118.ddr4/ddr4.gen/sources_1/ip/ddr4/bd_0/ip/ip_10/hdl/iomodule_v3_1_vh_rfs.vhd:9152]
	Parameter C_TARGET bound to: 1'b0 
	Parameter C_TMR bound to: 0 - type: integer 
	Parameter C_USE_TMR_DISABLE bound to: 0 - type: integer 
	Parameter C_VOTE_SIZE bound to: 34 - type: integer 
	Parameter C_USE_SRL16 bound to: yes - type: string 
	Parameter C_USE_FIT bound to: 0 - type: integer 
	Parameter C_NO_CLOCKS bound to: 6216 - type: integer 
	Parameter C_INACCURACY bound to: 0 - type: integer 
INFO: [Synth 8-3491] module 'FIT_Module' declared at '/scratch2/nsalamini/github_new_new/cheshire/target/xilinx/build/vcu118.ddr4/ddr4.gen/sources_1/ip/ddr4/bd_0/ip/ip_10/hdl/iomodule_v3_1_vh_rfs.vhd:2500' bound to instance 'FIT_I4' of component 'FIT_Module' [/scratch2/nsalamini/github_new_new/cheshire/target/xilinx/build/vcu118.ddr4/ddr4.gen/sources_1/ip/ddr4/bd_0/ip/ip_10/hdl/iomodule_v3_1_vh_rfs.vhd:9175]
	Parameter C_TARGET bound to: 1'b0 
	Parameter C_TMR bound to: 0 - type: integer 
	Parameter C_USE_TMR_DISABLE bound to: 0 - type: integer 
	Parameter C_VOTE_SIZE bound to: 70 - type: integer 
	Parameter C_USE_PIT bound to: 0 - type: integer 
	Parameter C_PIT_SIZE bound to: 32 - type: integer 
	Parameter C_PIT_READABLE bound to: 1 - type: integer 
INFO: [Synth 8-3491] module 'PIT_Module' declared at '/scratch2/nsalamini/github_new_new/cheshire/target/xilinx/build/vcu118.ddr4/ddr4.gen/sources_1/ip/ddr4/bd_0/ip/ip_10/hdl/iomodule_v3_1_vh_rfs.vhd:4278' bound to instance 'PIT_I1' of component 'PIT_Module' [/scratch2/nsalamini/github_new_new/cheshire/target/xilinx/build/vcu118.ddr4/ddr4.gen/sources_1/ip/ddr4/bd_0/ip/ip_10/hdl/iomodule_v3_1_vh_rfs.vhd:9213]
INFO: [Synth 8-638] synthesizing module 'PIT_Module' [/scratch2/nsalamini/github_new_new/cheshire/target/xilinx/build/vcu118.ddr4/ddr4.gen/sources_1/ip/ddr4/bd_0/ip/ip_10/hdl/iomodule_v3_1_vh_rfs.vhd:4309]
INFO: [Synth 8-256] done synthesizing module 'PIT_Module' (0#1) [/scratch2/nsalamini/github_new_new/cheshire/target/xilinx/build/vcu118.ddr4/ddr4.gen/sources_1/ip/ddr4/bd_0/ip/ip_10/hdl/iomodule_v3_1_vh_rfs.vhd:4309]
	Parameter C_TARGET bound to: 1'b0 
	Parameter C_TMR bound to: 0 - type: integer 
	Parameter C_USE_TMR_DISABLE bound to: 0 - type: integer 
	Parameter C_VOTE_SIZE bound to: 70 - type: integer 
	Parameter C_USE_PIT bound to: 0 - type: integer 
	Parameter C_PIT_SIZE bound to: 32 - type: integer 
	Parameter C_PIT_READABLE bound to: 1 - type: integer 
INFO: [Synth 8-3491] module 'PIT_Module' declared at '/scratch2/nsalamini/github_new_new/cheshire/target/xilinx/build/vcu118.ddr4/ddr4.gen/sources_1/ip/ddr4/bd_0/ip/ip_10/hdl/iomodule_v3_1_vh_rfs.vhd:4278' bound to instance 'PIT_I2' of component 'PIT_Module' [/scratch2/nsalamini/github_new_new/cheshire/target/xilinx/build/vcu118.ddr4/ddr4.gen/sources_1/ip/ddr4/bd_0/ip/ip_10/hdl/iomodule_v3_1_vh_rfs.vhd:9252]
	Parameter C_TARGET bound to: 1'b0 
	Parameter C_TMR bound to: 0 - type: integer 
	Parameter C_USE_TMR_DISABLE bound to: 0 - type: integer 
	Parameter C_VOTE_SIZE bound to: 70 - type: integer 
	Parameter C_USE_PIT bound to: 0 - type: integer 
	Parameter C_PIT_SIZE bound to: 32 - type: integer 
	Parameter C_PIT_READABLE bound to: 1 - type: integer 
INFO: [Synth 8-3491] module 'PIT_Module' declared at '/scratch2/nsalamini/github_new_new/cheshire/target/xilinx/build/vcu118.ddr4/ddr4.gen/sources_1/ip/ddr4/bd_0/ip/ip_10/hdl/iomodule_v3_1_vh_rfs.vhd:4278' bound to instance 'PIT_I3' of component 'PIT_Module' [/scratch2/nsalamini/github_new_new/cheshire/target/xilinx/build/vcu118.ddr4/ddr4.gen/sources_1/ip/ddr4/bd_0/ip/ip_10/hdl/iomodule_v3_1_vh_rfs.vhd:9291]
	Parameter C_TARGET bound to: 1'b0 
	Parameter C_TMR bound to: 0 - type: integer 
	Parameter C_USE_TMR_DISABLE bound to: 0 - type: integer 
	Parameter C_VOTE_SIZE bound to: 70 - type: integer 
	Parameter C_USE_PIT bound to: 0 - type: integer 
	Parameter C_PIT_SIZE bound to: 32 - type: integer 
	Parameter C_PIT_READABLE bound to: 1 - type: integer 
INFO: [Synth 8-3491] module 'PIT_Module' declared at '/scratch2/nsalamini/github_new_new/cheshire/target/xilinx/build/vcu118.ddr4/ddr4.gen/sources_1/ip/ddr4/bd_0/ip/ip_10/hdl/iomodule_v3_1_vh_rfs.vhd:4278' bound to instance 'PIT_I4' of component 'PIT_Module' [/scratch2/nsalamini/github_new_new/cheshire/target/xilinx/build/vcu118.ddr4/ddr4.gen/sources_1/ip/ddr4/bd_0/ip/ip_10/hdl/iomodule_v3_1_vh_rfs.vhd:9330]
	Parameter C_TMR bound to: 0 - type: integer 
	Parameter C_USE_TMR_DISABLE bound to: 0 - type: integer 
	Parameter C_VOTE_SIZE bound to: 32 - type: integer 
	Parameter C_USE_GPO bound to: 0 - type: integer 
	Parameter C_GPO_SIZE bound to: 32 - type: integer 
	Parameter C_GPO_INIT bound to: 0 - type: integer 
INFO: [Synth 8-3491] module 'GPO_Module' declared at '/scratch2/nsalamini/github_new_new/cheshire/target/xilinx/build/vcu118.ddr4/ddr4.gen/sources_1/ip/ddr4/bd_0/ip/ip_10/hdl/iomodule_v3_1_vh_rfs.vhd:3189' bound to instance 'GPO_I1' of component 'GPO_Module' [/scratch2/nsalamini/github_new_new/cheshire/target/xilinx/build/vcu118.ddr4/ddr4.gen/sources_1/ip/ddr4/bd_0/ip/ip_10/hdl/iomodule_v3_1_vh_rfs.vhd:9358]
INFO: [Synth 8-638] synthesizing module 'GPO_Module' [/scratch2/nsalamini/github_new_new/cheshire/target/xilinx/build/vcu118.ddr4/ddr4.gen/sources_1/ip/ddr4/bd_0/ip/ip_10/hdl/iomodule_v3_1_vh_rfs.vhd:3213]
INFO: [Synth 8-256] done synthesizing module 'GPO_Module' (0#1) [/scratch2/nsalamini/github_new_new/cheshire/target/xilinx/build/vcu118.ddr4/ddr4.gen/sources_1/ip/ddr4/bd_0/ip/ip_10/hdl/iomodule_v3_1_vh_rfs.vhd:3213]
	Parameter C_TMR bound to: 0 - type: integer 
	Parameter C_USE_TMR_DISABLE bound to: 0 - type: integer 
	Parameter C_VOTE_SIZE bound to: 32 - type: integer 
	Parameter C_USE_GPO bound to: 0 - type: integer 
	Parameter C_GPO_SIZE bound to: 32 - type: integer 
	Parameter C_GPO_INIT bound to: 0 - type: integer 
INFO: [Synth 8-3491] module 'GPO_Module' declared at '/scratch2/nsalamini/github_new_new/cheshire/target/xilinx/build/vcu118.ddr4/ddr4.gen/sources_1/ip/ddr4/bd_0/ip/ip_10/hdl/iomodule_v3_1_vh_rfs.vhd:3189' bound to instance 'GPO_I2' of component 'GPO_Module' [/scratch2/nsalamini/github_new_new/cheshire/target/xilinx/build/vcu118.ddr4/ddr4.gen/sources_1/ip/ddr4/bd_0/ip/ip_10/hdl/iomodule_v3_1_vh_rfs.vhd:9377]
	Parameter C_TMR bound to: 0 - type: integer 
	Parameter C_USE_TMR_DISABLE bound to: 0 - type: integer 
	Parameter C_VOTE_SIZE bound to: 32 - type: integer 
	Parameter C_USE_GPO bound to: 0 - type: integer 
	Parameter C_GPO_SIZE bound to: 32 - type: integer 
	Parameter C_GPO_INIT bound to: 0 - type: integer 
INFO: [Synth 8-3491] module 'GPO_Module' declared at '/scratch2/nsalamini/github_new_new/cheshire/target/xilinx/build/vcu118.ddr4/ddr4.gen/sources_1/ip/ddr4/bd_0/ip/ip_10/hdl/iomodule_v3_1_vh_rfs.vhd:3189' bound to instance 'GPO_I3' of component 'GPO_Module' [/scratch2/nsalamini/github_new_new/cheshire/target/xilinx/build/vcu118.ddr4/ddr4.gen/sources_1/ip/ddr4/bd_0/ip/ip_10/hdl/iomodule_v3_1_vh_rfs.vhd:9396]
	Parameter C_TMR bound to: 0 - type: integer 
	Parameter C_USE_TMR_DISABLE bound to: 0 - type: integer 
	Parameter C_VOTE_SIZE bound to: 32 - type: integer 
	Parameter C_USE_GPO bound to: 0 - type: integer 
	Parameter C_GPO_SIZE bound to: 32 - type: integer 
	Parameter C_GPO_INIT bound to: 0 - type: integer 
INFO: [Synth 8-3491] module 'GPO_Module' declared at '/scratch2/nsalamini/github_new_new/cheshire/target/xilinx/build/vcu118.ddr4/ddr4.gen/sources_1/ip/ddr4/bd_0/ip/ip_10/hdl/iomodule_v3_1_vh_rfs.vhd:3189' bound to instance 'GPO_I4' of component 'GPO_Module' [/scratch2/nsalamini/github_new_new/cheshire/target/xilinx/build/vcu118.ddr4/ddr4.gen/sources_1/ip/ddr4/bd_0/ip/ip_10/hdl/iomodule_v3_1_vh_rfs.vhd:9415]
	Parameter C_USE_GPI bound to: 0 - type: integer 
	Parameter C_GPI_SIZE bound to: 32 - type: integer 
	Parameter C_GPI_INTERRUPT bound to: 0 - type: integer 
INFO: [Synth 8-3491] module 'GPI_Module' declared at '/scratch2/nsalamini/github_new_new/cheshire/target/xilinx/build/vcu118.ddr4/ddr4.gen/sources_1/ip/ddr4/bd_0/ip/ip_10/hdl/iomodule_v3_1_vh_rfs.vhd:3017' bound to instance 'GPI_I1' of component 'GPI_Module' [/scratch2/nsalamini/github_new_new/cheshire/target/xilinx/build/vcu118.ddr4/ddr4.gen/sources_1/ip/ddr4/bd_0/ip/ip_10/hdl/iomodule_v3_1_vh_rfs.vhd:9437]
INFO: [Synth 8-638] synthesizing module 'GPI_Module' [/scratch2/nsalamini/github_new_new/cheshire/target/xilinx/build/vcu118.ddr4/ddr4.gen/sources_1/ip/ddr4/bd_0/ip/ip_10/hdl/iomodule_v3_1_vh_rfs.vhd:3033]
INFO: [Synth 8-256] done synthesizing module 'GPI_Module' (0#1) [/scratch2/nsalamini/github_new_new/cheshire/target/xilinx/build/vcu118.ddr4/ddr4.gen/sources_1/ip/ddr4/bd_0/ip/ip_10/hdl/iomodule_v3_1_vh_rfs.vhd:3033]
	Parameter C_USE_GPI bound to: 0 - type: integer 
	Parameter C_GPI_SIZE bound to: 32 - type: integer 
	Parameter C_GPI_INTERRUPT bound to: 0 - type: integer 
INFO: [Synth 8-3491] module 'GPI_Module' declared at '/scratch2/nsalamini/github_new_new/cheshire/target/xilinx/build/vcu118.ddr4/ddr4.gen/sources_1/ip/ddr4/bd_0/ip/ip_10/hdl/iomodule_v3_1_vh_rfs.vhd:3017' bound to instance 'GPI_I2' of component 'GPI_Module' [/scratch2/nsalamini/github_new_new/cheshire/target/xilinx/build/vcu118.ddr4/ddr4.gen/sources_1/ip/ddr4/bd_0/ip/ip_10/hdl/iomodule_v3_1_vh_rfs.vhd:9453]
	Parameter C_USE_GPI bound to: 0 - type: integer 
	Parameter C_GPI_SIZE bound to: 32 - type: integer 
	Parameter C_GPI_INTERRUPT bound to: 0 - type: integer 
INFO: [Synth 8-3491] module 'GPI_Module' declared at '/scratch2/nsalamini/github_new_new/cheshire/target/xilinx/build/vcu118.ddr4/ddr4.gen/sources_1/ip/ddr4/bd_0/ip/ip_10/hdl/iomodule_v3_1_vh_rfs.vhd:3017' bound to instance 'GPI_I3' of component 'GPI_Module' [/scratch2/nsalamini/github_new_new/cheshire/target/xilinx/build/vcu118.ddr4/ddr4.gen/sources_1/ip/ddr4/bd_0/ip/ip_10/hdl/iomodule_v3_1_vh_rfs.vhd:9469]
	Parameter C_USE_GPI bound to: 0 - type: integer 
	Parameter C_GPI_SIZE bound to: 32 - type: integer 
	Parameter C_GPI_INTERRUPT bound to: 0 - type: integer 
INFO: [Synth 8-3491] module 'GPI_Module' declared at '/scratch2/nsalamini/github_new_new/cheshire/target/xilinx/build/vcu118.ddr4/ddr4.gen/sources_1/ip/ddr4/bd_0/ip/ip_10/hdl/iomodule_v3_1_vh_rfs.vhd:3017' bound to instance 'GPI_I4' of component 'GPI_Module' [/scratch2/nsalamini/github_new_new/cheshire/target/xilinx/build/vcu118.ddr4/ddr4.gen/sources_1/ip/ddr4/bd_0/ip/ip_10/hdl/iomodule_v3_1_vh_rfs.vhd:9485]
	Parameter C_TARGET bound to: 1'b0 
	Parameter C_TMR bound to: 0 - type: integer 
	Parameter C_USE_TMR_DISABLE bound to: 0 - type: integer 
	Parameter C_VOTE_SIZE bound to: 170 - type: integer 
	Parameter C_ADDR_WIDTH bound to: 32 - type: integer 
	Parameter C_INTC_ENABLED bound to: 0 - type: integer 
	Parameter C_INTC_LEVEL_EDGE bound to: 32'b00000000000000001111111111111111 
	Parameter C_INTC_POSITIVE bound to: 32'b11111111111111111111111111111111 
	Parameter C_INTC_ASYNC_INTR bound to: 32'b11111111111111110000000000000000 
	Parameter C_INTC_HAS_FAST bound to: 1 - type: integer 
	Parameter C_INTC_ADDR_WIDTH bound to: 17 - type: integer 
	Parameter C_INTC_NUM_SYNC_FF bound to: 2 - type: integer 
	Parameter C_INTC_BASE_VECTORS bound to: 64'b0000000000000000000000000000000000000000000000000000000000000000 
	Parameter C_USE_LUTRAM bound to: yes - type: string 
INFO: [Synth 8-3491] module 'intr_ctrl' declared at '/scratch2/nsalamini/github_new_new/cheshire/target/xilinx/build/vcu118.ddr4/ddr4.gen/sources_1/ip/ddr4/bd_0/ip/ip_10/hdl/iomodule_v3_1_vh_rfs.vhd:3369' bound to instance 'intr_ctrl_I1' of component 'intr_ctrl' [/scratch2/nsalamini/github_new_new/cheshire/target/xilinx/build/vcu118.ddr4/ddr4.gen/sources_1/ip/ddr4/bd_0/ip/ip_10/hdl/iomodule_v3_1_vh_rfs.vhd:9527]
INFO: [Synth 8-638] synthesizing module 'intr_ctrl' [/scratch2/nsalamini/github_new_new/cheshire/target/xilinx/build/vcu118.ddr4/ddr4.gen/sources_1/ip/ddr4/bd_0/ip/ip_10/hdl/iomodule_v3_1_vh_rfs.vhd:3415]
	Parameter C_TARGET bound to: 1'b0 
INFO: [Synth 8-3491] module 'MB_FDR' declared at '/scratch2/nsalamini/github_new_new/cheshire/target/xilinx/build/vcu118.ddr4/ddr4.gen/sources_1/ip/ddr4/bd_0/ip/ip_10/hdl/iomodule_v3_1_vh_rfs.vhd:1019' bound to instance 'fdr_i' of component 'MB_FDR' [/scratch2/nsalamini/github_new_new/cheshire/target/xilinx/build/vcu118.ddr4/ddr4.gen/sources_1/ip/ddr4/bd_0/ip/ip_10/hdl/iomodule_v3_1_vh_rfs.vhd:4174]
INFO: [Synth 8-638] synthesizing module 'iomodule_v3_1_8_MB_FDR' [/scratch2/nsalamini/github_new_new/cheshire/target/xilinx/build/vcu118.ddr4/ddr4.gen/sources_1/ip/ddr4/bd_0/ip/ip_10/hdl/iomodule_v3_1_vh_rfs.vhd:1035]
	Parameter INIT bound to: 1'b0 
INFO: [Synth 8-113] binding component instance 'Native' to cell 'FDR' [/scratch2/nsalamini/github_new_new/cheshire/target/xilinx/build/vcu118.ddr4/ddr4.gen/sources_1/ip/ddr4/bd_0/ip/ip_10/hdl/iomodule_v3_1_vh_rfs.vhd:1064]
INFO: [Synth 8-256] done synthesizing module 'iomodule_v3_1_8_MB_FDR' (0#1) [/scratch2/nsalamini/github_new_new/cheshire/target/xilinx/build/vcu118.ddr4/ddr4.gen/sources_1/ip/ddr4/bd_0/ip/ip_10/hdl/iomodule_v3_1_vh_rfs.vhd:1035]
	Parameter C_TARGET bound to: 1'b0 
INFO: [Synth 8-3491] module 'MB_FDR' declared at '/scratch2/nsalamini/github_new_new/cheshire/target/xilinx/build/vcu118.ddr4/ddr4.gen/sources_1/ip/ddr4/bd_0/ip/ip_10/hdl/iomodule_v3_1_vh_rfs.vhd:1019' bound to instance 'fdr_i' of component 'MB_FDR' [/scratch2/nsalamini/github_new_new/cheshire/target/xilinx/build/vcu118.ddr4/ddr4.gen/sources_1/ip/ddr4/bd_0/ip/ip_10/hdl/iomodule_v3_1_vh_rfs.vhd:4174]
	Parameter C_TARGET bound to: 1'b0 
INFO: [Synth 8-3491] module 'MB_FDR' declared at '/scratch2/nsalamini/github_new_new/cheshire/target/xilinx/build/vcu118.ddr4/ddr4.gen/sources_1/ip/ddr4/bd_0/ip/ip_10/hdl/iomodule_v3_1_vh_rfs.vhd:1019' bound to instance 'fdr_i' of component 'MB_FDR' [/scratch2/nsalamini/github_new_new/cheshire/target/xilinx/build/vcu118.ddr4/ddr4.gen/sources_1/ip/ddr4/bd_0/ip/ip_10/hdl/iomodule_v3_1_vh_rfs.vhd:4174]
	Parameter C_TARGET bound to: 1'b0 
INFO: [Synth 8-3491] module 'MB_FDR' declared at '/scratch2/nsalamini/github_new_new/cheshire/target/xilinx/build/vcu118.ddr4/ddr4.gen/sources_1/ip/ddr4/bd_0/ip/ip_10/hdl/iomodule_v3_1_vh_rfs.vhd:1019' bound to instance 'fdr_i' of component 'MB_FDR' [/scratch2/nsalamini/github_new_new/cheshire/target/xilinx/build/vcu118.ddr4/ddr4.gen/sources_1/ip/ddr4/bd_0/ip/ip_10/hdl/iomodule_v3_1_vh_rfs.vhd:4174]
	Parameter C_TARGET bound to: 1'b0 
INFO: [Synth 8-3491] module 'MB_FDR' declared at '/scratch2/nsalamini/github_new_new/cheshire/target/xilinx/build/vcu118.ddr4/ddr4.gen/sources_1/ip/ddr4/bd_0/ip/ip_10/hdl/iomodule_v3_1_vh_rfs.vhd:1019' bound to instance 'fdr_i' of component 'MB_FDR' [/scratch2/nsalamini/github_new_new/cheshire/target/xilinx/build/vcu118.ddr4/ddr4.gen/sources_1/ip/ddr4/bd_0/ip/ip_10/hdl/iomodule_v3_1_vh_rfs.vhd:4174]
	Parameter C_TARGET bound to: 1'b0 
INFO: [Synth 8-3491] module 'MB_FDR' declared at '/scratch2/nsalamini/github_new_new/cheshire/target/xilinx/build/vcu118.ddr4/ddr4.gen/sources_1/ip/ddr4/bd_0/ip/ip_10/hdl/iomodule_v3_1_vh_rfs.vhd:1019' bound to instance 'fdr_i' of component 'MB_FDR' [/scratch2/nsalamini/github_new_new/cheshire/target/xilinx/build/vcu118.ddr4/ddr4.gen/sources_1/ip/ddr4/bd_0/ip/ip_10/hdl/iomodule_v3_1_vh_rfs.vhd:4174]
	Parameter C_TARGET bound to: 1'b0 
INFO: [Synth 8-3491] module 'MB_FDR' declared at '/scratch2/nsalamini/github_new_new/cheshire/target/xilinx/build/vcu118.ddr4/ddr4.gen/sources_1/ip/ddr4/bd_0/ip/ip_10/hdl/iomodule_v3_1_vh_rfs.vhd:1019' bound to instance 'fdr_i' of component 'MB_FDR' [/scratch2/nsalamini/github_new_new/cheshire/target/xilinx/build/vcu118.ddr4/ddr4.gen/sources_1/ip/ddr4/bd_0/ip/ip_10/hdl/iomodule_v3_1_vh_rfs.vhd:4174]
	Parameter C_TARGET bound to: 1'b0 
INFO: [Synth 8-3491] module 'MB_FDR' declared at '/scratch2/nsalamini/github_new_new/cheshire/target/xilinx/build/vcu118.ddr4/ddr4.gen/sources_1/ip/ddr4/bd_0/ip/ip_10/hdl/iomodule_v3_1_vh_rfs.vhd:1019' bound to instance 'fdr_i' of component 'MB_FDR' [/scratch2/nsalamini/github_new_new/cheshire/target/xilinx/build/vcu118.ddr4/ddr4.gen/sources_1/ip/ddr4/bd_0/ip/ip_10/hdl/iomodule_v3_1_vh_rfs.vhd:4174]
	Parameter C_TARGET bound to: 1'b0 
INFO: [Synth 8-3491] module 'MB_FDR' declared at '/scratch2/nsalamini/github_new_new/cheshire/target/xilinx/build/vcu118.ddr4/ddr4.gen/sources_1/ip/ddr4/bd_0/ip/ip_10/hdl/iomodule_v3_1_vh_rfs.vhd:1019' bound to instance 'fdr_i' of component 'MB_FDR' [/scratch2/nsalamini/github_new_new/cheshire/target/xilinx/build/vcu118.ddr4/ddr4.gen/sources_1/ip/ddr4/bd_0/ip/ip_10/hdl/iomodule_v3_1_vh_rfs.vhd:4174]
	Parameter C_TARGET bound to: 1'b0 
INFO: [Synth 8-3491] module 'MB_FDR' declared at '/scratch2/nsalamini/github_new_new/cheshire/target/xilinx/build/vcu118.ddr4/ddr4.gen/sources_1/ip/ddr4/bd_0/ip/ip_10/hdl/iomodule_v3_1_vh_rfs.vhd:1019' bound to instance 'fdr_i' of component 'MB_FDR' [/scratch2/nsalamini/github_new_new/cheshire/target/xilinx/build/vcu118.ddr4/ddr4.gen/sources_1/ip/ddr4/bd_0/ip/ip_10/hdl/iomodule_v3_1_vh_rfs.vhd:4174]
	Parameter C_TARGET bound to: 1'b0 
INFO: [Synth 8-3491] module 'MB_FDR' declared at '/scratch2/nsalamini/github_new_new/cheshire/target/xilinx/build/vcu118.ddr4/ddr4.gen/sources_1/ip/ddr4/bd_0/ip/ip_10/hdl/iomodule_v3_1_vh_rfs.vhd:1019' bound to instance 'fdr_i' of component 'MB_FDR' [/scratch2/nsalamini/github_new_new/cheshire/target/xilinx/build/vcu118.ddr4/ddr4.gen/sources_1/ip/ddr4/bd_0/ip/ip_10/hdl/iomodule_v3_1_vh_rfs.vhd:4174]
	Parameter C_TARGET bound to: 1'b0 
INFO: [Synth 8-3491] module 'MB_FDR' declared at '/scratch2/nsalamini/github_new_new/cheshire/target/xilinx/build/vcu118.ddr4/ddr4.gen/sources_1/ip/ddr4/bd_0/ip/ip_10/hdl/iomodule_v3_1_vh_rfs.vhd:1019' bound to instance 'fdr_i' of component 'MB_FDR' [/scratch2/nsalamini/github_new_new/cheshire/target/xilinx/build/vcu118.ddr4/ddr4.gen/sources_1/ip/ddr4/bd_0/ip/ip_10/hdl/iomodule_v3_1_vh_rfs.vhd:4174]
	Parameter C_TARGET bound to: 1'b0 
INFO: [Synth 8-3491] module 'MB_FDR' declared at '/scratch2/nsalamini/github_new_new/cheshire/target/xilinx/build/vcu118.ddr4/ddr4.gen/sources_1/ip/ddr4/bd_0/ip/ip_10/hdl/iomodule_v3_1_vh_rfs.vhd:1019' bound to instance 'fdr_i' of component 'MB_FDR' [/scratch2/nsalamini/github_new_new/cheshire/target/xilinx/build/vcu118.ddr4/ddr4.gen/sources_1/ip/ddr4/bd_0/ip/ip_10/hdl/iomodule_v3_1_vh_rfs.vhd:4174]
	Parameter C_TARGET bound to: 1'b0 
INFO: [Synth 8-3491] module 'MB_FDR' declared at '/scratch2/nsalamini/github_new_new/cheshire/target/xilinx/build/vcu118.ddr4/ddr4.gen/sources_1/ip/ddr4/bd_0/ip/ip_10/hdl/iomodule_v3_1_vh_rfs.vhd:1019' bound to instance 'fdr_i' of component 'MB_FDR' [/scratch2/nsalamini/github_new_new/cheshire/target/xilinx/build/vcu118.ddr4/ddr4.gen/sources_1/ip/ddr4/bd_0/ip/ip_10/hdl/iomodule_v3_1_vh_rfs.vhd:4174]
	Parameter C_TARGET bound to: 1'b0 
INFO: [Synth 8-3491] module 'MB_FDR' declared at '/scratch2/nsalamini/github_new_new/cheshire/target/xilinx/build/vcu118.ddr4/ddr4.gen/sources_1/ip/ddr4/bd_0/ip/ip_10/hdl/iomodule_v3_1_vh_rfs.vhd:1019' bound to instance 'fdr_i' of component 'MB_FDR' [/scratch2/nsalamini/github_new_new/cheshire/target/xilinx/build/vcu118.ddr4/ddr4.gen/sources_1/ip/ddr4/bd_0/ip/ip_10/hdl/iomodule_v3_1_vh_rfs.vhd:4174]
	Parameter C_TARGET bound to: 1'b0 
INFO: [Synth 8-3491] module 'MB_FDR' declared at '/scratch2/nsalamini/github_new_new/cheshire/target/xilinx/build/vcu118.ddr4/ddr4.gen/sources_1/ip/ddr4/bd_0/ip/ip_10/hdl/iomodule_v3_1_vh_rfs.vhd:1019' bound to instance 'fdr_i' of component 'MB_FDR' [/scratch2/nsalamini/github_new_new/cheshire/target/xilinx/build/vcu118.ddr4/ddr4.gen/sources_1/ip/ddr4/bd_0/ip/ip_10/hdl/iomodule_v3_1_vh_rfs.vhd:4174]
	Parameter C_TARGET bound to: 1'b0 
INFO: [Synth 8-3491] module 'MB_FDR' declared at '/scratch2/nsalamini/github_new_new/cheshire/target/xilinx/build/vcu118.ddr4/ddr4.gen/sources_1/ip/ddr4/bd_0/ip/ip_10/hdl/iomodule_v3_1_vh_rfs.vhd:1019' bound to instance 'fdr_i' of component 'MB_FDR' [/scratch2/nsalamini/github_new_new/cheshire/target/xilinx/build/vcu118.ddr4/ddr4.gen/sources_1/ip/ddr4/bd_0/ip/ip_10/hdl/iomodule_v3_1_vh_rfs.vhd:4174]
	Parameter C_TARGET bound to: 1'b0 
INFO: [Synth 8-3491] module 'MB_FDR' declared at '/scratch2/nsalamini/github_new_new/cheshire/target/xilinx/build/vcu118.ddr4/ddr4.gen/sources_1/ip/ddr4/bd_0/ip/ip_10/hdl/iomodule_v3_1_vh_rfs.vhd:1019' bound to instance 'fdr_i' of component 'MB_FDR' [/scratch2/nsalamini/github_new_new/cheshire/target/xilinx/build/vcu118.ddr4/ddr4.gen/sources_1/ip/ddr4/bd_0/ip/ip_10/hdl/iomodule_v3_1_vh_rfs.vhd:4174]
	Parameter C_TARGET bound to: 1'b0 
INFO: [Synth 8-3491] module 'MB_FDR' declared at '/scratch2/nsalamini/github_new_new/cheshire/target/xilinx/build/vcu118.ddr4/ddr4.gen/sources_1/ip/ddr4/bd_0/ip/ip_10/hdl/iomodule_v3_1_vh_rfs.vhd:1019' bound to instance 'fdr_i' of component 'MB_FDR' [/scratch2/nsalamini/github_new_new/cheshire/target/xilinx/build/vcu118.ddr4/ddr4.gen/sources_1/ip/ddr4/bd_0/ip/ip_10/hdl/iomodule_v3_1_vh_rfs.vhd:4174]
	Parameter C_TARGET bound to: 1'b0 
INFO: [Synth 8-3491] module 'MB_FDR' declared at '/scratch2/nsalamini/github_new_new/cheshire/target/xilinx/build/vcu118.ddr4/ddr4.gen/sources_1/ip/ddr4/bd_0/ip/ip_10/hdl/iomodule_v3_1_vh_rfs.vhd:1019' bound to instance 'fdr_i' of component 'MB_FDR' [/scratch2/nsalamini/github_new_new/cheshire/target/xilinx/build/vcu118.ddr4/ddr4.gen/sources_1/ip/ddr4/bd_0/ip/ip_10/hdl/iomodule_v3_1_vh_rfs.vhd:4174]
	Parameter C_TARGET bound to: 1'b0 
INFO: [Synth 8-3491] module 'MB_FDR' declared at '/scratch2/nsalamini/github_new_new/cheshire/target/xilinx/build/vcu118.ddr4/ddr4.gen/sources_1/ip/ddr4/bd_0/ip/ip_10/hdl/iomodule_v3_1_vh_rfs.vhd:1019' bound to instance 'fdr_i' of component 'MB_FDR' [/scratch2/nsalamini/github_new_new/cheshire/target/xilinx/build/vcu118.ddr4/ddr4.gen/sources_1/ip/ddr4/bd_0/ip/ip_10/hdl/iomodule_v3_1_vh_rfs.vhd:4174]
	Parameter C_TARGET bound to: 1'b0 
INFO: [Synth 8-3491] module 'MB_FDR' declared at '/scratch2/nsalamini/github_new_new/cheshire/target/xilinx/build/vcu118.ddr4/ddr4.gen/sources_1/ip/ddr4/bd_0/ip/ip_10/hdl/iomodule_v3_1_vh_rfs.vhd:1019' bound to instance 'fdr_i' of component 'MB_FDR' [/scratch2/nsalamini/github_new_new/cheshire/target/xilinx/build/vcu118.ddr4/ddr4.gen/sources_1/ip/ddr4/bd_0/ip/ip_10/hdl/iomodule_v3_1_vh_rfs.vhd:4174]
	Parameter C_TARGET bound to: 1'b0 
INFO: [Synth 8-3491] module 'MB_FDR' declared at '/scratch2/nsalamini/github_new_new/cheshire/target/xilinx/build/vcu118.ddr4/ddr4.gen/sources_1/ip/ddr4/bd_0/ip/ip_10/hdl/iomodule_v3_1_vh_rfs.vhd:1019' bound to instance 'fdr_i' of component 'MB_FDR' [/scratch2/nsalamini/github_new_new/cheshire/target/xilinx/build/vcu118.ddr4/ddr4.gen/sources_1/ip/ddr4/bd_0/ip/ip_10/hdl/iomodule_v3_1_vh_rfs.vhd:4174]
	Parameter C_TARGET bound to: 1'b0 
INFO: [Synth 8-3491] module 'MB_FDR' declared at '/scratch2/nsalamini/github_new_new/cheshire/target/xilinx/build/vcu118.ddr4/ddr4.gen/sources_1/ip/ddr4/bd_0/ip/ip_10/hdl/iomodule_v3_1_vh_rfs.vhd:1019' bound to instance 'fdr_i' of component 'MB_FDR' [/scratch2/nsalamini/github_new_new/cheshire/target/xilinx/build/vcu118.ddr4/ddr4.gen/sources_1/ip/ddr4/bd_0/ip/ip_10/hdl/iomodule_v3_1_vh_rfs.vhd:4174]
	Parameter C_TARGET bound to: 1'b0 
INFO: [Synth 8-3491] module 'MB_FDR' declared at '/scratch2/nsalamini/github_new_new/cheshire/target/xilinx/build/vcu118.ddr4/ddr4.gen/sources_1/ip/ddr4/bd_0/ip/ip_10/hdl/iomodule_v3_1_vh_rfs.vhd:1019' bound to instance 'fdr_i' of component 'MB_FDR' [/scratch2/nsalamini/github_new_new/cheshire/target/xilinx/build/vcu118.ddr4/ddr4.gen/sources_1/ip/ddr4/bd_0/ip/ip_10/hdl/iomodule_v3_1_vh_rfs.vhd:4174]
	Parameter C_TARGET bound to: 1'b0 
INFO: [Synth 8-3491] module 'MB_FDR' declared at '/scratch2/nsalamini/github_new_new/cheshire/target/xilinx/build/vcu118.ddr4/ddr4.gen/sources_1/ip/ddr4/bd_0/ip/ip_10/hdl/iomodule_v3_1_vh_rfs.vhd:1019' bound to instance 'fdr_i' of component 'MB_FDR' [/scratch2/nsalamini/github_new_new/cheshire/target/xilinx/build/vcu118.ddr4/ddr4.gen/sources_1/ip/ddr4/bd_0/ip/ip_10/hdl/iomodule_v3_1_vh_rfs.vhd:4174]
	Parameter C_TARGET bound to: 1'b0 
INFO: [Synth 8-3491] module 'MB_FDR' declared at '/scratch2/nsalamini/github_new_new/cheshire/target/xilinx/build/vcu118.ddr4/ddr4.gen/sources_1/ip/ddr4/bd_0/ip/ip_10/hdl/iomodule_v3_1_vh_rfs.vhd:1019' bound to instance 'fdr_i' of component 'MB_FDR' [/scratch2/nsalamini/github_new_new/cheshire/target/xilinx/build/vcu118.ddr4/ddr4.gen/sources_1/ip/ddr4/bd_0/ip/ip_10/hdl/iomodule_v3_1_vh_rfs.vhd:4174]
	Parameter C_TARGET bound to: 1'b0 
INFO: [Synth 8-3491] module 'MB_FDR' declared at '/scratch2/nsalamini/github_new_new/cheshire/target/xilinx/build/vcu118.ddr4/ddr4.gen/sources_1/ip/ddr4/bd_0/ip/ip_10/hdl/iomodule_v3_1_vh_rfs.vhd:1019' bound to instance 'fdr_i' of component 'MB_FDR' [/scratch2/nsalamini/github_new_new/cheshire/target/xilinx/build/vcu118.ddr4/ddr4.gen/sources_1/ip/ddr4/bd_0/ip/ip_10/hdl/iomodule_v3_1_vh_rfs.vhd:4174]
	Parameter C_TARGET bound to: 1'b0 
INFO: [Synth 8-3491] module 'MB_FDR' declared at '/scratch2/nsalamini/github_new_new/cheshire/target/xilinx/build/vcu118.ddr4/ddr4.gen/sources_1/ip/ddr4/bd_0/ip/ip_10/hdl/iomodule_v3_1_vh_rfs.vhd:1019' bound to instance 'fdr_i' of component 'MB_FDR' [/scratch2/nsalamini/github_new_new/cheshire/target/xilinx/build/vcu118.ddr4/ddr4.gen/sources_1/ip/ddr4/bd_0/ip/ip_10/hdl/iomodule_v3_1_vh_rfs.vhd:4174]
	Parameter C_TARGET bound to: 1'b0 
INFO: [Synth 8-3491] module 'MB_FDR' declared at '/scratch2/nsalamini/github_new_new/cheshire/target/xilinx/build/vcu118.ddr4/ddr4.gen/sources_1/ip/ddr4/bd_0/ip/ip_10/hdl/iomodule_v3_1_vh_rfs.vhd:1019' bound to instance 'fdr_i' of component 'MB_FDR' [/scratch2/nsalamini/github_new_new/cheshire/target/xilinx/build/vcu118.ddr4/ddr4.gen/sources_1/ip/ddr4/bd_0/ip/ip_10/hdl/iomodule_v3_1_vh_rfs.vhd:4174]
	Parameter C_TARGET bound to: 1'b0 
INFO: [Synth 8-3491] module 'MB_FDR' declared at '/scratch2/nsalamini/github_new_new/cheshire/target/xilinx/build/vcu118.ddr4/ddr4.gen/sources_1/ip/ddr4/bd_0/ip/ip_10/hdl/iomodule_v3_1_vh_rfs.vhd:1019' bound to instance 'fdr_i' of component 'MB_FDR' [/scratch2/nsalamini/github_new_new/cheshire/target/xilinx/build/vcu118.ddr4/ddr4.gen/sources_1/ip/ddr4/bd_0/ip/ip_10/hdl/iomodule_v3_1_vh_rfs.vhd:4174]
	Parameter C_TARGET bound to: 1'b0 
INFO: [Synth 8-3491] module 'MB_FDR' declared at '/scratch2/nsalamini/github_new_new/cheshire/target/xilinx/build/vcu118.ddr4/ddr4.gen/sources_1/ip/ddr4/bd_0/ip/ip_10/hdl/iomodule_v3_1_vh_rfs.vhd:1019' bound to instance 'fdr_i' of component 'MB_FDR' [/scratch2/nsalamini/github_new_new/cheshire/target/xilinx/build/vcu118.ddr4/ddr4.gen/sources_1/ip/ddr4/bd_0/ip/ip_10/hdl/iomodule_v3_1_vh_rfs.vhd:4174]
INFO: [Synth 8-256] done synthesizing module 'intr_ctrl' (0#1) [/scratch2/nsalamini/github_new_new/cheshire/target/xilinx/build/vcu118.ddr4/ddr4.gen/sources_1/ip/ddr4/bd_0/ip/ip_10/hdl/iomodule_v3_1_vh_rfs.vhd:3415]
INFO: [Synth 8-256] done synthesizing module 'Iomodule_core' (0#1) [/scratch2/nsalamini/github_new_new/cheshire/target/xilinx/build/vcu118.ddr4/ddr4.gen/sources_1/ip/ddr4/bd_0/ip/ip_10/hdl/iomodule_v3_1_vh_rfs.vhd:8727]
INFO: [Synth 8-256] done synthesizing module 'iomodule' (0#1) [/scratch2/nsalamini/github_new_new/cheshire/target/xilinx/build/vcu118.ddr4/ddr4.gen/sources_1/ip/ddr4/bd_0/ip/ip_10/hdl/iomodule_v3_1_vh_rfs.vhd:10105]
INFO: [Synth 8-256] done synthesizing module 'bd_c703_iomodule_0_0' (0#1) [/scratch2/nsalamini/github_new_new/cheshire/target/xilinx/build/vcu118.ddr4/ddr4.gen/sources_1/ip/ddr4/bd_0/ip/ip_10/synth/bd_c703_iomodule_0_0.vhd:85]
INFO: [Synth 8-638] synthesizing module 'bd_c703_lmb_bram_I_0' [/scratch2/nsalamini/github_new_new/cheshire/target/xilinx/build/vcu118.ddr4/ddr4.gen/sources_1/ip/ddr4/bd_0/ip/ip_6/synth/bd_c703_lmb_bram_I_0.vhd:80]
	Parameter C_FAMILY bound to: virtexuplus - type: string 
	Parameter C_XDEVICEFAMILY bound to: virtexuplus - type: string 
	Parameter C_ELABORATION_DIR bound to: ./ - type: string 
	Parameter C_INTERFACE_TYPE bound to: 0 - type: integer 
	Parameter C_AXI_TYPE bound to: 1 - type: integer 
	Parameter C_AXI_SLAVE_TYPE bound to: 0 - type: integer 
	Parameter C_USE_BRAM_BLOCK bound to: 1 - type: integer 
	Parameter C_ENABLE_32BIT_ADDRESS bound to: 1 - type: integer 
	Parameter C_CTRL_ECC_ALGO bound to: NONE - type: string 
	Parameter C_HAS_AXI_ID bound to: 0 - type: integer 
	Parameter C_AXI_ID_WIDTH bound to: 4 - type: integer 
	Parameter C_MEM_TYPE bound to: 2 - type: integer 
	Parameter C_BYTE_SIZE bound to: 8 - type: integer 
	Parameter C_ALGORITHM bound to: 1 - type: integer 
	Parameter C_PRIM_TYPE bound to: 1 - type: integer 
	Parameter C_LOAD_INIT_FILE bound to: 0 - type: integer 
	Parameter C_INIT_FILE_NAME bound to: no_coe_file_loaded - type: string 
	Parameter C_INIT_FILE bound to: bd_c703_lmb_bram_I_0.mem - type: string 
	Parameter C_USE_DEFAULT_DATA bound to: 0 - type: integer 
	Parameter C_DEFAULT_DATA bound to: 0 - type: string 
	Parameter C_HAS_RSTA bound to: 1 - type: integer 
	Parameter C_RST_PRIORITY_A bound to: CE - type: string 
	Parameter C_RSTRAM_A bound to: 0 - type: integer 
	Parameter C_INITA_VAL bound to: 0 - type: string 
	Parameter C_HAS_ENA bound to: 1 - type: integer 
	Parameter C_HAS_REGCEA bound to: 0 - type: integer 
	Parameter C_USE_BYTE_WEA bound to: 1 - type: integer 
	Parameter C_WEA_WIDTH bound to: 4 - type: integer 
	Parameter C_WRITE_MODE_A bound to: WRITE_FIRST - type: string 
	Parameter C_WRITE_WIDTH_A bound to: 32 - type: integer 
	Parameter C_READ_WIDTH_A bound to: 32 - type: integer 
	Parameter C_WRITE_DEPTH_A bound to: 16384 - type: integer 
	Parameter C_READ_DEPTH_A bound to: 16384 - type: integer 
	Parameter C_ADDRA_WIDTH bound to: 32 - type: integer 
	Parameter C_HAS_RSTB bound to: 1 - type: integer 
	Parameter C_RST_PRIORITY_B bound to: CE - type: string 
	Parameter C_RSTRAM_B bound to: 0 - type: integer 
	Parameter C_INITB_VAL bound to: 0 - type: string 
	Parameter C_HAS_ENB bound to: 1 - type: integer 
	Parameter C_HAS_REGCEB bound to: 0 - type: integer 
	Parameter C_USE_BYTE_WEB bound to: 1 - type: integer 
	Parameter C_WEB_WIDTH bound to: 4 - type: integer 
	Parameter C_WRITE_MODE_B bound to: WRITE_FIRST - type: string 
	Parameter C_WRITE_WIDTH_B bound to: 32 - type: integer 
	Parameter C_READ_WIDTH_B bound to: 32 - type: integer 
	Parameter C_WRITE_DEPTH_B bound to: 16384 - type: integer 
	Parameter C_READ_DEPTH_B bound to: 16384 - type: integer 
	Parameter C_ADDRB_WIDTH bound to: 32 - type: integer 
	Parameter C_HAS_MEM_OUTPUT_REGS_A bound to: 0 - type: integer 
	Parameter C_HAS_MEM_OUTPUT_REGS_B bound to: 0 - type: integer 
	Parameter C_HAS_MUX_OUTPUT_REGS_A bound to: 0 - type: integer 
	Parameter C_HAS_MUX_OUTPUT_REGS_B bound to: 0 - type: integer 
	Parameter C_MUX_PIPELINE_STAGES bound to: 0 - type: integer 
	Parameter C_HAS_SOFTECC_INPUT_REGS_A bound to: 0 - type: integer 
	Parameter C_HAS_SOFTECC_OUTPUT_REGS_B bound to: 0 - type: integer 
	Parameter C_USE_SOFTECC bound to: 0 - type: integer 
	Parameter C_USE_ECC bound to: 0 - type: integer 
	Parameter C_EN_ECC_PIPE bound to: 0 - type: integer 
	Parameter C_READ_LATENCY_A bound to: 1 - type: integer 
	Parameter C_READ_LATENCY_B bound to: 1 - type: integer 
	Parameter C_HAS_INJECTERR bound to: 0 - type: integer 
	Parameter C_SIM_COLLISION_CHECK bound to: ALL - type: string 
	Parameter C_COMMON_CLK bound to: 0 - type: integer 
	Parameter C_DISABLE_WARN_BHV_COLL bound to: 0 - type: integer 
	Parameter C_EN_SLEEP_PIN bound to: 0 - type: integer 
	Parameter C_USE_URAM bound to: 0 - type: integer 
	Parameter C_EN_RDADDRA_CHG bound to: 0 - type: integer 
	Parameter C_EN_RDADDRB_CHG bound to: 0 - type: integer 
	Parameter C_EN_DEEPSLEEP_PIN bound to: 0 - type: integer 
	Parameter C_EN_SHUTDOWN_PIN bound to: 0 - type: integer 
	Parameter C_EN_SAFETY_CKT bound to: 1 - type: integer 
	Parameter C_DISABLE_WARN_BHV_RANGE bound to: 0 - type: integer 
	Parameter C_COUNT_36K_BRAM bound to: 16 - type: string 
	Parameter C_COUNT_18K_BRAM bound to: 0 - type: string 
	Parameter C_EST_POWER_SUMMARY bound to: Estimated Power for IP     :     19.660986 mW - type: string 
INFO: [Synth 8-3491] module 'blk_mem_gen_v8_4_5' declared at '/scratch2/nsalamini/github_new_new/cheshire/target/xilinx/build/vcu118.ddr4/ddr4.gen/sources_1/ip/ddr4/bd_0/ip/ip_6/hdl/blk_mem_gen_v8_4_vhsyn_rfs.vhd:195321' bound to instance 'U0' of component 'blk_mem_gen_v8_4_5' [/scratch2/nsalamini/github_new_new/cheshire/target/xilinx/build/vcu118.ddr4/ddr4.gen/sources_1/ip/ddr4/bd_0/ip/ip_6/synth/bd_c703_lmb_bram_I_0.vhd:255]
INFO: [Synth 8-256] done synthesizing module 'bd_c703_lmb_bram_I_0' (0#1) [/scratch2/nsalamini/github_new_new/cheshire/target/xilinx/build/vcu118.ddr4/ddr4.gen/sources_1/ip/ddr4/bd_0/ip/ip_6/synth/bd_c703_lmb_bram_I_0.vhd:80]
WARNING: [Synth 8-7071] port 'rsta_busy' of module 'bd_c703_lmb_bram_I_0' is unconnected for instance 'lmb_bram_I' [/scratch2/nsalamini/github_new_new/cheshire/target/xilinx/build/vcu118.ddr4/ddr4.gen/sources_1/ip/ddr4/bd_0/synth/bd_c703.v:375]
WARNING: [Synth 8-7071] port 'rstb_busy' of module 'bd_c703_lmb_bram_I_0' is unconnected for instance 'lmb_bram_I' [/scratch2/nsalamini/github_new_new/cheshire/target/xilinx/build/vcu118.ddr4/ddr4.gen/sources_1/ip/ddr4/bd_0/synth/bd_c703.v:375]
WARNING: [Synth 8-7023] instance 'lmb_bram_I' of module 'bd_c703_lmb_bram_I_0' has 16 connections declared, but only 14 given [/scratch2/nsalamini/github_new_new/cheshire/target/xilinx/build/vcu118.ddr4/ddr4.gen/sources_1/ip/ddr4/bd_0/synth/bd_c703.v:375]
INFO: [Synth 8-638] synthesizing module 'bd_c703_microblaze_I_0' [/scratch2/nsalamini/github_new_new/cheshire/target/xilinx/build/vcu118.ddr4/ddr4.gen/sources_1/ip/ddr4/bd_0/ip/ip_0/synth/bd_c703_microblaze_I_0.vhd:118]
	Parameter C_SCO bound to: 0 - type: integer 
	Parameter C_FREQ bound to: 100000000 - type: integer 
	Parameter C_USE_CONFIG_RESET bound to: 0 - type: integer 
	Parameter C_NUM_SYNC_FF_CLK bound to: 2 - type: integer 
	Parameter C_NUM_SYNC_FF_CLK_IRQ bound to: 1 - type: integer 
	Parameter C_NUM_SYNC_FF_CLK_DEBUG bound to: 2 - type: integer 
	Parameter C_NUM_SYNC_FF_DBG_CLK bound to: 1 - type: integer 
	Parameter C_NUM_SYNC_FF_DBG_TRACE_CLK bound to: 2 - type: integer 
	Parameter C_FAULT_TOLERANT bound to: 0 - type: integer 
	Parameter C_ECC_USE_CE_EXCEPTION bound to: 0 - type: integer 
	Parameter C_LOCKSTEP_SLAVE bound to: 0 - type: integer 
	Parameter C_LOCKSTEP_MASTER bound to: 0 - type: integer 
	Parameter C_TEMPORAL_DEPTH bound to: 0 - type: integer 
	Parameter C_ENDIANNESS bound to: 1 - type: integer 
	Parameter C_FAMILY bound to: virtexuplus - type: string 
	Parameter C_DATA_SIZE bound to: 32 - type: integer 
	Parameter C_LMB_DATA_SIZE bound to: 32 - type: integer 
	Parameter C_INSTR_SIZE bound to: 32 - type: integer 
	Parameter C_IADDR_SIZE bound to: 32 - type: integer 
	Parameter C_PIADDR_SIZE bound to: 32 - type: integer 
	Parameter C_DADDR_SIZE bound to: 32 - type: integer 
	Parameter C_INSTANCE bound to: bd_c703_microblaze_I_0 - type: string 
	Parameter C_AVOID_PRIMITIVES bound to: 0 - type: integer 
	Parameter C_AREA_OPTIMIZED bound to: 0 - type: integer 
	Parameter C_OPTIMIZATION bound to: 0 - type: integer 
	Parameter C_INTERCONNECT bound to: 2 - type: integer 
	Parameter C_BASE_VECTORS bound to: 64'b0000000000000000000000000000000000000000000000000000000000000000 
	Parameter C_M_AXI_DP_THREAD_ID_WIDTH bound to: 1 - type: integer 
	Parameter C_M_AXI_DP_DATA_WIDTH bound to: 32 - type: integer 
	Parameter C_M_AXI_DP_ADDR_WIDTH bound to: 32 - type: integer 
	Parameter C_M_AXI_DP_EXCLUSIVE_ACCESS bound to: 0 - type: integer 
	Parameter C_M_AXI_D_BUS_EXCEPTION bound to: 0 - type: integer 
	Parameter C_M_AXI_IP_THREAD_ID_WIDTH bound to: 1 - type: integer 
	Parameter C_M_AXI_IP_DATA_WIDTH bound to: 32 - type: integer 
	Parameter C_M_AXI_IP_ADDR_WIDTH bound to: 32 - type: integer 
	Parameter C_M_AXI_I_BUS_EXCEPTION bound to: 0 - type: integer 
	Parameter C_D_LMB bound to: 1 - type: integer 
	Parameter C_D_LMB_PROTOCOL bound to: 0 - type: integer 
	Parameter C_D_AXI bound to: 0 - type: integer 
	Parameter C_I_LMB bound to: 1 - type: integer 
	Parameter C_I_LMB_PROTOCOL bound to: 0 - type: integer 
	Parameter C_I_AXI bound to: 0 - type: integer 
	Parameter G_TEMPLATE_LIST bound to: 0 - type: integer 
	Parameter C_USE_MSR_INSTR bound to: 0 - type: integer 
	Parameter C_USE_PCMP_INSTR bound to: 1 - type: integer 
	Parameter C_USE_BARREL bound to: 1 - type: integer 
	Parameter C_USE_DIV bound to: 1 - type: integer 
	Parameter C_USE_HW_MUL bound to: 1 - type: integer 
	Parameter C_USE_FPU bound to: 0 - type: integer 
	Parameter C_USE_REORDER_INSTR bound to: 0 - type: integer 
	Parameter C_UNALIGNED_EXCEPTIONS bound to: 0 - type: integer 
	Parameter C_ILL_OPCODE_EXCEPTION bound to: 0 - type: integer 
	Parameter C_DIV_ZERO_EXCEPTION bound to: 0 - type: integer 
	Parameter C_FPU_EXCEPTION bound to: 0 - type: integer 
	Parameter C_FSL_LINKS bound to: 0 - type: integer 
	Parameter C_USE_EXTENDED_FSL_INSTR bound to: 0 - type: integer 
	Parameter C_FSL_EXCEPTION bound to: 0 - type: integer 
	Parameter C_USE_STACK_PROTECTION bound to: 0 - type: integer 
	Parameter C_IMPRECISE_EXCEPTIONS bound to: 0 - type: integer 
	Parameter C_USE_INTERRUPT bound to: 0 - type: integer 
	Parameter C_USE_EXT_BRK bound to: 0 - type: integer 
	Parameter C_USE_EXT_NM_BRK bound to: 0 - type: integer 
	Parameter C_USE_NON_SECURE bound to: 0 - type: integer 
	Parameter C_USE_MMU bound to: 0 - type: integer 
	Parameter C_MMU_DTLB_SIZE bound to: 4 - type: integer 
	Parameter C_MMU_ITLB_SIZE bound to: 2 - type: integer 
	Parameter C_MMU_TLB_ACCESS bound to: 3 - type: integer 
	Parameter C_MMU_ZONES bound to: 16 - type: integer 
	Parameter C_MMU_PRIVILEGED_INSTR bound to: 0 - type: integer 
	Parameter C_USE_BRANCH_TARGET_CACHE bound to: 0 - type: integer 
	Parameter C_BRANCH_TARGET_CACHE_SIZE bound to: 0 - type: integer 
	Parameter C_PC_WIDTH bound to: 17 - type: integer 
	Parameter C_PVR bound to: 0 - type: integer 
	Parameter C_PVR_USER1 bound to: 8'b00000000 
	Parameter C_PVR_USER2 bound to: 32'b00000000000000000000000000000000 
	Parameter C_DYNAMIC_BUS_SIZING bound to: 0 - type: integer 
	Parameter C_RESET_MSR bound to: 32'b00000000000000000000000000000000 
	Parameter C_OPCODE_0x0_ILLEGAL bound to: 0 - type: integer 
	Parameter C_DEBUG_ENABLED bound to: 0 - type: integer 
	Parameter C_DEBUG_INTERFACE bound to: 0 - type: integer 
	Parameter C_NUMBER_OF_PC_BRK bound to: 1 - type: integer 
	Parameter C_NUMBER_OF_RD_ADDR_BRK bound to: 0 - type: integer 
	Parameter C_NUMBER_OF_WR_ADDR_BRK bound to: 0 - type: integer 
	Parameter C_DEBUG_EVENT_COUNTERS bound to: 5 - type: integer 
	Parameter C_DEBUG_LATENCY_COUNTERS bound to: 1 - type: integer 
	Parameter C_DEBUG_COUNTER_WIDTH bound to: 32 - type: integer 
	Parameter C_DEBUG_TRACE_SIZE bound to: 8192 - type: integer 
	Parameter C_DEBUG_EXTERNAL_TRACE bound to: 0 - type: integer 
	Parameter C_DEBUG_TRACE_ASYNC_RESET bound to: 0 - type: integer 
	Parameter C_DEBUG_PROFILE_SIZE bound to: 0 - type: integer 
	Parameter C_INTERRUPT_IS_EDGE bound to: 0 - type: integer 
	Parameter C_EDGE_IS_POSITIVE bound to: 1 - type: integer 
	Parameter C_ASYNC_INTERRUPT bound to: 1 - type: integer 
	Parameter C_ASYNC_WAKEUP bound to: 3 - type: integer 
	Parameter C_M0_AXIS_DATA_WIDTH bound to: 32 - type: integer 
	Parameter C_S0_AXIS_DATA_WIDTH bound to: 32 - type: integer 
	Parameter C_M1_AXIS_DATA_WIDTH bound to: 32 - type: integer 
	Parameter C_S1_AXIS_DATA_WIDTH bound to: 32 - type: integer 
	Parameter C_M2_AXIS_DATA_WIDTH bound to: 32 - type: integer 
	Parameter C_S2_AXIS_DATA_WIDTH bound to: 32 - type: integer 
	Parameter C_M3_AXIS_DATA_WIDTH bound to: 32 - type: integer 
	Parameter C_S3_AXIS_DATA_WIDTH bound to: 32 - type: integer 
	Parameter C_M4_AXIS_DATA_WIDTH bound to: 32 - type: integer 
	Parameter C_S4_AXIS_DATA_WIDTH bound to: 32 - type: integer 
	Parameter C_M5_AXIS_DATA_WIDTH bound to: 32 - type: integer 
	Parameter C_S5_AXIS_DATA_WIDTH bound to: 32 - type: integer 
	Parameter C_M6_AXIS_DATA_WIDTH bound to: 32 - type: integer 
	Parameter C_S6_AXIS_DATA_WIDTH bound to: 32 - type: integer 
	Parameter C_M7_AXIS_DATA_WIDTH bound to: 32 - type: integer 
	Parameter C_S7_AXIS_DATA_WIDTH bound to: 32 - type: integer 
	Parameter C_M8_AXIS_DATA_WIDTH bound to: 32 - type: integer 
	Parameter C_S8_AXIS_DATA_WIDTH bound to: 32 - type: integer 
	Parameter C_M9_AXIS_DATA_WIDTH bound to: 32 - type: integer 
	Parameter C_S9_AXIS_DATA_WIDTH bound to: 32 - type: integer 
	Parameter C_M10_AXIS_DATA_WIDTH bound to: 32 - type: integer 
	Parameter C_S10_AXIS_DATA_WIDTH bound to: 32 - type: integer 
	Parameter C_M11_AXIS_DATA_WIDTH bound to: 32 - type: integer 
	Parameter C_S11_AXIS_DATA_WIDTH bound to: 32 - type: integer 
	Parameter C_M12_AXIS_DATA_WIDTH bound to: 32 - type: integer 
	Parameter C_S12_AXIS_DATA_WIDTH bound to: 32 - type: integer 
	Parameter C_M13_AXIS_DATA_WIDTH bound to: 32 - type: integer 
	Parameter C_S13_AXIS_DATA_WIDTH bound to: 32 - type: integer 
	Parameter C_M14_AXIS_DATA_WIDTH bound to: 32 - type: integer 
	Parameter C_S14_AXIS_DATA_WIDTH bound to: 32 - type: integer 
	Parameter C_M15_AXIS_DATA_WIDTH bound to: 32 - type: integer 
	Parameter C_S15_AXIS_DATA_WIDTH bound to: 32 - type: integer 
	Parameter C_ICACHE_BASEADDR bound to: 64'b0000000000000000000000000000000000000000000000000000000000000000 
	Parameter C_ICACHE_HIGHADDR bound to: 64'b0000000000000000000000000000000000111111111111111111111111111111 
	Parameter C_USE_ICACHE bound to: 0 - type: integer 
	Parameter C_ALLOW_ICACHE_WR bound to: 1 - type: integer 
	Parameter C_ADDR_TAG_BITS bound to: 17 - type: integer 
	Parameter C_CACHE_BYTE_SIZE bound to: 8192 - type: integer 
	Parameter C_ICACHE_LINE_LEN bound to: 4 - type: integer 
	Parameter C_ICACHE_ALWAYS_USED bound to: 1 - type: integer 
	Parameter C_ICACHE_STREAMS bound to: 0 - type: integer 
	Parameter C_ICACHE_VICTIMS bound to: 0 - type: integer 
	Parameter C_ICACHE_FORCE_TAG_LUTRAM bound to: 0 - type: integer 
	Parameter C_ICACHE_DATA_WIDTH bound to: 0 - type: integer 
	Parameter C_M_AXI_IC_THREAD_ID_WIDTH bound to: 1 - type: integer 
	Parameter C_M_AXI_IC_DATA_WIDTH bound to: 32 - type: integer 
	Parameter C_M_AXI_IC_ADDR_WIDTH bound to: 32 - type: integer 
	Parameter C_M_AXI_IC_USER_VALUE bound to: 31 - type: integer 
	Parameter C_M_AXI_IC_AWUSER_WIDTH bound to: 5 - type: integer 
	Parameter C_M_AXI_IC_ARUSER_WIDTH bound to: 5 - type: integer 
	Parameter C_M_AXI_IC_WUSER_WIDTH bound to: 1 - type: integer 
	Parameter C_M_AXI_IC_RUSER_WIDTH bound to: 1 - type: integer 
	Parameter C_M_AXI_IC_BUSER_WIDTH bound to: 1 - type: integer 
	Parameter C_DCACHE_BASEADDR bound to: 64'b0000000000000000000000000000000000000000000000000000000000000000 
	Parameter C_DCACHE_HIGHADDR bound to: 64'b0000000000000000000000000000000000111111111111111111111111111111 
	Parameter C_USE_DCACHE bound to: 0 - type: integer 
	Parameter C_ALLOW_DCACHE_WR bound to: 1 - type: integer 
	Parameter C_DCACHE_ADDR_TAG bound to: 17 - type: integer 
	Parameter C_DCACHE_BYTE_SIZE bound to: 8192 - type: integer 
	Parameter C_DCACHE_LINE_LEN bound to: 4 - type: integer 
	Parameter C_DCACHE_ALWAYS_USED bound to: 1 - type: integer 
	Parameter C_DCACHE_USE_WRITEBACK bound to: 0 - type: integer 
	Parameter C_DCACHE_VICTIMS bound to: 0 - type: integer 
	Parameter C_DCACHE_FORCE_TAG_LUTRAM bound to: 0 - type: integer 
	Parameter C_DCACHE_DATA_WIDTH bound to: 0 - type: integer 
	Parameter C_M_AXI_DC_THREAD_ID_WIDTH bound to: 1 - type: integer 
	Parameter C_M_AXI_DC_DATA_WIDTH bound to: 32 - type: integer 
	Parameter C_M_AXI_DC_ADDR_WIDTH bound to: 32 - type: integer 
	Parameter C_M_AXI_DC_EXCLUSIVE_ACCESS bound to: 0 - type: integer 
	Parameter C_M_AXI_DC_USER_VALUE bound to: 31 - type: integer 
	Parameter C_M_AXI_DC_AWUSER_WIDTH bound to: 5 - type: integer 
	Parameter C_M_AXI_DC_ARUSER_WIDTH bound to: 5 - type: integer 
	Parameter C_M_AXI_DC_WUSER_WIDTH bound to: 1 - type: integer 
	Parameter C_M_AXI_DC_RUSER_WIDTH bound to: 1 - type: integer 
	Parameter C_M_AXI_DC_BUSER_WIDTH bound to: 1 - type: integer 
INFO: [Synth 8-3491] module 'MicroBlaze' declared at '/scratch2/nsalamini/github_new_new/cheshire/target/xilinx/build/vcu118.ddr4/ddr4.gen/sources_1/ip/ddr4/bd_0/ip/ip_0/hdl/microblaze_v11_0_vh_rfs.vhd:165095' bound to instance 'U0' of component 'MicroBlaze' [/scratch2/nsalamini/github_new_new/cheshire/target/xilinx/build/vcu118.ddr4/ddr4.gen/sources_1/ip/ddr4/bd_0/ip/ip_0/synth/bd_c703_microblaze_I_0.vhd:821]
INFO: [Synth 8-256] done synthesizing module 'bd_c703_microblaze_I_0' (0#1) [/scratch2/nsalamini/github_new_new/cheshire/target/xilinx/build/vcu118.ddr4/ddr4.gen/sources_1/ip/ddr4/bd_0/ip/ip_0/synth/bd_c703_microblaze_I_0.vhd:118]
WARNING: [Synth 8-7071] port 'Interrupt_Ack' of module 'bd_c703_microblaze_I_0' is unconnected for instance 'microblaze_I' [/scratch2/nsalamini/github_new_new/cheshire/target/xilinx/build/vcu118.ddr4/ddr4.gen/sources_1/ip/ddr4/bd_0/synth/bd_c703.v:392]
WARNING: [Synth 8-7023] instance 'microblaze_I' of module 'bd_c703_microblaze_I_0' has 54 connections declared, but only 53 given [/scratch2/nsalamini/github_new_new/cheshire/target/xilinx/build/vcu118.ddr4/ddr4.gen/sources_1/ip/ddr4/bd_0/synth/bd_c703.v:392]
INFO: [Synth 8-638] synthesizing module 'bd_c703_rst_0_0' [/scratch2/nsalamini/github_new_new/cheshire/target/xilinx/build/vcu118.ddr4/ddr4.gen/sources_1/ip/ddr4/bd_0/ip/ip_1/synth/bd_c703_rst_0_0.vhd:74]
	Parameter C_FAMILY bound to: virtexuplus - type: string 
	Parameter C_EXT_RST_WIDTH bound to: 4 - type: integer 
	Parameter C_AUX_RST_WIDTH bound to: 4 - type: integer 
	Parameter C_EXT_RESET_HIGH bound to: 1'b1 
	Parameter C_AUX_RESET_HIGH bound to: 1'b0 
	Parameter C_NUM_BUS_RST bound to: 1 - type: integer 
	Parameter C_NUM_PERP_RST bound to: 1 - type: integer 
	Parameter C_NUM_INTERCONNECT_ARESETN bound to: 1 - type: integer 
	Parameter C_NUM_PERP_ARESETN bound to: 1 - type: integer 
INFO: [Synth 8-3491] module 'proc_sys_reset' declared at '/scratch2/nsalamini/github_new_new/cheshire/target/xilinx/build/vcu118.ddr4/ddr4.gen/sources_1/ip/ddr4/bd_0/ip/ip_1/hdl/proc_sys_reset_v5_0_vh_rfs.vhd:1264' bound to instance 'U0' of component 'proc_sys_reset' [/scratch2/nsalamini/github_new_new/cheshire/target/xilinx/build/vcu118.ddr4/ddr4.gen/sources_1/ip/ddr4/bd_0/ip/ip_1/synth/bd_c703_rst_0_0.vhd:129]
INFO: [Synth 8-638] synthesizing module 'proc_sys_reset' [/scratch2/nsalamini/github_new_new/cheshire/target/xilinx/build/vcu118.ddr4/ddr4.gen/sources_1/ip/ddr4/bd_0/ip/ip_1/hdl/proc_sys_reset_v5_0_vh_rfs.vhd:1323]
	Parameter INIT bound to: 1'b1 
INFO: [Synth 8-113] binding component instance 'FDRE_inst' to cell 'FDRE' [/scratch2/nsalamini/github_new_new/cheshire/target/xilinx/build/vcu118.ddr4/ddr4.gen/sources_1/ip/ddr4/bd_0/ip/ip_1/hdl/proc_sys_reset_v5_0_vh_rfs.vhd:1392]
	Parameter INIT bound to: 1'b1 
INFO: [Synth 8-113] binding component instance 'FDRE_BSR' to cell 'FDRE' [/scratch2/nsalamini/github_new_new/cheshire/target/xilinx/build/vcu118.ddr4/ddr4.gen/sources_1/ip/ddr4/bd_0/ip/ip_1/hdl/proc_sys_reset_v5_0_vh_rfs.vhd:1408]
	Parameter INIT bound to: 1'b0 
INFO: [Synth 8-113] binding component instance 'FDRE_BSR_N' to cell 'FDRE' [/scratch2/nsalamini/github_new_new/cheshire/target/xilinx/build/vcu118.ddr4/ddr4.gen/sources_1/ip/ddr4/bd_0/ip/ip_1/hdl/proc_sys_reset_v5_0_vh_rfs.vhd:1434]
	Parameter INIT bound to: 1'b1 
INFO: [Synth 8-113] binding component instance 'FDRE_PER' to cell 'FDRE' [/scratch2/nsalamini/github_new_new/cheshire/target/xilinx/build/vcu118.ddr4/ddr4.gen/sources_1/ip/ddr4/bd_0/ip/ip_1/hdl/proc_sys_reset_v5_0_vh_rfs.vhd:1457]
	Parameter INIT bound to: 1'b0 
INFO: [Synth 8-113] binding component instance 'FDRE_PER_N' to cell 'FDRE' [/scratch2/nsalamini/github_new_new/cheshire/target/xilinx/build/vcu118.ddr4/ddr4.gen/sources_1/ip/ddr4/bd_0/ip/ip_1/hdl/proc_sys_reset_v5_0_vh_rfs.vhd:1481]
INFO: [Synth 8-638] synthesizing module 'lpf' [/scratch2/nsalamini/github_new_new/cheshire/target/xilinx/build/vcu118.ddr4/ddr4.gen/sources_1/ip/ddr4/bd_0/ip/ip_1/hdl/proc_sys_reset_v5_0_vh_rfs.vhd:816]
INFO: [Synth 8-3491] module 'SRL16' declared at '/usr/pack/vitis-2022.1-zr/Vivado/2022.1/scripts/rt/data/unisim_comp.v:105982' bound to instance 'POR_SRL_I' of component 'SRL16' [/scratch2/nsalamini/github_new_new/cheshire/target/xilinx/build/vcu118.ddr4/ddr4.gen/sources_1/ip/ddr4/bd_0/ip/ip_1/hdl/proc_sys_reset_v5_0_vh_rfs.vhd:868]
INFO: [Synth 8-6157] synthesizing module 'SRL16' [/usr/pack/vitis-2022.1-zr/Vivado/2022.1/scripts/rt/data/unisim_comp.v:105982]
INFO: [Synth 8-6155] done synthesizing module 'SRL16' (0#1) [/usr/pack/vitis-2022.1-zr/Vivado/2022.1/scripts/rt/data/unisim_comp.v:105982]
INFO: [Synth 8-638] synthesizing module 'cdc_sync' [/scratch2/nsalamini/github_new_new/cheshire/target/xilinx/build/vcu118.ddr4/ddr4.gen/sources_1/ip/ddr4/bd_0/ip/ip_1/hdl/lib_cdc_v1_0_rfs.vhd:106]
	Parameter INIT bound to: 1'b0 
INFO: [Synth 8-113] binding component instance 'CROSS_PLEVEL_IN2SCNDRY_IN_cdc_to' to cell 'FDR' [/scratch2/nsalamini/github_new_new/cheshire/target/xilinx/build/vcu118.ddr4/ddr4.gen/sources_1/ip/ddr4/bd_0/ip/ip_1/hdl/lib_cdc_v1_0_rfs.vhd:514]
	Parameter INIT bound to: 1'b0 
INFO: [Synth 8-113] binding component instance 'CROSS_PLEVEL_IN2SCNDRY_s_level_out_d2' to cell 'FDR' [/scratch2/nsalamini/github_new_new/cheshire/target/xilinx/build/vcu118.ddr4/ddr4.gen/sources_1/ip/ddr4/bd_0/ip/ip_1/hdl/lib_cdc_v1_0_rfs.vhd:545]
	Parameter INIT bound to: 1'b0 
INFO: [Synth 8-113] binding component instance 'CROSS_PLEVEL_IN2SCNDRY_s_level_out_d3' to cell 'FDR' [/scratch2/nsalamini/github_new_new/cheshire/target/xilinx/build/vcu118.ddr4/ddr4.gen/sources_1/ip/ddr4/bd_0/ip/ip_1/hdl/lib_cdc_v1_0_rfs.vhd:554]
	Parameter INIT bound to: 1'b0 
INFO: [Synth 8-113] binding component instance 'CROSS_PLEVEL_IN2SCNDRY_s_level_out_d4' to cell 'FDR' [/scratch2/nsalamini/github_new_new/cheshire/target/xilinx/build/vcu118.ddr4/ddr4.gen/sources_1/ip/ddr4/bd_0/ip/ip_1/hdl/lib_cdc_v1_0_rfs.vhd:564]
	Parameter INIT bound to: 1'b0 
INFO: [Synth 8-113] binding component instance 'CROSS_PLEVEL_IN2SCNDRY_s_level_out_d5' to cell 'FDR' [/scratch2/nsalamini/github_new_new/cheshire/target/xilinx/build/vcu118.ddr4/ddr4.gen/sources_1/ip/ddr4/bd_0/ip/ip_1/hdl/lib_cdc_v1_0_rfs.vhd:574]
	Parameter INIT bound to: 1'b0 
INFO: [Synth 8-113] binding component instance 'CROSS_PLEVEL_IN2SCNDRY_s_level_out_d6' to cell 'FDR' [/scratch2/nsalamini/github_new_new/cheshire/target/xilinx/build/vcu118.ddr4/ddr4.gen/sources_1/ip/ddr4/bd_0/ip/ip_1/hdl/lib_cdc_v1_0_rfs.vhd:584]
INFO: [Synth 8-256] done synthesizing module 'cdc_sync' (0#1) [/scratch2/nsalamini/github_new_new/cheshire/target/xilinx/build/vcu118.ddr4/ddr4.gen/sources_1/ip/ddr4/bd_0/ip/ip_1/hdl/lib_cdc_v1_0_rfs.vhd:106]
INFO: [Synth 8-256] done synthesizing module 'lpf' (0#1) [/scratch2/nsalamini/github_new_new/cheshire/target/xilinx/build/vcu118.ddr4/ddr4.gen/sources_1/ip/ddr4/bd_0/ip/ip_1/hdl/proc_sys_reset_v5_0_vh_rfs.vhd:816]
INFO: [Synth 8-638] synthesizing module 'sequence_psr' [/scratch2/nsalamini/github_new_new/cheshire/target/xilinx/build/vcu118.ddr4/ddr4.gen/sources_1/ip/ddr4/bd_0/ip/ip_1/hdl/proc_sys_reset_v5_0_vh_rfs.vhd:301]
INFO: [Synth 8-638] synthesizing module 'upcnt_n' [/scratch2/nsalamini/github_new_new/cheshire/target/xilinx/build/vcu118.ddr4/ddr4.gen/sources_1/ip/ddr4/bd_0/ip/ip_1/hdl/proc_sys_reset_v5_0_vh_rfs.vhd:125]
INFO: [Synth 8-256] done synthesizing module 'upcnt_n' (0#1) [/scratch2/nsalamini/github_new_new/cheshire/target/xilinx/build/vcu118.ddr4/ddr4.gen/sources_1/ip/ddr4/bd_0/ip/ip_1/hdl/proc_sys_reset_v5_0_vh_rfs.vhd:125]
INFO: [Synth 8-256] done synthesizing module 'sequence_psr' (0#1) [/scratch2/nsalamini/github_new_new/cheshire/target/xilinx/build/vcu118.ddr4/ddr4.gen/sources_1/ip/ddr4/bd_0/ip/ip_1/hdl/proc_sys_reset_v5_0_vh_rfs.vhd:301]
INFO: [Synth 8-256] done synthesizing module 'proc_sys_reset' (0#1) [/scratch2/nsalamini/github_new_new/cheshire/target/xilinx/build/vcu118.ddr4/ddr4.gen/sources_1/ip/ddr4/bd_0/ip/ip_1/hdl/proc_sys_reset_v5_0_vh_rfs.vhd:1323]
INFO: [Synth 8-256] done synthesizing module 'bd_c703_rst_0_0' (0#1) [/scratch2/nsalamini/github_new_new/cheshire/target/xilinx/build/vcu118.ddr4/ddr4.gen/sources_1/ip/ddr4/bd_0/ip/ip_1/synth/bd_c703_rst_0_0.vhd:74]
WARNING: [Synth 8-7071] port 'interconnect_aresetn' of module 'bd_c703_rst_0_0' is unconnected for instance 'rst_0' [/scratch2/nsalamini/github_new_new/cheshire/target/xilinx/build/vcu118.ddr4/ddr4.gen/sources_1/ip/ddr4/bd_0/synth/bd_c703.v:446]
WARNING: [Synth 8-7071] port 'peripheral_aresetn' of module 'bd_c703_rst_0_0' is unconnected for instance 'rst_0' [/scratch2/nsalamini/github_new_new/cheshire/target/xilinx/build/vcu118.ddr4/ddr4.gen/sources_1/ip/ddr4/bd_0/synth/bd_c703.v:446]
WARNING: [Synth 8-7023] instance 'rst_0' of module 'bd_c703_rst_0_0' has 10 connections declared, but only 8 given [/scratch2/nsalamini/github_new_new/cheshire/target/xilinx/build/vcu118.ddr4/ddr4.gen/sources_1/ip/ddr4/bd_0/synth/bd_c703.v:446]
INFO: [Synth 8-638] synthesizing module 'bd_c703_second_dlmb_cntlr_0' [/scratch2/nsalamini/github_new_new/cheshire/target/xilinx/build/vcu118.ddr4/ddr4.gen/sources_1/ip/ddr4/bd_0/ip/ip_7/synth/bd_c703_second_dlmb_cntlr_0.vhd:84]
	Parameter C_FAMILY bound to: virtexuplus - type: string 
	Parameter C_HIGHADDR bound to: 64'b0000000000000000000000000000000000000000000000010111111111111111 
	Parameter C_BASEADDR bound to: 64'b0000000000000000000000000000000000000000000000010000000000000000 
	Parameter C_NUM_LMB bound to: 1 - type: integer 
	Parameter C_MASK bound to: 64'b0000000000000000000000000000000011000000000000010000000000000000 
	Parameter C_MASK1 bound to: 64'b0000000000000000000000000000000000000000100000000000000000000000 
	Parameter C_MASK2 bound to: 64'b0000000000000000000000000000000000000000100000000000000000000000 
	Parameter C_MASK3 bound to: 64'b0000000000000000000000000000000000000000100000000000000000000000 
	Parameter C_LMB_AWIDTH bound to: 32 - type: integer 
	Parameter C_LMB_DWIDTH bound to: 32 - type: integer 
	Parameter C_LMB_PROTOCOL bound to: 0 - type: integer 
	Parameter C_ECC bound to: 0 - type: integer 
	Parameter C_INTERCONNECT bound to: 0 - type: integer 
	Parameter C_FAULT_INJECT bound to: 0 - type: integer 
	Parameter C_CE_FAILING_REGISTERS bound to: 0 - type: integer 
	Parameter C_UE_FAILING_REGISTERS bound to: 0 - type: integer 
	Parameter C_ECC_STATUS_REGISTERS bound to: 0 - type: integer 
	Parameter C_ECC_ONOFF_REGISTER bound to: 0 - type: integer 
	Parameter C_ECC_ONOFF_RESET_VALUE bound to: 1 - type: integer 
	Parameter C_CE_COUNTER_WIDTH bound to: 0 - type: integer 
	Parameter C_WRITE_ACCESS bound to: 2 - type: integer 
	Parameter C_BRAM_AWIDTH bound to: 32 - type: integer 
	Parameter C_S_AXI_CTRL_ADDR_WIDTH bound to: 32 - type: integer 
	Parameter C_S_AXI_CTRL_DATA_WIDTH bound to: 32 - type: integer 
INFO: [Synth 8-3491] module 'lmb_bram_if_cntlr' declared at '/scratch2/nsalamini/github_new_new/cheshire/target/xilinx/build/vcu118.ddr4/ddr4.gen/sources_1/ip/ddr4/bd_0/ip/ip_4/hdl/lmb_bram_if_cntlr_v4_0_vh_rfs.vhd:4514' bound to instance 'U0' of component 'lmb_bram_if_cntlr' [/scratch2/nsalamini/github_new_new/cheshire/target/xilinx/build/vcu118.ddr4/ddr4.gen/sources_1/ip/ddr4/bd_0/ip/ip_7/synth/bd_c703_second_dlmb_cntlr_0.vhd:226]
INFO: [Synth 8-638] synthesizing module 'lmb_bram_if_cntlr__parameterized3' [/scratch2/nsalamini/github_new_new/cheshire/target/xilinx/build/vcu118.ddr4/ddr4.gen/sources_1/ip/ddr4/bd_0/ip/ip_4/hdl/lmb_bram_if_cntlr_v4_0_vh_rfs.vhd:4639]
	Parameter C_TARGET bound to: 7 - type: integer 
	Parameter C_BASEADDR bound to: 64'b0000000000000000000000000000000000000000000000010000000000000000 
	Parameter C_MASK bound to: 64'b0000000000000000000000000000000011000000000000010000000000000000 
	Parameter C_MASK1 bound to: 64'b0000000000000000000000000000000000000000100000000000000000000000 
	Parameter C_MASK2 bound to: 64'b0000000000000000000000000000000000000000100000000000000000000000 
	Parameter C_MASK3 bound to: 64'b0000000000000000000000000000000000000000100000000000000000000000 
	Parameter C_LMB_AWIDTH bound to: 32 - type: integer 
	Parameter C_LMB_DWIDTH bound to: 32 - type: integer 
	Parameter C_ECC_WIDTH bound to: 7 - type: integer 
	Parameter C_ECC bound to: 0 - type: integer 
	Parameter C_NUM_LMB bound to: 1 - type: integer 
	Parameter C_LMB_PROTOCOL bound to: 0 - type: integer 
INFO: [Synth 8-3491] module 'lmb_mux' declared at '/scratch2/nsalamini/github_new_new/cheshire/target/xilinx/build/vcu118.ddr4/ddr4.gen/sources_1/ip/ddr4/bd_0/ip/ip_4/hdl/lmb_bram_if_cntlr_v4_0_vh_rfs.vhd:3893' bound to instance 'lmb_mux_I' of component 'lmb_mux' [/scratch2/nsalamini/github_new_new/cheshire/target/xilinx/build/vcu118.ddr4/ddr4.gen/sources_1/ip/ddr4/bd_0/ip/ip_4/hdl/lmb_bram_if_cntlr_v4_0_vh_rfs.vhd:4908]
INFO: [Synth 8-638] synthesizing module 'lmb_mux__parameterized3' [/scratch2/nsalamini/github_new_new/cheshire/target/xilinx/build/vcu118.ddr4/ddr4.gen/sources_1/ip/ddr4/bd_0/ip/ip_4/hdl/lmb_bram_if_cntlr_v4_0_vh_rfs.vhd:3981]
	Parameter C_AW bound to: 32 - type: integer 
	Parameter C_BAR bound to: 64'b0000000000000000000000000000000000000000000000010000000000000000 
	Parameter C_MASK bound to: 64'b0000000000000000000000000000000011000000000000010000000000000000 
INFO: [Synth 8-3491] module 'pselect_mask' declared at '/scratch2/nsalamini/github_new_new/cheshire/target/xilinx/build/vcu118.ddr4/ddr4.gen/sources_1/ip/ddr4/bd_0/ip/ip_4/hdl/lmb_bram_if_cntlr_v4_0_vh_rfs.vhd:3476' bound to instance 'pselect_mask_lmb' of component 'pselect_mask' [/scratch2/nsalamini/github_new_new/cheshire/target/xilinx/build/vcu118.ddr4/ddr4.gen/sources_1/ip/ddr4/bd_0/ip/ip_4/hdl/lmb_bram_if_cntlr_v4_0_vh_rfs.vhd:4052]
INFO: [Synth 8-638] synthesizing module 'lmb_bram_if_cntlr_v4_0_21_pselect_mask__parameterized1' [/scratch2/nsalamini/github_new_new/cheshire/target/xilinx/build/vcu118.ddr4/ddr4.gen/sources_1/ip/ddr4/bd_0/ip/ip_4/hdl/lmb_bram_if_cntlr_v4_0_vh_rfs.vhd:3491]
INFO: [Synth 8-256] done synthesizing module 'lmb_bram_if_cntlr_v4_0_21_pselect_mask__parameterized1' (0#1) [/scratch2/nsalamini/github_new_new/cheshire/target/xilinx/build/vcu118.ddr4/ddr4.gen/sources_1/ip/ddr4/bd_0/ip/ip_4/hdl/lmb_bram_if_cntlr_v4_0_vh_rfs.vhd:3491]
INFO: [Synth 8-256] done synthesizing module 'lmb_mux__parameterized3' (0#1) [/scratch2/nsalamini/github_new_new/cheshire/target/xilinx/build/vcu118.ddr4/ddr4.gen/sources_1/ip/ddr4/bd_0/ip/ip_4/hdl/lmb_bram_if_cntlr_v4_0_vh_rfs.vhd:3981]
INFO: [Synth 8-256] done synthesizing module 'lmb_bram_if_cntlr__parameterized3' (0#1) [/scratch2/nsalamini/github_new_new/cheshire/target/xilinx/build/vcu118.ddr4/ddr4.gen/sources_1/ip/ddr4/bd_0/ip/ip_4/hdl/lmb_bram_if_cntlr_v4_0_vh_rfs.vhd:4639]
INFO: [Synth 8-256] done synthesizing module 'bd_c703_second_dlmb_cntlr_0' (0#1) [/scratch2/nsalamini/github_new_new/cheshire/target/xilinx/build/vcu118.ddr4/ddr4.gen/sources_1/ip/ddr4/bd_0/ip/ip_7/synth/bd_c703_second_dlmb_cntlr_0.vhd:84]
INFO: [Synth 8-638] synthesizing module 'bd_c703_second_ilmb_cntlr_0' [/scratch2/nsalamini/github_new_new/cheshire/target/xilinx/build/vcu118.ddr4/ddr4.gen/sources_1/ip/ddr4/bd_0/ip/ip_8/synth/bd_c703_second_ilmb_cntlr_0.vhd:84]
	Parameter C_FAMILY bound to: virtexuplus - type: string 
	Parameter C_HIGHADDR bound to: 64'b0000000000000000000000000000000000000000000000010111111111111111 
	Parameter C_BASEADDR bound to: 64'b0000000000000000000000000000000000000000000000010000000000000000 
	Parameter C_NUM_LMB bound to: 1 - type: integer 
	Parameter C_MASK bound to: 64'b0000000000000000000000000000000010000000000000010000000000000000 
	Parameter C_MASK1 bound to: 64'b0000000000000000000000000000000000000000100000000000000000000000 
	Parameter C_MASK2 bound to: 64'b0000000000000000000000000000000000000000100000000000000000000000 
	Parameter C_MASK3 bound to: 64'b0000000000000000000000000000000000000000100000000000000000000000 
	Parameter C_LMB_AWIDTH bound to: 32 - type: integer 
	Parameter C_LMB_DWIDTH bound to: 32 - type: integer 
	Parameter C_LMB_PROTOCOL bound to: 0 - type: integer 
	Parameter C_ECC bound to: 0 - type: integer 
	Parameter C_INTERCONNECT bound to: 0 - type: integer 
	Parameter C_FAULT_INJECT bound to: 0 - type: integer 
	Parameter C_CE_FAILING_REGISTERS bound to: 0 - type: integer 
	Parameter C_UE_FAILING_REGISTERS bound to: 0 - type: integer 
	Parameter C_ECC_STATUS_REGISTERS bound to: 0 - type: integer 
	Parameter C_ECC_ONOFF_REGISTER bound to: 0 - type: integer 
	Parameter C_ECC_ONOFF_RESET_VALUE bound to: 1 - type: integer 
	Parameter C_CE_COUNTER_WIDTH bound to: 0 - type: integer 
	Parameter C_WRITE_ACCESS bound to: 2 - type: integer 
	Parameter C_BRAM_AWIDTH bound to: 32 - type: integer 
	Parameter C_S_AXI_CTRL_ADDR_WIDTH bound to: 32 - type: integer 
	Parameter C_S_AXI_CTRL_DATA_WIDTH bound to: 32 - type: integer 
INFO: [Synth 8-3491] module 'lmb_bram_if_cntlr' declared at '/scratch2/nsalamini/github_new_new/cheshire/target/xilinx/build/vcu118.ddr4/ddr4.gen/sources_1/ip/ddr4/bd_0/ip/ip_4/hdl/lmb_bram_if_cntlr_v4_0_vh_rfs.vhd:4514' bound to instance 'U0' of component 'lmb_bram_if_cntlr' [/scratch2/nsalamini/github_new_new/cheshire/target/xilinx/build/vcu118.ddr4/ddr4.gen/sources_1/ip/ddr4/bd_0/ip/ip_8/synth/bd_c703_second_ilmb_cntlr_0.vhd:226]
INFO: [Synth 8-638] synthesizing module 'lmb_bram_if_cntlr__parameterized5' [/scratch2/nsalamini/github_new_new/cheshire/target/xilinx/build/vcu118.ddr4/ddr4.gen/sources_1/ip/ddr4/bd_0/ip/ip_4/hdl/lmb_bram_if_cntlr_v4_0_vh_rfs.vhd:4639]
	Parameter C_TARGET bound to: 7 - type: integer 
	Parameter C_BASEADDR bound to: 64'b0000000000000000000000000000000000000000000000010000000000000000 
	Parameter C_MASK bound to: 64'b0000000000000000000000000000000010000000000000010000000000000000 
	Parameter C_MASK1 bound to: 64'b0000000000000000000000000000000000000000100000000000000000000000 
	Parameter C_MASK2 bound to: 64'b0000000000000000000000000000000000000000100000000000000000000000 
	Parameter C_MASK3 bound to: 64'b0000000000000000000000000000000000000000100000000000000000000000 
	Parameter C_LMB_AWIDTH bound to: 32 - type: integer 
	Parameter C_LMB_DWIDTH bound to: 32 - type: integer 
	Parameter C_ECC_WIDTH bound to: 7 - type: integer 
	Parameter C_ECC bound to: 0 - type: integer 
	Parameter C_NUM_LMB bound to: 1 - type: integer 
	Parameter C_LMB_PROTOCOL bound to: 0 - type: integer 
INFO: [Synth 8-3491] module 'lmb_mux' declared at '/scratch2/nsalamini/github_new_new/cheshire/target/xilinx/build/vcu118.ddr4/ddr4.gen/sources_1/ip/ddr4/bd_0/ip/ip_4/hdl/lmb_bram_if_cntlr_v4_0_vh_rfs.vhd:3893' bound to instance 'lmb_mux_I' of component 'lmb_mux' [/scratch2/nsalamini/github_new_new/cheshire/target/xilinx/build/vcu118.ddr4/ddr4.gen/sources_1/ip/ddr4/bd_0/ip/ip_4/hdl/lmb_bram_if_cntlr_v4_0_vh_rfs.vhd:4908]
INFO: [Synth 8-638] synthesizing module 'lmb_mux__parameterized5' [/scratch2/nsalamini/github_new_new/cheshire/target/xilinx/build/vcu118.ddr4/ddr4.gen/sources_1/ip/ddr4/bd_0/ip/ip_4/hdl/lmb_bram_if_cntlr_v4_0_vh_rfs.vhd:3981]
	Parameter C_AW bound to: 32 - type: integer 
	Parameter C_BAR bound to: 64'b0000000000000000000000000000000000000000000000010000000000000000 
	Parameter C_MASK bound to: 64'b0000000000000000000000000000000010000000000000010000000000000000 
INFO: [Synth 8-3491] module 'pselect_mask' declared at '/scratch2/nsalamini/github_new_new/cheshire/target/xilinx/build/vcu118.ddr4/ddr4.gen/sources_1/ip/ddr4/bd_0/ip/ip_4/hdl/lmb_bram_if_cntlr_v4_0_vh_rfs.vhd:3476' bound to instance 'pselect_mask_lmb' of component 'pselect_mask' [/scratch2/nsalamini/github_new_new/cheshire/target/xilinx/build/vcu118.ddr4/ddr4.gen/sources_1/ip/ddr4/bd_0/ip/ip_4/hdl/lmb_bram_if_cntlr_v4_0_vh_rfs.vhd:4052]
INFO: [Synth 8-638] synthesizing module 'lmb_bram_if_cntlr_v4_0_21_pselect_mask__parameterized2' [/scratch2/nsalamini/github_new_new/cheshire/target/xilinx/build/vcu118.ddr4/ddr4.gen/sources_1/ip/ddr4/bd_0/ip/ip_4/hdl/lmb_bram_if_cntlr_v4_0_vh_rfs.vhd:3491]
INFO: [Synth 8-256] done synthesizing module 'lmb_bram_if_cntlr_v4_0_21_pselect_mask__parameterized2' (0#1) [/scratch2/nsalamini/github_new_new/cheshire/target/xilinx/build/vcu118.ddr4/ddr4.gen/sources_1/ip/ddr4/bd_0/ip/ip_4/hdl/lmb_bram_if_cntlr_v4_0_vh_rfs.vhd:3491]
INFO: [Synth 8-256] done synthesizing module 'lmb_mux__parameterized5' (0#1) [/scratch2/nsalamini/github_new_new/cheshire/target/xilinx/build/vcu118.ddr4/ddr4.gen/sources_1/ip/ddr4/bd_0/ip/ip_4/hdl/lmb_bram_if_cntlr_v4_0_vh_rfs.vhd:3981]
INFO: [Synth 8-256] done synthesizing module 'lmb_bram_if_cntlr__parameterized5' (0#1) [/scratch2/nsalamini/github_new_new/cheshire/target/xilinx/build/vcu118.ddr4/ddr4.gen/sources_1/ip/ddr4/bd_0/ip/ip_4/hdl/lmb_bram_if_cntlr_v4_0_vh_rfs.vhd:4639]
INFO: [Synth 8-256] done synthesizing module 'bd_c703_second_ilmb_cntlr_0' (0#1) [/scratch2/nsalamini/github_new_new/cheshire/target/xilinx/build/vcu118.ddr4/ddr4.gen/sources_1/ip/ddr4/bd_0/ip/ip_8/synth/bd_c703_second_ilmb_cntlr_0.vhd:84]
INFO: [Synth 8-638] synthesizing module 'bd_c703_second_lmb_bram_I_0' [/scratch2/nsalamini/github_new_new/cheshire/target/xilinx/build/vcu118.ddr4/ddr4.gen/sources_1/ip/ddr4/bd_0/ip/ip_9/synth/bd_c703_second_lmb_bram_I_0.vhd:80]
	Parameter C_FAMILY bound to: virtexuplus - type: string 
	Parameter C_XDEVICEFAMILY bound to: virtexuplus - type: string 
	Parameter C_ELABORATION_DIR bound to: ./ - type: string 
	Parameter C_INTERFACE_TYPE bound to: 0 - type: integer 
	Parameter C_AXI_TYPE bound to: 1 - type: integer 
	Parameter C_AXI_SLAVE_TYPE bound to: 0 - type: integer 
	Parameter C_USE_BRAM_BLOCK bound to: 1 - type: integer 
	Parameter C_ENABLE_32BIT_ADDRESS bound to: 1 - type: integer 
	Parameter C_CTRL_ECC_ALGO bound to: NONE - type: string 
	Parameter C_HAS_AXI_ID bound to: 0 - type: integer 
	Parameter C_AXI_ID_WIDTH bound to: 4 - type: integer 
	Parameter C_MEM_TYPE bound to: 2 - type: integer 
	Parameter C_BYTE_SIZE bound to: 8 - type: integer 
	Parameter C_ALGORITHM bound to: 1 - type: integer 
	Parameter C_PRIM_TYPE bound to: 1 - type: integer 
	Parameter C_LOAD_INIT_FILE bound to: 0 - type: integer 
	Parameter C_INIT_FILE_NAME bound to: no_coe_file_loaded - type: string 
	Parameter C_INIT_FILE bound to: bd_c703_second_lmb_bram_I_0.mem - type: string 
	Parameter C_USE_DEFAULT_DATA bound to: 0 - type: integer 
	Parameter C_DEFAULT_DATA bound to: 0 - type: string 
	Parameter C_HAS_RSTA bound to: 1 - type: integer 
	Parameter C_RST_PRIORITY_A bound to: CE - type: string 
	Parameter C_RSTRAM_A bound to: 0 - type: integer 
	Parameter C_INITA_VAL bound to: 0 - type: string 
	Parameter C_HAS_ENA bound to: 1 - type: integer 
	Parameter C_HAS_REGCEA bound to: 0 - type: integer 
	Parameter C_USE_BYTE_WEA bound to: 1 - type: integer 
	Parameter C_WEA_WIDTH bound to: 4 - type: integer 
	Parameter C_WRITE_MODE_A bound to: WRITE_FIRST - type: string 
	Parameter C_WRITE_WIDTH_A bound to: 32 - type: integer 
	Parameter C_READ_WIDTH_A bound to: 32 - type: integer 
	Parameter C_WRITE_DEPTH_A bound to: 8192 - type: integer 
	Parameter C_READ_DEPTH_A bound to: 8192 - type: integer 
	Parameter C_ADDRA_WIDTH bound to: 32 - type: integer 
	Parameter C_HAS_RSTB bound to: 1 - type: integer 
	Parameter C_RST_PRIORITY_B bound to: CE - type: string 
	Parameter C_RSTRAM_B bound to: 0 - type: integer 
	Parameter C_INITB_VAL bound to: 0 - type: string 
	Parameter C_HAS_ENB bound to: 1 - type: integer 
	Parameter C_HAS_REGCEB bound to: 0 - type: integer 
	Parameter C_USE_BYTE_WEB bound to: 1 - type: integer 
	Parameter C_WEB_WIDTH bound to: 4 - type: integer 
	Parameter C_WRITE_MODE_B bound to: WRITE_FIRST - type: string 
	Parameter C_WRITE_WIDTH_B bound to: 32 - type: integer 
	Parameter C_READ_WIDTH_B bound to: 32 - type: integer 
	Parameter C_WRITE_DEPTH_B bound to: 8192 - type: integer 
	Parameter C_READ_DEPTH_B bound to: 8192 - type: integer 
	Parameter C_ADDRB_WIDTH bound to: 32 - type: integer 
	Parameter C_HAS_MEM_OUTPUT_REGS_A bound to: 0 - type: integer 
	Parameter C_HAS_MEM_OUTPUT_REGS_B bound to: 0 - type: integer 
	Parameter C_HAS_MUX_OUTPUT_REGS_A bound to: 0 - type: integer 
	Parameter C_HAS_MUX_OUTPUT_REGS_B bound to: 0 - type: integer 
	Parameter C_MUX_PIPELINE_STAGES bound to: 0 - type: integer 
	Parameter C_HAS_SOFTECC_INPUT_REGS_A bound to: 0 - type: integer 
	Parameter C_HAS_SOFTECC_OUTPUT_REGS_B bound to: 0 - type: integer 
	Parameter C_USE_SOFTECC bound to: 0 - type: integer 
	Parameter C_USE_ECC bound to: 0 - type: integer 
	Parameter C_EN_ECC_PIPE bound to: 0 - type: integer 
	Parameter C_READ_LATENCY_A bound to: 1 - type: integer 
	Parameter C_READ_LATENCY_B bound to: 1 - type: integer 
	Parameter C_HAS_INJECTERR bound to: 0 - type: integer 
	Parameter C_SIM_COLLISION_CHECK bound to: ALL - type: string 
	Parameter C_COMMON_CLK bound to: 0 - type: integer 
	Parameter C_DISABLE_WARN_BHV_COLL bound to: 0 - type: integer 
	Parameter C_EN_SLEEP_PIN bound to: 0 - type: integer 
	Parameter C_USE_URAM bound to: 0 - type: integer 
	Parameter C_EN_RDADDRA_CHG bound to: 0 - type: integer 
	Parameter C_EN_RDADDRB_CHG bound to: 0 - type: integer 
	Parameter C_EN_DEEPSLEEP_PIN bound to: 0 - type: integer 
	Parameter C_EN_SHUTDOWN_PIN bound to: 0 - type: integer 
	Parameter C_EN_SAFETY_CKT bound to: 1 - type: integer 
	Parameter C_DISABLE_WARN_BHV_RANGE bound to: 0 - type: integer 
	Parameter C_COUNT_36K_BRAM bound to: 8 - type: string 
	Parameter C_COUNT_18K_BRAM bound to: 0 - type: string 
	Parameter C_EST_POWER_SUMMARY bound to: Estimated Power for IP     :     17.246228 mW - type: string 
INFO: [Synth 8-3491] module 'blk_mem_gen_v8_4_5' declared at '/scratch2/nsalamini/github_new_new/cheshire/target/xilinx/build/vcu118.ddr4/ddr4.gen/sources_1/ip/ddr4/bd_0/ip/ip_6/hdl/blk_mem_gen_v8_4_vhsyn_rfs.vhd:195321' bound to instance 'U0' of component 'blk_mem_gen_v8_4_5' [/scratch2/nsalamini/github_new_new/cheshire/target/xilinx/build/vcu118.ddr4/ddr4.gen/sources_1/ip/ddr4/bd_0/ip/ip_9/synth/bd_c703_second_lmb_bram_I_0.vhd:255]
INFO: [Synth 8-256] done synthesizing module 'bd_c703_second_lmb_bram_I_0' (0#1) [/scratch2/nsalamini/github_new_new/cheshire/target/xilinx/build/vcu118.ddr4/ddr4.gen/sources_1/ip/ddr4/bd_0/ip/ip_9/synth/bd_c703_second_lmb_bram_I_0.vhd:80]
WARNING: [Synth 8-7071] port 'rsta_busy' of module 'bd_c703_second_lmb_bram_I_0' is unconnected for instance 'second_lmb_bram_I' [/scratch2/nsalamini/github_new_new/cheshire/target/xilinx/build/vcu118.ddr4/ddr4.gen/sources_1/ip/ddr4/bd_0/synth/bd_c703.v:498]
WARNING: [Synth 8-7071] port 'rstb_busy' of module 'bd_c703_second_lmb_bram_I_0' is unconnected for instance 'second_lmb_bram_I' [/scratch2/nsalamini/github_new_new/cheshire/target/xilinx/build/vcu118.ddr4/ddr4.gen/sources_1/ip/ddr4/bd_0/synth/bd_c703.v:498]
WARNING: [Synth 8-7023] instance 'second_lmb_bram_I' of module 'bd_c703_second_lmb_bram_I_0' has 16 connections declared, but only 14 given [/scratch2/nsalamini/github_new_new/cheshire/target/xilinx/build/vcu118.ddr4/ddr4.gen/sources_1/ip/ddr4/bd_0/synth/bd_c703.v:498]
INFO: [Synth 8-6155] done synthesizing module 'bd_c703' (0#1) [/scratch2/nsalamini/github_new_new/cheshire/target/xilinx/build/vcu118.ddr4/ddr4.gen/sources_1/ip/ddr4/bd_0/synth/bd_c703.v:9]
INFO: [Synth 8-6155] done synthesizing module 'ddr4_microblaze_mcs' (0#1) [/scratch2/nsalamini/github_new_new/cheshire/target/xilinx/build/vcu118.ddr4/ddr4.gen/sources_1/ip/ddr4/ip_0/synth/ddr4_microblaze_mcs.v:53]
WARNING: [Synth 8-7071] port 'TRACE_data_access' of module 'ddr4_microblaze_mcs' is unconnected for instance 'mcs0' [/scratch2/nsalamini/github_new_new/cheshire/target/xilinx/build/vcu118.ddr4/ddr4.gen/sources_1/ip/ddr4/rtl/cal/ddr4_ddr4_cal_riu.sv:227]
WARNING: [Synth 8-7071] port 'TRACE_data_address' of module 'ddr4_microblaze_mcs' is unconnected for instance 'mcs0' [/scratch2/nsalamini/github_new_new/cheshire/target/xilinx/build/vcu118.ddr4/ddr4.gen/sources_1/ip/ddr4/rtl/cal/ddr4_ddr4_cal_riu.sv:227]
WARNING: [Synth 8-7071] port 'TRACE_data_byte_enable' of module 'ddr4_microblaze_mcs' is unconnected for instance 'mcs0' [/scratch2/nsalamini/github_new_new/cheshire/target/xilinx/build/vcu118.ddr4/ddr4.gen/sources_1/ip/ddr4/rtl/cal/ddr4_ddr4_cal_riu.sv:227]
WARNING: [Synth 8-7071] port 'TRACE_data_read' of module 'ddr4_microblaze_mcs' is unconnected for instance 'mcs0' [/scratch2/nsalamini/github_new_new/cheshire/target/xilinx/build/vcu118.ddr4/ddr4.gen/sources_1/ip/ddr4/rtl/cal/ddr4_ddr4_cal_riu.sv:227]
WARNING: [Synth 8-7071] port 'TRACE_data_write' of module 'ddr4_microblaze_mcs' is unconnected for instance 'mcs0' [/scratch2/nsalamini/github_new_new/cheshire/target/xilinx/build/vcu118.ddr4/ddr4.gen/sources_1/ip/ddr4/rtl/cal/ddr4_ddr4_cal_riu.sv:227]
WARNING: [Synth 8-7071] port 'TRACE_data_write_value' of module 'ddr4_microblaze_mcs' is unconnected for instance 'mcs0' [/scratch2/nsalamini/github_new_new/cheshire/target/xilinx/build/vcu118.ddr4/ddr4.gen/sources_1/ip/ddr4/rtl/cal/ddr4_ddr4_cal_riu.sv:227]
WARNING: [Synth 8-7071] port 'TRACE_dcache_hit' of module 'ddr4_microblaze_mcs' is unconnected for instance 'mcs0' [/scratch2/nsalamini/github_new_new/cheshire/target/xilinx/build/vcu118.ddr4/ddr4.gen/sources_1/ip/ddr4/rtl/cal/ddr4_ddr4_cal_riu.sv:227]
WARNING: [Synth 8-7071] port 'TRACE_dcache_rdy' of module 'ddr4_microblaze_mcs' is unconnected for instance 'mcs0' [/scratch2/nsalamini/github_new_new/cheshire/target/xilinx/build/vcu118.ddr4/ddr4.gen/sources_1/ip/ddr4/rtl/cal/ddr4_ddr4_cal_riu.sv:227]
WARNING: [Synth 8-7071] port 'TRACE_dcache_read' of module 'ddr4_microblaze_mcs' is unconnected for instance 'mcs0' [/scratch2/nsalamini/github_new_new/cheshire/target/xilinx/build/vcu118.ddr4/ddr4.gen/sources_1/ip/ddr4/rtl/cal/ddr4_ddr4_cal_riu.sv:227]
WARNING: [Synth 8-7071] port 'TRACE_dcache_req' of module 'ddr4_microblaze_mcs' is unconnected for instance 'mcs0' [/scratch2/nsalamini/github_new_new/cheshire/target/xilinx/build/vcu118.ddr4/ddr4.gen/sources_1/ip/ddr4/rtl/cal/ddr4_ddr4_cal_riu.sv:227]
WARNING: [Synth 8-7071] port 'TRACE_delay_slot' of module 'ddr4_microblaze_mcs' is unconnected for instance 'mcs0' [/scratch2/nsalamini/github_new_new/cheshire/target/xilinx/build/vcu118.ddr4/ddr4.gen/sources_1/ip/ddr4/rtl/cal/ddr4_ddr4_cal_riu.sv:227]
WARNING: [Synth 8-7071] port 'TRACE_ex_piperun' of module 'ddr4_microblaze_mcs' is unconnected for instance 'mcs0' [/scratch2/nsalamini/github_new_new/cheshire/target/xilinx/build/vcu118.ddr4/ddr4.gen/sources_1/ip/ddr4/rtl/cal/ddr4_ddr4_cal_riu.sv:227]
WARNING: [Synth 8-7071] port 'TRACE_exception_kind' of module 'ddr4_microblaze_mcs' is unconnected for instance 'mcs0' [/scratch2/nsalamini/github_new_new/cheshire/target/xilinx/build/vcu118.ddr4/ddr4.gen/sources_1/ip/ddr4/rtl/cal/ddr4_ddr4_cal_riu.sv:227]
WARNING: [Synth 8-7071] port 'TRACE_exception_taken' of module 'ddr4_microblaze_mcs' is unconnected for instance 'mcs0' [/scratch2/nsalamini/github_new_new/cheshire/target/xilinx/build/vcu118.ddr4/ddr4.gen/sources_1/ip/ddr4/rtl/cal/ddr4_ddr4_cal_riu.sv:227]
WARNING: [Synth 8-7071] port 'TRACE_icache_hit' of module 'ddr4_microblaze_mcs' is unconnected for instance 'mcs0' [/scratch2/nsalamini/github_new_new/cheshire/target/xilinx/build/vcu118.ddr4/ddr4.gen/sources_1/ip/ddr4/rtl/cal/ddr4_ddr4_cal_riu.sv:227]
WARNING: [Synth 8-7071] port 'TRACE_icache_rdy' of module 'ddr4_microblaze_mcs' is unconnected for instance 'mcs0' [/scratch2/nsalamini/github_new_new/cheshire/target/xilinx/build/vcu118.ddr4/ddr4.gen/sources_1/ip/ddr4/rtl/cal/ddr4_ddr4_cal_riu.sv:227]
WARNING: [Synth 8-7071] port 'TRACE_icache_req' of module 'ddr4_microblaze_mcs' is unconnected for instance 'mcs0' [/scratch2/nsalamini/github_new_new/cheshire/target/xilinx/build/vcu118.ddr4/ddr4.gen/sources_1/ip/ddr4/rtl/cal/ddr4_ddr4_cal_riu.sv:227]
WARNING: [Synth 8-7071] port 'TRACE_instruction' of module 'ddr4_microblaze_mcs' is unconnected for instance 'mcs0' [/scratch2/nsalamini/github_new_new/cheshire/target/xilinx/build/vcu118.ddr4/ddr4.gen/sources_1/ip/ddr4/rtl/cal/ddr4_ddr4_cal_riu.sv:227]
WARNING: [Synth 8-7071] port 'TRACE_jump_hit' of module 'ddr4_microblaze_mcs' is unconnected for instance 'mcs0' [/scratch2/nsalamini/github_new_new/cheshire/target/xilinx/build/vcu118.ddr4/ddr4.gen/sources_1/ip/ddr4/rtl/cal/ddr4_ddr4_cal_riu.sv:227]
WARNING: [Synth 8-7071] port 'TRACE_jump_taken' of module 'ddr4_microblaze_mcs' is unconnected for instance 'mcs0' [/scratch2/nsalamini/github_new_new/cheshire/target/xilinx/build/vcu118.ddr4/ddr4.gen/sources_1/ip/ddr4/rtl/cal/ddr4_ddr4_cal_riu.sv:227]
WARNING: [Synth 8-7071] port 'TRACE_mb_halted' of module 'ddr4_microblaze_mcs' is unconnected for instance 'mcs0' [/scratch2/nsalamini/github_new_new/cheshire/target/xilinx/build/vcu118.ddr4/ddr4.gen/sources_1/ip/ddr4/rtl/cal/ddr4_ddr4_cal_riu.sv:227]
WARNING: [Synth 8-7071] port 'TRACE_mem_piperun' of module 'ddr4_microblaze_mcs' is unconnected for instance 'mcs0' [/scratch2/nsalamini/github_new_new/cheshire/target/xilinx/build/vcu118.ddr4/ddr4.gen/sources_1/ip/ddr4/rtl/cal/ddr4_ddr4_cal_riu.sv:227]
WARNING: [Synth 8-7071] port 'TRACE_msr_reg' of module 'ddr4_microblaze_mcs' is unconnected for instance 'mcs0' [/scratch2/nsalamini/github_new_new/cheshire/target/xilinx/build/vcu118.ddr4/ddr4.gen/sources_1/ip/ddr4/rtl/cal/ddr4_ddr4_cal_riu.sv:227]
WARNING: [Synth 8-7071] port 'TRACE_new_reg_value' of module 'ddr4_microblaze_mcs' is unconnected for instance 'mcs0' [/scratch2/nsalamini/github_new_new/cheshire/target/xilinx/build/vcu118.ddr4/ddr4.gen/sources_1/ip/ddr4/rtl/cal/ddr4_ddr4_cal_riu.sv:227]
WARNING: [Synth 8-7071] port 'TRACE_of_piperun' of module 'ddr4_microblaze_mcs' is unconnected for instance 'mcs0' [/scratch2/nsalamini/github_new_new/cheshire/target/xilinx/build/vcu118.ddr4/ddr4.gen/sources_1/ip/ddr4/rtl/cal/ddr4_ddr4_cal_riu.sv:227]
WARNING: [Synth 8-7071] port 'TRACE_pid_reg' of module 'ddr4_microblaze_mcs' is unconnected for instance 'mcs0' [/scratch2/nsalamini/github_new_new/cheshire/target/xilinx/build/vcu118.ddr4/ddr4.gen/sources_1/ip/ddr4/rtl/cal/ddr4_ddr4_cal_riu.sv:227]
WARNING: [Synth 8-7071] port 'TRACE_reg_addr' of module 'ddr4_microblaze_mcs' is unconnected for instance 'mcs0' [/scratch2/nsalamini/github_new_new/cheshire/target/xilinx/build/vcu118.ddr4/ddr4.gen/sources_1/ip/ddr4/rtl/cal/ddr4_ddr4_cal_riu.sv:227]
WARNING: [Synth 8-7071] port 'TRACE_reg_write' of module 'ddr4_microblaze_mcs' is unconnected for instance 'mcs0' [/scratch2/nsalamini/github_new_new/cheshire/target/xilinx/build/vcu118.ddr4/ddr4.gen/sources_1/ip/ddr4/rtl/cal/ddr4_ddr4_cal_riu.sv:227]
WARNING: [Synth 8-7071] port 'TRACE_valid_instr' of module 'ddr4_microblaze_mcs' is unconnected for instance 'mcs0' [/scratch2/nsalamini/github_new_new/cheshire/target/xilinx/build/vcu118.ddr4/ddr4.gen/sources_1/ip/ddr4/rtl/cal/ddr4_ddr4_cal_riu.sv:227]
WARNING: [Synth 8-7023] instance 'mcs0' of module 'ddr4_microblaze_mcs' has 40 connections declared, but only 11 given [/scratch2/nsalamini/github_new_new/cheshire/target/xilinx/build/vcu118.ddr4/ddr4.gen/sources_1/ip/ddr4/rtl/cal/ddr4_ddr4_cal_riu.sv:227]
INFO: [Synth 8-6155] done synthesizing module 'ddr4_ddr4_cal_riu' (0#1) [/scratch2/nsalamini/github_new_new/cheshire/target/xilinx/build/vcu118.ddr4/ddr4.gen/sources_1/ip/ddr4/rtl/cal/ddr4_ddr4_cal_riu.sv:89]
INFO: [Synth 8-6157] synthesizing module 'ddr4_v2_2_16_cal_sync__parameterized4' [/scratch2/nsalamini/github_new_new/cheshire/target/xilinx/build/vcu118.ddr4/ddr4.gen/sources_1/ip/ddr4/rtl/cal/ddr4_v2_2_cal_sync.sv:68]
INFO: [Synth 8-6155] done synthesizing module 'ddr4_v2_2_16_cal_sync__parameterized4' (0#1) [/scratch2/nsalamini/github_new_new/cheshire/target/xilinx/build/vcu118.ddr4/ddr4.gen/sources_1/ip/ddr4/rtl/cal/ddr4_v2_2_cal_sync.sv:68]
INFO: [Synth 8-6157] synthesizing module 'ddr4_v2_2_16_cal_sync__parameterized5' [/scratch2/nsalamini/github_new_new/cheshire/target/xilinx/build/vcu118.ddr4/ddr4.gen/sources_1/ip/ddr4/rtl/cal/ddr4_v2_2_cal_sync.sv:68]
INFO: [Synth 8-6155] done synthesizing module 'ddr4_v2_2_16_cal_sync__parameterized5' (0#1) [/scratch2/nsalamini/github_new_new/cheshire/target/xilinx/build/vcu118.ddr4/ddr4.gen/sources_1/ip/ddr4/rtl/cal/ddr4_v2_2_cal_sync.sv:68]
INFO: [Synth 8-6157] synthesizing module 'ddr4_v2_2_16_cal_sync__parameterized6' [/scratch2/nsalamini/github_new_new/cheshire/target/xilinx/build/vcu118.ddr4/ddr4.gen/sources_1/ip/ddr4/rtl/cal/ddr4_v2_2_cal_sync.sv:68]
INFO: [Synth 8-6155] done synthesizing module 'ddr4_v2_2_16_cal_sync__parameterized6' (0#1) [/scratch2/nsalamini/github_new_new/cheshire/target/xilinx/build/vcu118.ddr4/ddr4.gen/sources_1/ip/ddr4/rtl/cal/ddr4_v2_2_cal_sync.sv:68]
INFO: [Synth 8-6157] synthesizing module 'ddr4_v2_2_16_cal_sync__parameterized7' [/scratch2/nsalamini/github_new_new/cheshire/target/xilinx/build/vcu118.ddr4/ddr4.gen/sources_1/ip/ddr4/rtl/cal/ddr4_v2_2_cal_sync.sv:68]
INFO: [Synth 8-6155] done synthesizing module 'ddr4_v2_2_16_cal_sync__parameterized7' (0#1) [/scratch2/nsalamini/github_new_new/cheshire/target/xilinx/build/vcu118.ddr4/ddr4.gen/sources_1/ip/ddr4/rtl/cal/ddr4_v2_2_cal_sync.sv:68]
INFO: [Synth 8-6157] synthesizing module 'ddr4_v2_2_16_cal_sync__parameterized8' [/scratch2/nsalamini/github_new_new/cheshire/target/xilinx/build/vcu118.ddr4/ddr4.gen/sources_1/ip/ddr4/rtl/cal/ddr4_v2_2_cal_sync.sv:68]
INFO: [Synth 8-6155] done synthesizing module 'ddr4_v2_2_16_cal_sync__parameterized8' (0#1) [/scratch2/nsalamini/github_new_new/cheshire/target/xilinx/build/vcu118.ddr4/ddr4.gen/sources_1/ip/ddr4/rtl/cal/ddr4_v2_2_cal_sync.sv:68]
INFO: [Synth 8-6157] synthesizing module 'ddr4_v2_2_16_cal_sync__parameterized9' [/scratch2/nsalamini/github_new_new/cheshire/target/xilinx/build/vcu118.ddr4/ddr4.gen/sources_1/ip/ddr4/rtl/cal/ddr4_v2_2_cal_sync.sv:68]
INFO: [Synth 8-6155] done synthesizing module 'ddr4_v2_2_16_cal_sync__parameterized9' (0#1) [/scratch2/nsalamini/github_new_new/cheshire/target/xilinx/build/vcu118.ddr4/ddr4.gen/sources_1/ip/ddr4/rtl/cal/ddr4_v2_2_cal_sync.sv:68]
INFO: [Synth 8-6155] done synthesizing module 'ddr4_ddr4_mem_intfc' (0#1) [/scratch2/nsalamini/github_new_new/cheshire/target/xilinx/build/vcu118.ddr4/ddr4.gen/sources_1/ip/ddr4/rtl/ip_top/ddr4_ddr4_mem_intfc.sv:70]
INFO: [Synth 8-6157] synthesizing module 'ddr4_v2_2_16_axi' [/scratch2/nsalamini/github_new_new/cheshire/target/xilinx/build/vcu118.ddr4/ddr4.gen/sources_1/ip/ddr4/rtl/axi/ddr4_v2_2_axi.sv:83]
INFO: [Synth 8-6157] synthesizing module 'ddr4_v2_2_16_axi_register_slice' [/scratch2/nsalamini/github_new_new/cheshire/target/xilinx/build/vcu118.ddr4/ddr4.gen/sources_1/ip/ddr4/rtl/axi/ddr4_v2_2_axi_register_slice.sv:78]
INFO: [Common 17-14] Message 'Synth 8-6157' appears 100 times and further instances of the messages will be disabled. Use the Tcl command set_msg_config to change the current settings.
INFO: [Synth 8-6155] done synthesizing module 'ddr4_v2_2_16_axic_register_slice' (0#1) [/scratch2/nsalamini/github_new_new/cheshire/target/xilinx/build/vcu118.ddr4/ddr4.gen/sources_1/ip/ddr4/rtl/axi/ddr4_v2_2_axic_register_slice.sv:77]
INFO: [Synth 8-6155] done synthesizing module 'ddr4_v2_2_16_axic_register_slice__parameterized0' (0#1) [/scratch2/nsalamini/github_new_new/cheshire/target/xilinx/build/vcu118.ddr4/ddr4.gen/sources_1/ip/ddr4/rtl/axi/ddr4_v2_2_axic_register_slice.sv:77]
INFO: [Synth 8-6155] done synthesizing module 'ddr4_v2_2_16_axic_register_slice__parameterized1' (0#1) [/scratch2/nsalamini/github_new_new/cheshire/target/xilinx/build/vcu118.ddr4/ddr4.gen/sources_1/ip/ddr4/rtl/axi/ddr4_v2_2_axic_register_slice.sv:77]
INFO: [Synth 8-6155] done synthesizing module 'ddr4_v2_2_16_axic_register_slice__parameterized2' (0#1) [/scratch2/nsalamini/github_new_new/cheshire/target/xilinx/build/vcu118.ddr4/ddr4.gen/sources_1/ip/ddr4/rtl/axi/ddr4_v2_2_axic_register_slice.sv:77]
INFO: [Common 17-14] Message 'Synth 8-6155' appears 100 times and further instances of the messages will be disabled. Use the Tcl command set_msg_config to change the current settings.
WARNING: [Synth 8-3848] Net ddr4_c in module/entity ddr4_phy_ddr4 does not have driver. [/scratch2/nsalamini/github_new_new/cheshire/target/xilinx/build/vcu118.ddr4/ddr4.gen/sources_1/ip/ddr4/ip_1/rtl/phy/ddr4_phy_ddr4.sv:176]
WARNING: [Synth 8-3848] Net dbg_bus in module/entity ddr4_phy_ddr4 does not have driver. [/scratch2/nsalamini/github_new_new/cheshire/target/xilinx/build/vcu118.ddr4/ddr4.gen/sources_1/ip/ddr4/ip_1/rtl/phy/ddr4_phy_ddr4.sv:274]
WARNING: [Synth 8-5856] 3D RAM tras_cntr_rb_nxt_reg  for this pattern/configuration is not supported. This will most likely be implemented in registers
WARNING: [Synth 8-10225] Potential Runtime issue for 3D-RAM or RAM from Record/Structs for RAM  tras_cntr_rb_nxt_reg 
WARNING: [Synth 8-5856] 3D RAM trcd_cntr_nxt_reg  for this pattern/configuration is not supported. This will most likely be implemented in registers
WARNING: [Synth 8-10225] Potential Runtime issue for 3D-RAM or RAM from Record/Structs for RAM  trcd_cntr_nxt_reg 
WARNING: [Synth 8-5856] 3D RAM trcd_cntr_is_zero_nxt_reg  for this pattern/configuration is not supported. This will most likely be implemented in registers
WARNING: [Synth 8-10225] Potential Runtime issue for 3D-RAM or RAM from Record/Structs for RAM  trcd_cntr_is_zero_nxt_reg 
WARNING: [Synth 8-5856] 3D RAM ap_cntr_dec_reg  for this pattern/configuration is not supported. This will most likely be implemented in registers
WARNING: [Synth 8-10225] Potential Runtime issue for 3D-RAM or RAM from Record/Structs for RAM  ap_cntr_dec_reg 
WARNING: [Synth 8-5856] 3D RAM ap_cntr_nxt_reg  for this pattern/configuration is not supported. This will most likely be implemented in registers
WARNING: [Synth 8-10225] Potential Runtime issue for 3D-RAM or RAM from Record/Structs for RAM  ap_cntr_nxt_reg 
WARNING: [Synth 8-5856] 3D RAM ap_cntr_zero_nxt_reg  for this pattern/configuration is not supported. This will most likely be implemented in registers
WARNING: [Synth 8-10225] Potential Runtime issue for 3D-RAM or RAM from Record/Structs for RAM  ap_cntr_zero_nxt_reg 
WARNING: [Synth 8-5856] 3D RAM ap_cntr_expired_nxt_reg  for this pattern/configuration is not supported. This will most likely be implemented in registers
WARNING: [Synth 8-10225] Potential Runtime issue for 3D-RAM or RAM from Record/Structs for RAM  ap_cntr_expired_nxt_reg 
WARNING: [Synth 8-5856] 3D RAM pageInfo_ref_reg  for this pattern/configuration is not supported. This will most likely be implemented in registers
WARNING: [Synth 8-10225] Potential Runtime issue for 3D-RAM or RAM from Record/Structs for RAM  pageInfo_ref_reg 
WARNING: [Synth 8-5856] 3D RAM pageInfo_act_reg  for this pattern/configuration is not supported. This will most likely be implemented in registers
WARNING: [Synth 8-10225] Potential Runtime issue for 3D-RAM or RAM from Record/Structs for RAM  pageInfo_act_reg 
WARNING: [Synth 8-5856] 3D RAM pageInfo_exp_reg  for this pattern/configuration is not supported. This will most likely be implemented in registers
WARNING: [Synth 8-10225] Potential Runtime issue for 3D-RAM or RAM from Record/Structs for RAM  pageInfo_exp_reg 
WARNING: [Synth 8-5856] 3D RAM pageInfo_nxt_reg  for this pattern/configuration is not supported. This will most likely be implemented in registers
WARNING: [Synth 8-10225] Potential Runtime issue for 3D-RAM or RAM from Record/Structs for RAM  pageInfo_nxt_reg 
WARNING: [Synth 8-5856] 3D RAM pageInfo_reg  for this pattern/configuration is not supported. This will most likely be implemented in registers
WARNING: [Synth 8-10225] Potential Runtime issue for 3D-RAM or RAM from Record/Structs for RAM  pageInfo_reg 
WARNING: [Synth 8-5856] 3D RAM ap_cntr_reg  for this pattern/configuration is not supported. This will most likely be implemented in registers
WARNING: [Synth 8-10225] Potential Runtime issue for 3D-RAM or RAM from Record/Structs for RAM  ap_cntr_reg 
WARNING: [Synth 8-5856] 3D RAM ap_cntr_zero_reg  for this pattern/configuration is not supported. This will most likely be implemented in registers
WARNING: [Synth 8-10225] Potential Runtime issue for 3D-RAM or RAM from Record/Structs for RAM  ap_cntr_zero_reg 
WARNING: [Synth 8-5856] 3D RAM trcd_cntr_reg  for this pattern/configuration is not supported. This will most likely be implemented in registers
WARNING: [Synth 8-10225] Potential Runtime issue for 3D-RAM or RAM from Record/Structs for RAM  trcd_cntr_reg 
WARNING: [Synth 8-5856] 3D RAM tras_cntr_rb_reg  for this pattern/configuration is not supported. This will most likely be implemented in registers
WARNING: [Synth 8-10225] Potential Runtime issue for 3D-RAM or RAM from Record/Structs for RAM  tras_cntr_rb_reg 
WARNING: [Synth 8-5856] 3D RAM ap_cntr_expired_reg  for this pattern/configuration is not supported. This will most likely be implemented in registers
WARNING: [Synth 8-10225] Potential Runtime issue for 3D-RAM or RAM from Record/Structs for RAM  ap_cntr_expired_reg 
WARNING: [Synth 8-5856] 3D RAM trcd_cntr_is_zero_reg  for this pattern/configuration is not supported. This will most likely be implemented in registers
WARNING: [Synth 8-10225] Potential Runtime issue for 3D-RAM or RAM from Record/Structs for RAM  trcd_cntr_is_zero_reg 
WARNING: [Synth 8-6014] Unused sequential element cmd_cmd_cas_reg was removed.  [/scratch2/nsalamini/github_new_new/cheshire/target/xilinx/build/vcu118.ddr4/ddr4.gen/sources_1/ip/ddr4/rtl/controller/ddr4_v2_2_mc_group.sv:889]
WARNING: [Synth 8-6014] Unused sequential element issue_cas_dly_reg was removed.  [/scratch2/nsalamini/github_new_new/cheshire/target/xilinx/build/vcu118.ddr4/ddr4.gen/sources_1/ip/ddr4/rtl/controller/ddr4_v2_2_mc_group.sv:582]
WARNING: [Synth 8-6014] Unused sequential element faw_slr_done_reg was removed.  [/scratch2/nsalamini/github_new_new/cheshire/target/xilinx/build/vcu118.ddr4/ddr4.gen/sources_1/ip/ddr4/rtl/controller/ddr4_v2_2_mc_act_rank.sv:135]
WARNING: [Synth 8-6014] Unused sequential element outstanding_act_dlr_reg was removed.  [/scratch2/nsalamini/github_new_new/cheshire/target/xilinx/build/vcu118.ddr4/ddr4.gen/sources_1/ip/ddr4/rtl/controller/ddr4_v2_2_mc_act_rank.sv:163]
WARNING: [Synth 8-6014] Unused sequential element act_shift_dlr_reg was removed.  [/scratch2/nsalamini/github_new_new/cheshire/target/xilinx/build/vcu118.ddr4/ddr4.gen/sources_1/ip/ddr4/rtl/controller/ddr4_v2_2_mc_act_rank.sv:155]
WARNING: [Synth 8-6014] Unused sequential element prevLRA_reg was removed.  [/scratch2/nsalamini/github_new_new/cheshire/target/xilinx/build/vcu118.ddr4/ddr4.gen/sources_1/ip/ddr4/rtl/controller/ddr4_v2_2_mc_act_rank.sv:200]
WARNING: [Synth 8-6014] Unused sequential element rrdDLR_reg was removed.  [/scratch2/nsalamini/github_new_new/cheshire/target/xilinx/build/vcu118.ddr4/ddr4.gen/sources_1/ip/ddr4/rtl/controller/ddr4_v2_2_mc_act_rank.sv:201]
WARNING: [Synth 8-6014] Unused sequential element strict_rptr_reg was removed.  [/scratch2/nsalamini/github_new_new/cheshire/target/xilinx/build/vcu118.ddr4/ddr4.gen/sources_1/ip/ddr4/rtl/controller/ddr4_v2_2_mc_arb_c.sv:149]
WARNING: [Synth 8-6014] Unused sequential element strict_wptr_reg was removed.  [/scratch2/nsalamini/github_new_new/cheshire/target/xilinx/build/vcu118.ddr4/ddr4.gen/sources_1/ip/ddr4/rtl/controller/ddr4_v2_2_mc_arb_c.sv:177]
WARNING: [Synth 8-6014] Unused sequential element strict_wptr2_reg was removed.  [/scratch2/nsalamini/github_new_new/cheshire/target/xilinx/build/vcu118.ddr4/ddr4.gen/sources_1/ip/ddr4/rtl/controller/ddr4_v2_2_mc_arb_c.sv:178]
WARNING: [Synth 8-6014] Unused sequential element strict_fifo_reg[31] was removed.  [/scratch2/nsalamini/github_new_new/cheshire/target/xilinx/build/vcu118.ddr4/ddr4.gen/sources_1/ip/ddr4/rtl/controller/ddr4_v2_2_mc_arb_c.sv:186]
WARNING: [Synth 8-6014] Unused sequential element strict_fifo_reg[30] was removed.  [/scratch2/nsalamini/github_new_new/cheshire/target/xilinx/build/vcu118.ddr4/ddr4.gen/sources_1/ip/ddr4/rtl/controller/ddr4_v2_2_mc_arb_c.sv:186]
WARNING: [Synth 8-6014] Unused sequential element strict_fifo_reg[29] was removed.  [/scratch2/nsalamini/github_new_new/cheshire/target/xilinx/build/vcu118.ddr4/ddr4.gen/sources_1/ip/ddr4/rtl/controller/ddr4_v2_2_mc_arb_c.sv:186]
WARNING: [Synth 8-6014] Unused sequential element strict_fifo_reg[28] was removed.  [/scratch2/nsalamini/github_new_new/cheshire/target/xilinx/build/vcu118.ddr4/ddr4.gen/sources_1/ip/ddr4/rtl/controller/ddr4_v2_2_mc_arb_c.sv:186]
WARNING: [Synth 8-6014] Unused sequential element strict_fifo_reg[27] was removed.  [/scratch2/nsalamini/github_new_new/cheshire/target/xilinx/build/vcu118.ddr4/ddr4.gen/sources_1/ip/ddr4/rtl/controller/ddr4_v2_2_mc_arb_c.sv:186]
WARNING: [Synth 8-6014] Unused sequential element strict_fifo_reg[26] was removed.  [/scratch2/nsalamini/github_new_new/cheshire/target/xilinx/build/vcu118.ddr4/ddr4.gen/sources_1/ip/ddr4/rtl/controller/ddr4_v2_2_mc_arb_c.sv:186]
WARNING: [Synth 8-6014] Unused sequential element strict_fifo_reg[25] was removed.  [/scratch2/nsalamini/github_new_new/cheshire/target/xilinx/build/vcu118.ddr4/ddr4.gen/sources_1/ip/ddr4/rtl/controller/ddr4_v2_2_mc_arb_c.sv:186]
WARNING: [Synth 8-6014] Unused sequential element strict_fifo_reg[24] was removed.  [/scratch2/nsalamini/github_new_new/cheshire/target/xilinx/build/vcu118.ddr4/ddr4.gen/sources_1/ip/ddr4/rtl/controller/ddr4_v2_2_mc_arb_c.sv:186]
WARNING: [Synth 8-6014] Unused sequential element strict_fifo_reg[23] was removed.  [/scratch2/nsalamini/github_new_new/cheshire/target/xilinx/build/vcu118.ddr4/ddr4.gen/sources_1/ip/ddr4/rtl/controller/ddr4_v2_2_mc_arb_c.sv:186]
WARNING: [Synth 8-6014] Unused sequential element strict_fifo_reg[22] was removed.  [/scratch2/nsalamini/github_new_new/cheshire/target/xilinx/build/vcu118.ddr4/ddr4.gen/sources_1/ip/ddr4/rtl/controller/ddr4_v2_2_mc_arb_c.sv:186]
WARNING: [Synth 8-6014] Unused sequential element strict_fifo_reg[21] was removed.  [/scratch2/nsalamini/github_new_new/cheshire/target/xilinx/build/vcu118.ddr4/ddr4.gen/sources_1/ip/ddr4/rtl/controller/ddr4_v2_2_mc_arb_c.sv:186]
WARNING: [Synth 8-6014] Unused sequential element strict_fifo_reg[20] was removed.  [/scratch2/nsalamini/github_new_new/cheshire/target/xilinx/build/vcu118.ddr4/ddr4.gen/sources_1/ip/ddr4/rtl/controller/ddr4_v2_2_mc_arb_c.sv:186]
WARNING: [Synth 8-6014] Unused sequential element strict_fifo_reg[19] was removed.  [/scratch2/nsalamini/github_new_new/cheshire/target/xilinx/build/vcu118.ddr4/ddr4.gen/sources_1/ip/ddr4/rtl/controller/ddr4_v2_2_mc_arb_c.sv:186]
WARNING: [Synth 8-6014] Unused sequential element strict_fifo_reg[18] was removed.  [/scratch2/nsalamini/github_new_new/cheshire/target/xilinx/build/vcu118.ddr4/ddr4.gen/sources_1/ip/ddr4/rtl/controller/ddr4_v2_2_mc_arb_c.sv:186]
WARNING: [Synth 8-6014] Unused sequential element strict_fifo_reg[17] was removed.  [/scratch2/nsalamini/github_new_new/cheshire/target/xilinx/build/vcu118.ddr4/ddr4.gen/sources_1/ip/ddr4/rtl/controller/ddr4_v2_2_mc_arb_c.sv:186]
WARNING: [Synth 8-6014] Unused sequential element strict_fifo_reg[16] was removed.  [/scratch2/nsalamini/github_new_new/cheshire/target/xilinx/build/vcu118.ddr4/ddr4.gen/sources_1/ip/ddr4/rtl/controller/ddr4_v2_2_mc_arb_c.sv:186]
WARNING: [Synth 8-6014] Unused sequential element strict_fifo_reg[15] was removed.  [/scratch2/nsalamini/github_new_new/cheshire/target/xilinx/build/vcu118.ddr4/ddr4.gen/sources_1/ip/ddr4/rtl/controller/ddr4_v2_2_mc_arb_c.sv:186]
WARNING: [Synth 8-6014] Unused sequential element strict_fifo_reg[14] was removed.  [/scratch2/nsalamini/github_new_new/cheshire/target/xilinx/build/vcu118.ddr4/ddr4.gen/sources_1/ip/ddr4/rtl/controller/ddr4_v2_2_mc_arb_c.sv:186]
WARNING: [Synth 8-6014] Unused sequential element strict_fifo_reg[13] was removed.  [/scratch2/nsalamini/github_new_new/cheshire/target/xilinx/build/vcu118.ddr4/ddr4.gen/sources_1/ip/ddr4/rtl/controller/ddr4_v2_2_mc_arb_c.sv:186]
WARNING: [Synth 8-6014] Unused sequential element strict_fifo_reg[12] was removed.  [/scratch2/nsalamini/github_new_new/cheshire/target/xilinx/build/vcu118.ddr4/ddr4.gen/sources_1/ip/ddr4/rtl/controller/ddr4_v2_2_mc_arb_c.sv:186]
WARNING: [Synth 8-6014] Unused sequential element strict_fifo_reg[11] was removed.  [/scratch2/nsalamini/github_new_new/cheshire/target/xilinx/build/vcu118.ddr4/ddr4.gen/sources_1/ip/ddr4/rtl/controller/ddr4_v2_2_mc_arb_c.sv:186]
WARNING: [Synth 8-6014] Unused sequential element strict_fifo_reg[10] was removed.  [/scratch2/nsalamini/github_new_new/cheshire/target/xilinx/build/vcu118.ddr4/ddr4.gen/sources_1/ip/ddr4/rtl/controller/ddr4_v2_2_mc_arb_c.sv:186]
WARNING: [Synth 8-6014] Unused sequential element strict_fifo_reg[9] was removed.  [/scratch2/nsalamini/github_new_new/cheshire/target/xilinx/build/vcu118.ddr4/ddr4.gen/sources_1/ip/ddr4/rtl/controller/ddr4_v2_2_mc_arb_c.sv:186]
WARNING: [Synth 8-6014] Unused sequential element strict_fifo_reg[8] was removed.  [/scratch2/nsalamini/github_new_new/cheshire/target/xilinx/build/vcu118.ddr4/ddr4.gen/sources_1/ip/ddr4/rtl/controller/ddr4_v2_2_mc_arb_c.sv:186]
WARNING: [Synth 8-6014] Unused sequential element strict_fifo_reg[7] was removed.  [/scratch2/nsalamini/github_new_new/cheshire/target/xilinx/build/vcu118.ddr4/ddr4.gen/sources_1/ip/ddr4/rtl/controller/ddr4_v2_2_mc_arb_c.sv:186]
WARNING: [Synth 8-6014] Unused sequential element strict_fifo_reg[6] was removed.  [/scratch2/nsalamini/github_new_new/cheshire/target/xilinx/build/vcu118.ddr4/ddr4.gen/sources_1/ip/ddr4/rtl/controller/ddr4_v2_2_mc_arb_c.sv:186]
WARNING: [Synth 8-6014] Unused sequential element strict_fifo_reg[5] was removed.  [/scratch2/nsalamini/github_new_new/cheshire/target/xilinx/build/vcu118.ddr4/ddr4.gen/sources_1/ip/ddr4/rtl/controller/ddr4_v2_2_mc_arb_c.sv:186]
WARNING: [Synth 8-6014] Unused sequential element strict_fifo_reg[4] was removed.  [/scratch2/nsalamini/github_new_new/cheshire/target/xilinx/build/vcu118.ddr4/ddr4.gen/sources_1/ip/ddr4/rtl/controller/ddr4_v2_2_mc_arb_c.sv:186]
WARNING: [Synth 8-6014] Unused sequential element strict_fifo_reg[3] was removed.  [/scratch2/nsalamini/github_new_new/cheshire/target/xilinx/build/vcu118.ddr4/ddr4.gen/sources_1/ip/ddr4/rtl/controller/ddr4_v2_2_mc_arb_c.sv:186]
WARNING: [Synth 8-6014] Unused sequential element strict_fifo_reg[2] was removed.  [/scratch2/nsalamini/github_new_new/cheshire/target/xilinx/build/vcu118.ddr4/ddr4.gen/sources_1/ip/ddr4/rtl/controller/ddr4_v2_2_mc_arb_c.sv:186]
WARNING: [Synth 8-6014] Unused sequential element strict_fifo_reg[1] was removed.  [/scratch2/nsalamini/github_new_new/cheshire/target/xilinx/build/vcu118.ddr4/ddr4.gen/sources_1/ip/ddr4/rtl/controller/ddr4_v2_2_mc_arb_c.sv:186]
WARNING: [Synth 8-6014] Unused sequential element strict_fifo_reg[0] was removed.  [/scratch2/nsalamini/github_new_new/cheshire/target/xilinx/build/vcu118.ddr4/ddr4.gen/sources_1/ip/ddr4/rtl/controller/ddr4_v2_2_mc_arb_c.sv:186]
WARNING: [Synth 8-6014] Unused sequential element slotCnt_reg was removed.  [/scratch2/nsalamini/github_new_new/cheshire/target/xilinx/build/vcu118.ddr4/ddr4.gen/sources_1/ip/ddr4/rtl/controller/ddr4_v2_2_mc_arb_c.sv:247]
WARNING: [Synth 8-6014] Unused sequential element win_l_rank_cas_int_reg was removed.  [/scratch2/nsalamini/github_new_new/cheshire/target/xilinx/build/vcu118.ddr4/ddr4.gen/sources_1/ip/ddr4/rtl/controller/ddr4_v2_2_mc_arb_c.sv:254]
WARNING: [Synth 8-6014] Unused sequential element arbing.nRdSlot_reg was removed.  [/scratch2/nsalamini/github_new_new/cheshire/target/xilinx/build/vcu118.ddr4/ddr4.gen/sources_1/ip/ddr4/rtl/controller/ddr4_v2_2_mc_arb_c.sv:259]
WARNING: [Synth 8-6014] Unused sequential element arbing.nSlotCnt_reg was removed.  [/scratch2/nsalamini/github_new_new/cheshire/target/xilinx/build/vcu118.ddr4/ddr4.gen/sources_1/ip/ddr4/rtl/controller/ddr4_v2_2_mc_arb_c.sv:260]
WARNING: [Synth 8-5856] 3D RAM timerWTP_reg  for this pattern/configuration is not supported. This will most likely be implemented in registers
WARNING: [Synth 8-10225] Potential Runtime issue for 3D-RAM or RAM from Record/Structs for RAM  timerWTP_reg 
WARNING: [Synth 8-5856] 3D RAM timerRTP_reg  for this pattern/configuration is not supported. This will most likely be implemented in registers
WARNING: [Synth 8-10225] Potential Runtime issue for 3D-RAM or RAM from Record/Structs for RAM  timerRTP_reg 
WARNING: [Synth 8-5856] 3D RAM timerRAS_reg  for this pattern/configuration is not supported. This will most likely be implemented in registers
WARNING: [Synth 8-10225] Potential Runtime issue for 3D-RAM or RAM from Record/Structs for RAM  timerRAS_reg 
WARNING: [Synth 8-5856] 3D RAM pre_safe_reg  for this pattern/configuration is not supported. This will most likely be implemented in registers
WARNING: [Synth 8-10225] Potential Runtime issue for 3D-RAM or RAM from Record/Structs for RAM  pre_safe_reg 
WARNING: [Synth 8-6014] Unused sequential element prev2CAS_reg was removed.  [/scratch2/nsalamini/github_new_new/cheshire/target/xilinx/build/vcu118.ddr4/ddr4.gen/sources_1/ip/ddr4/rtl/controller/ddr4_v2_2_mc_ctl.sv:311]
WARNING: [Synth 8-6014] Unused sequential element prevLRank_reg was removed.  [/scratch2/nsalamini/github_new_new/cheshire/target/xilinx/build/vcu118.ddr4/ddr4.gen/sources_1/ip/ddr4/rtl/controller/ddr4_v2_2_mc_ctl.sv:314]
WARNING: [Synth 8-6014] Unused sequential element sre_issued_r_reg was removed.  [/scratch2/nsalamini/github_new_new/cheshire/target/xilinx/build/vcu118.ddr4/ddr4.gen/sources_1/ip/ddr4/rtl/controller/ddr4_v2_2_mc_ref.sv:276]
WARNING: [Synth 8-6014] Unused sequential element tckoff_timer_reg was removed.  [/scratch2/nsalamini/github_new_new/cheshire/target/xilinx/build/vcu118.ddr4/ddr4.gen/sources_1/ip/ddr4/rtl/controller/ddr4_v2_2_mc_ref.sv:279]
WARNING: [Synth 8-6014] Unused sequential element sre_tckoff_ok_r_reg was removed.  [/scratch2/nsalamini/github_new_new/cheshire/target/xilinx/build/vcu118.ddr4/ddr4.gen/sources_1/ip/ddr4/rtl/controller/ddr4_v2_2_mc_ref.sv:288]
WARNING: [Synth 8-6014] Unused sequential element tckev_timer_reg was removed.  [/scratch2/nsalamini/github_new_new/cheshire/target/xilinx/build/vcu118.ddr4/ddr4.gen/sources_1/ip/ddr4/rtl/controller/ddr4_v2_2_mc_ref.sv:291]
WARNING: [Synth 8-6014] Unused sequential element um_ref_req_reg was removed.  [/scratch2/nsalamini/github_new_new/cheshire/target/xilinx/build/vcu118.ddr4/ddr4.gen/sources_1/ip/ddr4/rtl/controller/ddr4_v2_2_mc_ref.sv:711]
WARNING: [Synth 8-6014] Unused sequential element um_pre_iss_reg was removed.  [/scratch2/nsalamini/github_new_new/cheshire/target/xilinx/build/vcu118.ddr4/ddr4.gen/sources_1/ip/ddr4/rtl/controller/ddr4_v2_2_mc_ref.sv:944]
WARNING: [Synth 8-6014] Unused sequential element um_ref_iss_reg was removed.  [/scratch2/nsalamini/github_new_new/cheshire/target/xilinx/build/vcu118.ddr4/ddr4.gen/sources_1/ip/ddr4/rtl/controller/ddr4_v2_2_mc_ref.sv:945]
WARNING: [Synth 8-6014] Unused sequential element um_zq_iss_reg was removed.  [/scratch2/nsalamini/github_new_new/cheshire/target/xilinx/build/vcu118.ddr4/ddr4.gen/sources_1/ip/ddr4/rtl/controller/ddr4_v2_2_mc_ref.sv:946]
WARNING: [Synth 8-6014] Unused sequential element rd_buf_index_cpy[1].rd_buf_indx_r_reg[1] was removed.  [/scratch2/nsalamini/github_new_new/cheshire/target/xilinx/build/vcu118.ddr4/ddr4.gen/sources_1/ip/ddr4/rtl/ui/ddr4_v2_2_ui_rd_data.sv:237]
WARNING: [Synth 8-6014] Unused sequential element rd_buf_index_cpy[3].rd_buf_indx_r_reg[3] was removed.  [/scratch2/nsalamini/github_new_new/cheshire/target/xilinx/build/vcu118.ddr4/ddr4.gen/sources_1/ip/ddr4/rtl/ui/ddr4_v2_2_ui_rd_data.sv:237]
WARNING: [Synth 8-6014] Unused sequential element rd_buf_index_cpy[4].rd_buf_indx_r_reg[4] was removed.  [/scratch2/nsalamini/github_new_new/cheshire/target/xilinx/build/vcu118.ddr4/ddr4.gen/sources_1/ip/ddr4/rtl/ui/ddr4_v2_2_ui_rd_data.sv:237]
WARNING: [Synth 8-6014] Unused sequential element rd_buf_index_cpy[6].rd_buf_indx_r_reg[6] was removed.  [/scratch2/nsalamini/github_new_new/cheshire/target/xilinx/build/vcu118.ddr4/ddr4.gen/sources_1/ip/ddr4/rtl/ui/ddr4_v2_2_ui_rd_data.sv:237]
WARNING: [Synth 8-6014] Unused sequential element rd_buf_index_cpy[7].rd_buf_indx_r_reg[7] was removed.  [/scratch2/nsalamini/github_new_new/cheshire/target/xilinx/build/vcu118.ddr4/ddr4.gen/sources_1/ip/ddr4/rtl/ui/ddr4_v2_2_ui_rd_data.sv:237]
WARNING: [Synth 8-6014] Unused sequential element rd_buf_index_cpy[8].rd_buf_indx_r_reg[8] was removed.  [/scratch2/nsalamini/github_new_new/cheshire/target/xilinx/build/vcu118.ddr4/ddr4.gen/sources_1/ip/ddr4/rtl/ui/ddr4_v2_2_ui_rd_data.sv:237]
WARNING: [Synth 8-6014] Unused sequential element rd_buf_index_cpy[10].rd_buf_indx_r_reg[10] was removed.  [/scratch2/nsalamini/github_new_new/cheshire/target/xilinx/build/vcu118.ddr4/ddr4.gen/sources_1/ip/ddr4/rtl/ui/ddr4_v2_2_ui_rd_data.sv:237]
WARNING: [Synth 8-6014] Unused sequential element rd_buf_index_cpy[11].rd_buf_indx_r_reg[11] was removed.  [/scratch2/nsalamini/github_new_new/cheshire/target/xilinx/build/vcu118.ddr4/ddr4.gen/sources_1/ip/ddr4/rtl/ui/ddr4_v2_2_ui_rd_data.sv:237]
WARNING: [Synth 8-6014] Unused sequential element rd_buf_index_cpy[12].rd_buf_indx_r_reg[12] was removed.  [/scratch2/nsalamini/github_new_new/cheshire/target/xilinx/build/vcu118.ddr4/ddr4.gen/sources_1/ip/ddr4/rtl/ui/ddr4_v2_2_ui_rd_data.sv:237]
WARNING: [Synth 8-6014] Unused sequential element rd_buf_index_cpy[13].rd_buf_indx_r_reg[13] was removed.  [/scratch2/nsalamini/github_new_new/cheshire/target/xilinx/build/vcu118.ddr4/ddr4.gen/sources_1/ip/ddr4/rtl/ui/ddr4_v2_2_ui_rd_data.sv:237]
WARNING: [Synth 8-6014] Unused sequential element rd_buf_index_cpy[15].rd_buf_indx_r_reg[15] was removed.  [/scratch2/nsalamini/github_new_new/cheshire/target/xilinx/build/vcu118.ddr4/ddr4.gen/sources_1/ip/ddr4/rtl/ui/ddr4_v2_2_ui_rd_data.sv:237]
WARNING: [Synth 8-6014] Unused sequential element rd_buf_index_cpy[16].rd_buf_indx_r_reg[16] was removed.  [/scratch2/nsalamini/github_new_new/cheshire/target/xilinx/build/vcu118.ddr4/ddr4.gen/sources_1/ip/ddr4/rtl/ui/ddr4_v2_2_ui_rd_data.sv:237]
WARNING: [Synth 8-6014] Unused sequential element rd_buf_index_cpy[17].rd_buf_indx_r_reg[17] was removed.  [/scratch2/nsalamini/github_new_new/cheshire/target/xilinx/build/vcu118.ddr4/ddr4.gen/sources_1/ip/ddr4/rtl/ui/ddr4_v2_2_ui_rd_data.sv:237]
WARNING: [Synth 8-6014] Unused sequential element rd_buf_index_cpy[18].rd_buf_indx_r_reg[18] was removed.  [/scratch2/nsalamini/github_new_new/cheshire/target/xilinx/build/vcu118.ddr4/ddr4.gen/sources_1/ip/ddr4/rtl/ui/ddr4_v2_2_ui_rd_data.sv:237]
WARNING: [Synth 8-6014] Unused sequential element cplx_PAR_reg was removed.  [/scratch2/nsalamini/github_new_new/cheshire/target/xilinx/build/vcu118.ddr4/ddr4.gen/sources_1/ip/ddr4/rtl/cal/ddr4_v2_2_cal_cplx.sv:817]
WARNING: [Synth 8-3936] Found unconnected internal register 'cplx_config_chip_select_reg' and it is trimmed from '4' to '1' bits. [/scratch2/nsalamini/github_new_new/cheshire/target/xilinx/build/vcu118.ddr4/ddr4.gen/sources_1/ip/ddr4/rtl/cal/ddr4_v2_2_cal_cplx.sv:279]
WARNING: [Synth 8-3936] Found unconnected internal register 'wr_cas_delay_line_ff_reg' and it is trimmed from '16' to '15' bits. [/scratch2/nsalamini/github_new_new/cheshire/target/xilinx/build/vcu118.ddr4/ddr4.gen/sources_1/ip/ddr4/rtl/cal/ddr4_v2_2_cal_cplx.sv:702]
WARNING: [Synth 8-6014] Unused sequential element margin_start_tap_p_reg was removed.  [/scratch2/nsalamini/github_new_new/cheshire/target/xilinx/build/vcu118.ddr4/ddr4.gen/sources_1/ip/ddr4/rtl/cal/ddr4_v2_2_cal_addr_decode.sv:1003]
WARNING: [Synth 8-6014] Unused sequential element margin_left_p_reg was removed.  [/scratch2/nsalamini/github_new_new/cheshire/target/xilinx/build/vcu118.ddr4/ddr4.gen/sources_1/ip/ddr4/rtl/cal/ddr4_v2_2_cal_addr_decode.sv:1004]
WARNING: [Synth 8-6014] Unused sequential element margin_right_p_reg was removed.  [/scratch2/nsalamini/github_new_new/cheshire/target/xilinx/build/vcu118.ddr4/ddr4.gen/sources_1/ip/ddr4/rtl/cal/ddr4_v2_2_cal_addr_decode.sv:1005]
WARNING: [Synth 8-6014] Unused sequential element margin_start_tap_n_reg was removed.  [/scratch2/nsalamini/github_new_new/cheshire/target/xilinx/build/vcu118.ddr4/ddr4.gen/sources_1/ip/ddr4/rtl/cal/ddr4_v2_2_cal_addr_decode.sv:1017]
WARNING: [Synth 8-6014] Unused sequential element margin_left_n_reg was removed.  [/scratch2/nsalamini/github_new_new/cheshire/target/xilinx/build/vcu118.ddr4/ddr4.gen/sources_1/ip/ddr4/rtl/cal/ddr4_v2_2_cal_addr_decode.sv:1018]
WARNING: [Synth 8-6014] Unused sequential element margin_right_n_reg was removed.  [/scratch2/nsalamini/github_new_new/cheshire/target/xilinx/build/vcu118.ddr4/ddr4.gen/sources_1/ip/ddr4/rtl/cal/ddr4_v2_2_cal_addr_decode.sv:1019]
WARNING: [Synth 8-6014] Unused sequential element wrong_addr_access_write_reg was removed.  [/scratch2/nsalamini/github_new_new/cheshire/target/xilinx/build/vcu118.ddr4/ddr4.gen/sources_1/ip/ddr4/rtl/cal/ddr4_v2_2_cal_addr_decode.sv:1085]
WARNING: [Synth 8-6014] Unused sequential element cal_DQOut_B_reg was removed.  [/scratch2/nsalamini/github_new_new/cheshire/target/xilinx/build/vcu118.ddr4/ddr4.gen/sources_1/ip/ddr4/rtl/cal/ddr4_v2_2_cal_addr_decode.sv:1208]
WARNING: [Synth 8-6014] Unused sequential element margin_start_tap_reg was removed.  [/scratch2/nsalamini/github_new_new/cheshire/target/xilinx/build/vcu118.ddr4/ddr4.gen/sources_1/ip/ddr4/rtl/cal/ddr4_v2_2_cal_addr_decode.sv:1253]
WARNING: [Synth 8-6014] Unused sequential element margin_right_reg was removed.  [/scratch2/nsalamini/github_new_new/cheshire/target/xilinx/build/vcu118.ddr4/ddr4.gen/sources_1/ip/ddr4/rtl/cal/ddr4_v2_2_cal_addr_decode.sv:1254]
WARNING: [Synth 8-6014] Unused sequential element margin_left_reg was removed.  [/scratch2/nsalamini/github_new_new/cheshire/target/xilinx/build/vcu118.ddr4/ddr4.gen/sources_1/ip/ddr4/rtl/cal/ddr4_v2_2_cal_addr_decode.sv:1255]
WARNING: [Synth 8-6014] Unused sequential element margin_p_active_reg was removed.  [/scratch2/nsalamini/github_new_new/cheshire/target/xilinx/build/vcu118.ddr4/ddr4.gen/sources_1/ip/ddr4/rtl/cal/ddr4_v2_2_cal_addr_decode.sv:1256]
WARNING: [Synth 8-6014] Unused sequential element margin_n_active_reg was removed.  [/scratch2/nsalamini/github_new_new/cheshire/target/xilinx/build/vcu118.ddr4/ddr4.gen/sources_1/ip/ddr4/rtl/cal/ddr4_v2_2_cal_addr_decode.sv:1257]
WARNING: [Synth 8-6014] Unused sequential element wrong_addr_access_read_reg was removed.  [/scratch2/nsalamini/github_new_new/cheshire/target/xilinx/build/vcu118.ddr4/ddr4.gen/sources_1/ip/ddr4/rtl/cal/ddr4_v2_2_cal_addr_decode.sv:1559]
WARNING: [Synth 8-6014] Unused sequential element cal_ODT_mux_reg was removed.  [/scratch2/nsalamini/github_new_new/cheshire/target/xilinx/build/vcu118.ddr4/ddr4.gen/sources_1/ip/ddr4/rtl/cal/ddr4_v2_2_cal_addr_decode.sv:1990]
WARNING: [Synth 8-6014] Unused sequential element extended_write_r_reg was removed.  [/scratch2/nsalamini/github_new_new/cheshire/target/xilinx/build/vcu118.ddr4/ddr4.gen/sources_1/ip/ddr4/rtl/cal/ddr4_v2_2_cal_addr_decode.sv:2065]
WARNING: [Synth 8-3936] Found unconnected internal register 'dqin_valid_shift_reg' and it is trimmed from '8' to '7' bits. [/scratch2/nsalamini/github_new_new/cheshire/target/xilinx/build/vcu118.ddr4/ddr4.gen/sources_1/ip/ddr4/rtl/cal/ddr4_v2_2_cal_addr_decode.sv:1865]
WARNING: [Synth 8-6014] Unused sequential element slave_rdy_r_reg was removed.  [/scratch2/nsalamini/github_new_new/cheshire/target/xilinx/build/vcu118.ddr4/ddr4.gen/sources_1/ip/ddr4/rtl/cal/ddr4_v2_2_cal_xsdb_arbiter.sv:155]
WARNING: [Synth 8-6014] Unused sequential element init_cal_DMOut_n_reg was removed.  [/scratch2/nsalamini/github_new_new/cheshire/target/xilinx/build/vcu118.ddr4/ddr4.gen/sources_1/ip/ddr4/rtl/cal/ddr4_v2_2_cal.sv:2012]
WARNING: [Synth 8-6014] Unused sequential element init_cal_DQOut_reg was removed.  [/scratch2/nsalamini/github_new_new/cheshire/target/xilinx/build/vcu118.ddr4/ddr4.gen/sources_1/ip/ddr4/rtl/cal/ddr4_v2_2_cal.sv:2013]
WARNING: [Synth 8-6014] Unused sequential element init_cal_inv_reg was removed.  [/scratch2/nsalamini/github_new_new/cheshire/target/xilinx/build/vcu118.ddr4/ddr4.gen/sources_1/ip/ddr4/rtl/cal/ddr4_v2_2_cal.sv:1523]
WARNING: [Synth 8-6014] Unused sequential element init_cal_mrs_reg was removed.  [/scratch2/nsalamini/github_new_new/cheshire/target/xilinx/build/vcu118.ddr4/ddr4.gen/sources_1/ip/ddr4/rtl/cal/ddr4_v2_2_cal.sv:1524]
WARNING: [Synth 8-6014] Unused sequential element rdcs_rdcas_lsb_slot0_reg was removed.  [/scratch2/nsalamini/github_new_new/cheshire/target/xilinx/build/vcu118.ddr4/ddr4.gen/sources_1/ip/ddr4/rtl/cal/ddr4_v2_2_cal_rd_en.sv:196]
WARNING: [Synth 8-6014] Unused sequential element calDone_dly_reg was removed.  [/scratch2/nsalamini/github_new_new/cheshire/target/xilinx/build/vcu118.ddr4/ddr4.gen/sources_1/ip/ddr4/rtl/cal/ddr4_v2_2_cal_rd_en.sv:208]
WARNING: [Synth 8-6014] Unused sequential element rdcs0_reg was removed.  [/scratch2/nsalamini/github_new_new/cheshire/target/xilinx/build/vcu118.ddr4/ddr4.gen/sources_1/ip/ddr4/rtl/cal/ddr4_v2_2_cal_rd_en.sv:191]
WARNING: [Synth 8-6014] Unused sequential element rdcs1_reg was removed.  [/scratch2/nsalamini/github_new_new/cheshire/target/xilinx/build/vcu118.ddr4/ddr4.gen/sources_1/ip/ddr4/rtl/cal/ddr4_v2_2_cal_rd_en.sv:192]
WARNING: [Synth 8-6014] Unused sequential element cs0_reg was removed.  [/scratch2/nsalamini/github_new_new/cheshire/target/xilinx/build/vcu118.ddr4/ddr4.gen/sources_1/ip/ddr4/rtl/cal/ddr4_v2_2_cal_write.sv:224]
WARNING: [Synth 8-6014] Unused sequential element cs1_reg was removed.  [/scratch2/nsalamini/github_new_new/cheshire/target/xilinx/build/vcu118.ddr4/ddr4.gen/sources_1/ip/ddr4/rtl/cal/ddr4_v2_2_cal_write.sv:225]
WARNING: [Synth 8-3936] Found unconnected internal register 'wrQ_out_reg[0]' and it is trimmed from '10' to '3' bits. [/scratch2/nsalamini/github_new_new/cheshire/target/xilinx/build/vcu118.ddr4/ddr4.gen/sources_1/ip/ddr4/rtl/cal/ddr4_v2_2_cal_write.sv:217]
WARNING: [Synth 8-6014] Unused sequential element cal_dbi_rd_r_reg was removed.  [/scratch2/nsalamini/github_new_new/cheshire/target/xilinx/build/vcu118.ddr4/ddr4.gen/sources_1/ip/ddr4/rtl/cal/ddr4_v2_2_cal_top.sv:696]
WARNING: [Synth 8-6014] Unused sequential element cal_dbi_wr_r_reg was removed.  [/scratch2/nsalamini/github_new_new/cheshire/target/xilinx/build/vcu118.ddr4/ddr4.gen/sources_1/ip/ddr4/rtl/cal/ddr4_v2_2_cal_top.sv:699]
INFO: [Common 17-14] Message 'Synth 8-6014' appears 100 times and further instances of the messages will be disabled. Use the Tcl command set_msg_config to change the current settings.
WARNING: [Synth 8-3936] Found unconnected internal register 'io_address_r2_reg' and it is trimmed from '32' to '28' bits. [/scratch2/nsalamini/github_new_new/cheshire/target/xilinx/build/vcu118.ddr4/ddr4.gen/sources_1/ip/ddr4/rtl/ip_top/ddr4_ddr4_mem_intfc.sv:506]
WARNING: [Synth 8-3936] Found unconnected internal register 'io_address_r1_reg' and it is trimmed from '32' to '28' bits. [/scratch2/nsalamini/github_new_new/cheshire/target/xilinx/build/vcu118.ddr4/ddr4.gen/sources_1/ip/ddr4/rtl/ip_top/ddr4_ddr4_mem_intfc.sv:499]
WARNING: [Synth 8-3848] Net cmd_wr_bytes in module/entity ddr4_v2_2_16_axi_w_channel does not have driver. [/scratch2/nsalamini/github_new_new/cheshire/target/xilinx/build/vcu118.ddr4/ddr4.gen/sources_1/ip/ddr4/rtl/axi/ddr4_v2_2_axi_w_channel.sv:108]
WARNING: [Synth 8-7129] Port mc_app_rd_last in module ddr4_v2_2_16_axi_r_channel is either unconnected or has no load
WARNING: [Synth 8-7129] Port axlen[7] in module ddr4_v2_2_16_axi_wrap_cmd__parameterized0 is either unconnected or has no load
WARNING: [Synth 8-7129] Port axlen[6] in module ddr4_v2_2_16_axi_wrap_cmd__parameterized0 is either unconnected or has no load
WARNING: [Synth 8-7129] Port axlen[5] in module ddr4_v2_2_16_axi_wrap_cmd__parameterized0 is either unconnected or has no load
WARNING: [Synth 8-7129] Port axlen[4] in module ddr4_v2_2_16_axi_wrap_cmd__parameterized0 is either unconnected or has no load
WARNING: [Synth 8-7129] Port axsize[2] in module ddr4_v2_2_16_axi_wrap_cmd__parameterized0 is either unconnected or has no load
WARNING: [Synth 8-7129] Port axsize[1] in module ddr4_v2_2_16_axi_wrap_cmd__parameterized0 is either unconnected or has no load
WARNING: [Synth 8-7129] Port axsize[0] in module ddr4_v2_2_16_axi_wrap_cmd__parameterized0 is either unconnected or has no load
WARNING: [Synth 8-7129] Port axsize[2] in module ddr4_v2_2_16_axi_incr_cmd__parameterized0 is either unconnected or has no load
WARNING: [Synth 8-7129] Port axsize[1] in module ddr4_v2_2_16_axi_incr_cmd__parameterized0 is either unconnected or has no load
WARNING: [Synth 8-7129] Port axsize[0] in module ddr4_v2_2_16_axi_incr_cmd__parameterized0 is either unconnected or has no load
WARNING: [Synth 8-7129] Port axburst[0] in module ddr4_v2_2_16_axi_cmd_translator__parameterized0 is either unconnected or has no load
WARNING: [Synth 8-7129] Port arlock[1] in module ddr4_v2_2_16_axi_ar_channel is either unconnected or has no load
WARNING: [Synth 8-7129] Port arlock[0] in module ddr4_v2_2_16_axi_ar_channel is either unconnected or has no load
WARNING: [Synth 8-7129] Port arcache[3] in module ddr4_v2_2_16_axi_ar_channel is either unconnected or has no load
WARNING: [Synth 8-7129] Port arcache[2] in module ddr4_v2_2_16_axi_ar_channel is either unconnected or has no load
WARNING: [Synth 8-7129] Port arcache[1] in module ddr4_v2_2_16_axi_ar_channel is either unconnected or has no load
WARNING: [Synth 8-7129] Port arcache[0] in module ddr4_v2_2_16_axi_ar_channel is either unconnected or has no load
WARNING: [Synth 8-7129] Port arprot[2] in module ddr4_v2_2_16_axi_ar_channel is either unconnected or has no load
WARNING: [Synth 8-7129] Port arprot[1] in module ddr4_v2_2_16_axi_ar_channel is either unconnected or has no load
WARNING: [Synth 8-7129] Port arprot[0] in module ddr4_v2_2_16_axi_ar_channel is either unconnected or has no load
WARNING: [Synth 8-7129] Port b_resp_rdy in module ddr4_v2_2_16_axi_b_channel is either unconnected or has no load
WARNING: [Synth 8-7129] Port cmd_wr_bytes in module ddr4_v2_2_16_axi_w_channel is either unconnected or has no load
WARNING: [Synth 8-7129] Port awvalid in module ddr4_v2_2_16_axi_w_channel is either unconnected or has no load
WARNING: [Synth 8-7129] Port w_ignore_begin in module ddr4_v2_2_16_axi_w_channel is either unconnected or has no load
WARNING: [Synth 8-7129] Port w_ignore_end in module ddr4_v2_2_16_axi_w_channel is either unconnected or has no load
WARNING: [Synth 8-7129] Port axlen[7] in module ddr4_v2_2_16_axi_wrap_cmd is either unconnected or has no load
WARNING: [Synth 8-7129] Port axlen[6] in module ddr4_v2_2_16_axi_wrap_cmd is either unconnected or has no load
WARNING: [Synth 8-7129] Port axlen[5] in module ddr4_v2_2_16_axi_wrap_cmd is either unconnected or has no load
WARNING: [Synth 8-7129] Port axlen[4] in module ddr4_v2_2_16_axi_wrap_cmd is either unconnected or has no load
WARNING: [Synth 8-7129] Port axsize[2] in module ddr4_v2_2_16_axi_wrap_cmd is either unconnected or has no load
WARNING: [Synth 8-7129] Port axsize[1] in module ddr4_v2_2_16_axi_wrap_cmd is either unconnected or has no load
WARNING: [Synth 8-7129] Port axsize[0] in module ddr4_v2_2_16_axi_wrap_cmd is either unconnected or has no load
WARNING: [Synth 8-7129] Port axsize[2] in module ddr4_v2_2_16_axi_incr_cmd is either unconnected or has no load
WARNING: [Synth 8-7129] Port axsize[1] in module ddr4_v2_2_16_axi_incr_cmd is either unconnected or has no load
WARNING: [Synth 8-7129] Port axsize[0] in module ddr4_v2_2_16_axi_incr_cmd is either unconnected or has no load
WARNING: [Synth 8-7129] Port axburst[0] in module ddr4_v2_2_16_axi_cmd_translator is either unconnected or has no load
WARNING: [Synth 8-7129] Port awlock[1] in module ddr4_v2_2_16_axi_aw_channel is either unconnected or has no load
WARNING: [Synth 8-7129] Port awlock[0] in module ddr4_v2_2_16_axi_aw_channel is either unconnected or has no load
WARNING: [Synth 8-7129] Port awcache[3] in module ddr4_v2_2_16_axi_aw_channel is either unconnected or has no load
WARNING: [Synth 8-7129] Port awcache[2] in module ddr4_v2_2_16_axi_aw_channel is either unconnected or has no load
WARNING: [Synth 8-7129] Port awcache[1] in module ddr4_v2_2_16_axi_aw_channel is either unconnected or has no load
WARNING: [Synth 8-7129] Port awcache[0] in module ddr4_v2_2_16_axi_aw_channel is either unconnected or has no load
WARNING: [Synth 8-7129] Port awprot[2] in module ddr4_v2_2_16_axi_aw_channel is either unconnected or has no load
WARNING: [Synth 8-7129] Port awprot[1] in module ddr4_v2_2_16_axi_aw_channel is either unconnected or has no load
WARNING: [Synth 8-7129] Port awprot[0] in module ddr4_v2_2_16_axi_aw_channel is either unconnected or has no load
WARNING: [Synth 8-7129] Port cmd_wr_bytes in module ddr4_v2_2_16_axi_aw_channel is either unconnected or has no load
WARNING: [Synth 8-7129] Port ACLK in module ddr4_v2_2_16_axic_register_slice__parameterized2 is either unconnected or has no load
WARNING: [Synth 8-7129] Port ARESET in module ddr4_v2_2_16_axic_register_slice__parameterized2 is either unconnected or has no load
WARNING: [Synth 8-7129] Port ACLK in module ddr4_v2_2_16_axic_register_slice is either unconnected or has no load
WARNING: [Synth 8-7129] Port ARESET in module ddr4_v2_2_16_axic_register_slice is either unconnected or has no load
WARNING: [Synth 8-7129] Port ACLK in module ddr4_v2_2_16_axic_register_slice__parameterized1 is either unconnected or has no load
WARNING: [Synth 8-7129] Port ARESET in module ddr4_v2_2_16_axic_register_slice__parameterized1 is either unconnected or has no load
WARNING: [Synth 8-7129] Port ACLK in module ddr4_v2_2_16_axic_register_slice__parameterized0 is either unconnected or has no load
WARNING: [Synth 8-7129] Port ARESET in module ddr4_v2_2_16_axic_register_slice__parameterized0 is either unconnected or has no load
WARNING: [Synth 8-7129] Port CLKB in module blk_mem_output_block__parameterized0 is either unconnected or has no load
WARNING: [Synth 8-7129] Port SBITERR_I in module blk_mem_output_block__parameterized0 is either unconnected or has no load
WARNING: [Synth 8-7129] Port DBITERR_I in module blk_mem_output_block__parameterized0 is either unconnected or has no load
WARNING: [Synth 8-7129] Port RDADDRECC_I[12] in module blk_mem_output_block__parameterized0 is either unconnected or has no load
WARNING: [Synth 8-7129] Port RDADDRECC_I[11] in module blk_mem_output_block__parameterized0 is either unconnected or has no load
WARNING: [Synth 8-7129] Port RDADDRECC_I[10] in module blk_mem_output_block__parameterized0 is either unconnected or has no load
WARNING: [Synth 8-7129] Port RDADDRECC_I[9] in module blk_mem_output_block__parameterized0 is either unconnected or has no load
WARNING: [Synth 8-7129] Port RDADDRECC_I[8] in module blk_mem_output_block__parameterized0 is either unconnected or has no load
WARNING: [Synth 8-7129] Port RDADDRECC_I[7] in module blk_mem_output_block__parameterized0 is either unconnected or has no load
WARNING: [Synth 8-7129] Port RDADDRECC_I[6] in module blk_mem_output_block__parameterized0 is either unconnected or has no load
WARNING: [Synth 8-7129] Port RDADDRECC_I[5] in module blk_mem_output_block__parameterized0 is either unconnected or has no load
WARNING: [Synth 8-7129] Port RDADDRECC_I[4] in module blk_mem_output_block__parameterized0 is either unconnected or has no load
WARNING: [Synth 8-7129] Port RDADDRECC_I[3] in module blk_mem_output_block__parameterized0 is either unconnected or has no load
WARNING: [Synth 8-7129] Port RDADDRECC_I[2] in module blk_mem_output_block__parameterized0 is either unconnected or has no load
WARNING: [Synth 8-7129] Port RDADDRECC_I[1] in module blk_mem_output_block__parameterized0 is either unconnected or has no load
WARNING: [Synth 8-7129] Port RDADDRECC_I[0] in module blk_mem_output_block__parameterized0 is either unconnected or has no load
WARNING: [Synth 8-7129] Port SBITERR in module blk_mem_gen_prim_wrapper__parameterized22 is either unconnected or has no load
WARNING: [Synth 8-7129] Port DBITERR in module blk_mem_gen_prim_wrapper__parameterized22 is either unconnected or has no load
WARNING: [Synth 8-7129] Port SSRA in module blk_mem_gen_prim_wrapper__parameterized22 is either unconnected or has no load
WARNING: [Synth 8-7129] Port SSRB in module blk_mem_gen_prim_wrapper__parameterized22 is either unconnected or has no load
WARNING: [Synth 8-7129] Port INJECTSBITERR in module blk_mem_gen_prim_wrapper__parameterized22 is either unconnected or has no load
WARNING: [Synth 8-7129] Port INJECTDBITERR in module blk_mem_gen_prim_wrapper__parameterized22 is either unconnected or has no load
WARNING: [Synth 8-7129] Port ECCPIPECE in module blk_mem_gen_prim_wrapper__parameterized22 is either unconnected or has no load
WARNING: [Synth 8-7129] Port SBITERR in module blk_mem_gen_prim_wrapper__parameterized21 is either unconnected or has no load
WARNING: [Synth 8-7129] Port DBITERR in module blk_mem_gen_prim_wrapper__parameterized21 is either unconnected or has no load
WARNING: [Synth 8-7129] Port SSRA in module blk_mem_gen_prim_wrapper__parameterized21 is either unconnected or has no load
WARNING: [Synth 8-7129] Port SSRB in module blk_mem_gen_prim_wrapper__parameterized21 is either unconnected or has no load
WARNING: [Synth 8-7129] Port INJECTSBITERR in module blk_mem_gen_prim_wrapper__parameterized21 is either unconnected or has no load
WARNING: [Synth 8-7129] Port INJECTDBITERR in module blk_mem_gen_prim_wrapper__parameterized21 is either unconnected or has no load
WARNING: [Synth 8-7129] Port ECCPIPECE in module blk_mem_gen_prim_wrapper__parameterized21 is either unconnected or has no load
WARNING: [Synth 8-7129] Port SBITERR in module blk_mem_gen_prim_wrapper__parameterized20 is either unconnected or has no load
WARNING: [Synth 8-7129] Port DBITERR in module blk_mem_gen_prim_wrapper__parameterized20 is either unconnected or has no load
WARNING: [Synth 8-7129] Port SSRA in module blk_mem_gen_prim_wrapper__parameterized20 is either unconnected or has no load
WARNING: [Synth 8-7129] Port SSRB in module blk_mem_gen_prim_wrapper__parameterized20 is either unconnected or has no load
WARNING: [Synth 8-7129] Port INJECTSBITERR in module blk_mem_gen_prim_wrapper__parameterized20 is either unconnected or has no load
WARNING: [Synth 8-7129] Port INJECTDBITERR in module blk_mem_gen_prim_wrapper__parameterized20 is either unconnected or has no load
WARNING: [Synth 8-7129] Port ECCPIPECE in module blk_mem_gen_prim_wrapper__parameterized20 is either unconnected or has no load
WARNING: [Synth 8-7129] Port SBITERR in module blk_mem_gen_prim_wrapper__parameterized19 is either unconnected or has no load
WARNING: [Synth 8-7129] Port DBITERR in module blk_mem_gen_prim_wrapper__parameterized19 is either unconnected or has no load
WARNING: [Synth 8-7129] Port SSRA in module blk_mem_gen_prim_wrapper__parameterized19 is either unconnected or has no load
WARNING: [Synth 8-7129] Port SSRB in module blk_mem_gen_prim_wrapper__parameterized19 is either unconnected or has no load
WARNING: [Synth 8-7129] Port INJECTSBITERR in module blk_mem_gen_prim_wrapper__parameterized19 is either unconnected or has no load
WARNING: [Synth 8-7129] Port INJECTDBITERR in module blk_mem_gen_prim_wrapper__parameterized19 is either unconnected or has no load
WARNING: [Synth 8-7129] Port ECCPIPECE in module blk_mem_gen_prim_wrapper__parameterized19 is either unconnected or has no load
WARNING: [Synth 8-7129] Port SBITERR in module blk_mem_gen_prim_wrapper__parameterized18 is either unconnected or has no load
INFO: [Common 17-14] Message 'Synth 8-7129' appears 100 times and further instances of the messages will be disabled. Use the Tcl command set_msg_config to change the current settings.
---------------------------------------------------------------------------------
Finished RTL Elaboration : Time (s): cpu = 00:00:33 ; elapsed = 00:00:35 . Memory (MB): peak = 4232.480 ; gain = 955.367 ; free physical = 86619 ; free virtual = 541669
---------------------------------------------------------------------------------
---------------------------------------------------------------------------------
Start Handling Custom Attributes
---------------------------------------------------------------------------------
---------------------------------------------------------------------------------
Finished Handling Custom Attributes : Time (s): cpu = 00:00:34 ; elapsed = 00:00:36 . Memory (MB): peak = 4232.480 ; gain = 955.367 ; free physical = 86616 ; free virtual = 541666
---------------------------------------------------------------------------------
---------------------------------------------------------------------------------
Finished RTL Optimization Phase 1 : Time (s): cpu = 00:00:34 ; elapsed = 00:00:36 . Memory (MB): peak = 4232.480 ; gain = 955.367 ; free physical = 86616 ; free virtual = 541666
---------------------------------------------------------------------------------
Netlist sorting complete. Time (s): cpu = 00:00:01 ; elapsed = 00:00:01 . Memory (MB): peak = 4240.480 ; gain = 0.000 ; free physical = 86529 ; free virtual = 541580
INFO: [Netlist 29-17] Analyzing 1010 Unisim elements for replacement
INFO: [Netlist 29-28] Unisim Transformation completed in 0 CPU seconds
INFO: [Project 1-570] Preparing netlist for logic optimization

Processing XDC Constraints
Initializing timing engine
Parsing XDC File [/scratch2/nsalamini/github_new_new/cheshire/target/xilinx/build/vcu118.ddr4/ddr4.gen/sources_1/ip/ddr4/bd_0/ip/ip_0/bd_c703_microblaze_I_0.xdc] for cell 'inst/u_ddr4_mem_intfc/u_ddr_cal_riu/mcs0/inst/microblaze_I/U0'
Finished Parsing XDC File [/scratch2/nsalamini/github_new_new/cheshire/target/xilinx/build/vcu118.ddr4/ddr4.gen/sources_1/ip/ddr4/bd_0/ip/ip_0/bd_c703_microblaze_I_0.xdc] for cell 'inst/u_ddr4_mem_intfc/u_ddr_cal_riu/mcs0/inst/microblaze_I/U0'
INFO: [Project 1-236] Implementation specific constraints were found while reading constraint file [/scratch2/nsalamini/github_new_new/cheshire/target/xilinx/build/vcu118.ddr4/ddr4.gen/sources_1/ip/ddr4/bd_0/ip/ip_0/bd_c703_microblaze_I_0.xdc]. These constraints will be ignored for synthesis but will be used in implementation. Impacted constraints are listed in the file [.Xil/ddr4_propImpl.xdc].
Resolution: To avoid this warning, move constraints listed in [.Xil/ddr4_propImpl.xdc] to another XDC file and exclude this new file from synthesis with the used_in_synthesis property (File Properties dialog in GUI) and re-run elaboration/synthesis.
Parsing XDC File [/scratch2/nsalamini/github_new_new/cheshire/target/xilinx/build/vcu118.ddr4/ddr4.gen/sources_1/ip/ddr4/bd_0/ip/ip_1/bd_c703_rst_0_0_board.xdc] for cell 'inst/u_ddr4_mem_intfc/u_ddr_cal_riu/mcs0/inst/rst_0/U0'
Finished Parsing XDC File [/scratch2/nsalamini/github_new_new/cheshire/target/xilinx/build/vcu118.ddr4/ddr4.gen/sources_1/ip/ddr4/bd_0/ip/ip_1/bd_c703_rst_0_0_board.xdc] for cell 'inst/u_ddr4_mem_intfc/u_ddr_cal_riu/mcs0/inst/rst_0/U0'
Parsing XDC File [/scratch2/nsalamini/github_new_new/cheshire/target/xilinx/build/vcu118.ddr4/ddr4.gen/sources_1/ip/ddr4/bd_0/ip/ip_1/bd_c703_rst_0_0.xdc] for cell 'inst/u_ddr4_mem_intfc/u_ddr_cal_riu/mcs0/inst/rst_0/U0'
Finished Parsing XDC File [/scratch2/nsalamini/github_new_new/cheshire/target/xilinx/build/vcu118.ddr4/ddr4.gen/sources_1/ip/ddr4/bd_0/ip/ip_1/bd_c703_rst_0_0.xdc] for cell 'inst/u_ddr4_mem_intfc/u_ddr_cal_riu/mcs0/inst/rst_0/U0'
Parsing XDC File [/scratch2/nsalamini/github_new_new/cheshire/target/xilinx/build/vcu118.ddr4/ddr4.gen/sources_1/ip/ddr4/bd_0/ip/ip_2/bd_c703_ilmb_0.xdc] for cell 'inst/u_ddr4_mem_intfc/u_ddr_cal_riu/mcs0/inst/ilmb/U0'
Finished Parsing XDC File [/scratch2/nsalamini/github_new_new/cheshire/target/xilinx/build/vcu118.ddr4/ddr4.gen/sources_1/ip/ddr4/bd_0/ip/ip_2/bd_c703_ilmb_0.xdc] for cell 'inst/u_ddr4_mem_intfc/u_ddr_cal_riu/mcs0/inst/ilmb/U0'
Parsing XDC File [/scratch2/nsalamini/github_new_new/cheshire/target/xilinx/build/vcu118.ddr4/ddr4.gen/sources_1/ip/ddr4/bd_0/ip/ip_3/bd_c703_dlmb_0.xdc] for cell 'inst/u_ddr4_mem_intfc/u_ddr_cal_riu/mcs0/inst/dlmb/U0'
Finished Parsing XDC File [/scratch2/nsalamini/github_new_new/cheshire/target/xilinx/build/vcu118.ddr4/ddr4.gen/sources_1/ip/ddr4/bd_0/ip/ip_3/bd_c703_dlmb_0.xdc] for cell 'inst/u_ddr4_mem_intfc/u_ddr_cal_riu/mcs0/inst/dlmb/U0'
Parsing XDC File [/scratch2/nsalamini/github_new_new/cheshire/target/xilinx/build/vcu118.ddr4/ddr4.gen/sources_1/ip/ddr4/bd_0/ip/ip_10/bd_c703_iomodule_0_0_board.xdc] for cell 'inst/u_ddr4_mem_intfc/u_ddr_cal_riu/mcs0/inst/iomodule_0/U0'
Finished Parsing XDC File [/scratch2/nsalamini/github_new_new/cheshire/target/xilinx/build/vcu118.ddr4/ddr4.gen/sources_1/ip/ddr4/bd_0/ip/ip_10/bd_c703_iomodule_0_0_board.xdc] for cell 'inst/u_ddr4_mem_intfc/u_ddr_cal_riu/mcs0/inst/iomodule_0/U0'
Parsing XDC File [/scratch2/nsalamini/github_new_new/cheshire/target/xilinx/build/vcu118.ddr4/ddr4.gen/sources_1/ip/ddr4/ip_0/ddr4_microblaze_mcs_board.xdc] for cell 'inst/u_ddr4_mem_intfc/u_ddr_cal_riu/mcs0/inst'
Finished Parsing XDC File [/scratch2/nsalamini/github_new_new/cheshire/target/xilinx/build/vcu118.ddr4/ddr4.gen/sources_1/ip/ddr4/ip_0/ddr4_microblaze_mcs_board.xdc] for cell 'inst/u_ddr4_mem_intfc/u_ddr_cal_riu/mcs0/inst'
Parsing XDC File [/scratch2/nsalamini/github_new_new/cheshire/target/xilinx/build/vcu118.ddr4/ddr4.gen/sources_1/ip/ddr4/par/ddr4.xdc] for cell 'inst'
WARNING: [Designutils 20-1567] Use of 'set_false_path' with '-hold' is not supported by synthesis. The constraint will not be passed to synthesis. [/scratch2/nsalamini/github_new_new/cheshire/target/xilinx/build/vcu118.ddr4/ddr4.gen/sources_1/ip/ddr4/par/ddr4.xdc:252]
WARNING: [Designutils 20-1567] Use of 'set_false_path' with '-hold' is not supported by synthesis. The constraint will not be passed to synthesis. [/scratch2/nsalamini/github_new_new/cheshire/target/xilinx/build/vcu118.ddr4/ddr4.gen/sources_1/ip/ddr4/par/ddr4.xdc:253]
Finished Parsing XDC File [/scratch2/nsalamini/github_new_new/cheshire/target/xilinx/build/vcu118.ddr4/ddr4.gen/sources_1/ip/ddr4/par/ddr4.xdc] for cell 'inst'
INFO: [Project 1-236] Implementation specific constraints were found while reading constraint file [/scratch2/nsalamini/github_new_new/cheshire/target/xilinx/build/vcu118.ddr4/ddr4.gen/sources_1/ip/ddr4/par/ddr4.xdc]. These constraints will be ignored for synthesis but will be used in implementation. Impacted constraints are listed in the file [.Xil/ddr4_propImpl.xdc].
Resolution: To avoid this warning, move constraints listed in [.Xil/ddr4_propImpl.xdc] to another XDC file and exclude this new file from synthesis with the used_in_synthesis property (File Properties dialog in GUI) and re-run elaboration/synthesis.
Parsing XDC File [/scratch2/nsalamini/github_new_new/cheshire/target/xilinx/build/vcu118.ddr4/ddr4.runs/ddr4_synth_1/dont_touch.xdc]
Finished Parsing XDC File [/scratch2/nsalamini/github_new_new/cheshire/target/xilinx/build/vcu118.ddr4/ddr4.runs/ddr4_synth_1/dont_touch.xdc]
INFO: [Project 1-236] Implementation specific constraints were found while reading constraint file [/scratch2/nsalamini/github_new_new/cheshire/target/xilinx/build/vcu118.ddr4/ddr4.runs/ddr4_synth_1/dont_touch.xdc]. These constraints will be ignored for synthesis but will be used in implementation. Impacted constraints are listed in the file [.Xil/ddr4_propImpl.xdc].
Resolution: To avoid this warning, move constraints listed in [.Xil/ddr4_propImpl.xdc] to another XDC file and exclude this new file from synthesis with the used_in_synthesis property (File Properties dialog in GUI) and re-run elaboration/synthesis.
Parsing XDC File [/scratch2/nsalamini/github_new_new/cheshire/target/xilinx/build/vcu118.ddr4/ddr4.gen/sources_1/ip/ddr4/ddr4_board.xdc] for cell 'inst'
Finished Parsing XDC File [/scratch2/nsalamini/github_new_new/cheshire/target/xilinx/build/vcu118.ddr4/ddr4.gen/sources_1/ip/ddr4/ddr4_board.xdc] for cell 'inst'
Completed Processing XDC Constraints

Netlist sorting complete. Time (s): cpu = 00:00:00.01 ; elapsed = 00:00:00.01 . Memory (MB): peak = 4581.387 ; gain = 0.000 ; free physical = 86253 ; free virtual = 541107
INFO: [Project 1-111] Unisim Transformation Summary:
  A total of 740 instances were transformed.
  BUFG => BUFGCE: 9 instances
  DSP48E1 => DSP48E2 (DSP_ALU, DSP_A_B_DATA, DSP_C_DATA, DSP_MULTIPLIER, DSP_M_DATA, DSP_OUTPUT, DSP_PREADD, DSP_PREADD_DATA): 3 instances
  FDR => FDRE: 170 instances
  FDS => FDSE: 3 instances
  IOBUFDS => IOBUFDS (DIFFINBUF, IBUFCTRL, INV, OBUFT(x2)): 8 instances
  IOBUFE3 => IOBUFE3 (IBUFCTRL, INBUF, OBUFT_DCIEN): 72 instances
  LUT6_2 => LUT6_2 (LUT5, LUT6): 79 instances
  MULT_AND => LUT2: 1 instance 
  MUXCY_L => MUXCY: 189 instances
  OBUFDS => OBUFDS_DUAL_BUF (INV, OBUF(x2)): 1 instance 
  RAM32M => RAM32M (RAMD32(x6), RAMS32(x2)): 204 instances
  SRL16 => SRL16E: 1 instance 

Constraint Validation Runtime : Time (s): cpu = 00:00:03 ; elapsed = 00:00:00.7 . Memory (MB): peak = 4614.199 ; gain = 32.812 ; free physical = 86236 ; free virtual = 541073
INFO: [Designutils 20-5008] Incremental synthesis strategy off
---------------------------------------------------------------------------------
Finished Constraint Validation : Time (s): cpu = 00:01:05 ; elapsed = 00:01:05 . Memory (MB): peak = 4614.199 ; gain = 1337.086 ; free physical = 86648 ; free virtual = 541487
---------------------------------------------------------------------------------
INFO: [Synth 8-802] inferred FSM for state register 'state_reg' in module 'ddr4_v2_2_16_axi_r_channel'
---------------------------------------------------------------------------------------------------
                   State |                     New Encoding |                Previous Encoding 
---------------------------------------------------------------------------------------------------
                CAS_IDLE |                              000 |                              000
              RMW_RDWAIT |                              001 |                              010
            RMW_DATAWAIT |                              010 |                              011
              RMW_WRWAIT |                              011 |                              100
                CAS_WAIT |                              100 |                              001
---------------------------------------------------------------------------------------------------
INFO: [Synth 8-3354] encoded FSM with state register 'gr_cas_state_reg' using encoding 'sequential' in module 'ddr4_v2_2_16_mc_group'
---------------------------------------------------------------------------------------------------
                   State |                     New Encoding |                Previous Encoding 
---------------------------------------------------------------------------------------------------
                  grIDLE |                              110 |                              000
                grACCEPT |                              001 |                              001
               grPREWAIT |                              100 |                              010
               grAUTOPRE |                              101 |                              101
                   grACT |                              010 |                              100
               grACTWAIT |                              011 |                              011
                grCASFSM |                              000 |                              110
---------------------------------------------------------------------------------------------------
INFO: [Synth 8-3354] encoded FSM with state register 'grSt_reg' using encoding 'sequential' in module 'ddr4_v2_2_16_mc_group'
---------------------------------------------------------------------------------------------------
                   State |                     New Encoding |                Previous Encoding 
---------------------------------------------------------------------------------------------------
             SRE_SM_IDLE |                         00000001 |                              000
              SRE_SM_REQ |                         00000010 |                              001
          SRE_SM_VT_STOP |                         00000100 |                              010
           SRE_SM_MC_CHK |                         00001000 |                              011
          SRE_SM_REF_REQ |                         00010000 |                              100
              SRE_SM_ISS |                         00100000 |                              101
             SRE_SM_WAIT |                         01000000 |                              110
             SRE_SM_DONE |                         10000000 |                              111
---------------------------------------------------------------------------------------------------
INFO: [Synth 8-3354] encoded FSM with state register 'sre_sm_ps_reg' using encoding 'one-hot' in module 'ddr4_v2_2_16_mc_ref'
---------------------------------------------------------------------------------------------------
                   State |                     New Encoding |                Previous Encoding 
---------------------------------------------------------------------------------------------------
                    IDLE |                             0000 |                             0000
                    INIT |                             0001 |                             0001
           WAIT_INTERVAL |                             0010 |                             0010
                READ_INJ |                             0011 |                             0011
           WAIT_READ_INJ |                             0100 |                             0100
                 GAP_INJ |                             0101 |                             0101
            WAIT_GAP_INJ |                             0110 |                             0110
           UPDATE_STATUS |                             0111 |                             0111
            CHECK_ENABLE |                             1000 |                             1000
---------------------------------------------------------------------------------------------------
INFO: [Synth 8-3354] encoded FSM with state register 'periodic_state_reg' using encoding 'sequential' in module 'ddr4_v2_2_16_mc_periodic'
---------------------------------------------------------------------------------------------------
                   State |                     New Encoding |                Previous Encoding 
---------------------------------------------------------------------------------------------------
                    IDLE |                             0000 |                             0000
      INJ_BLOCK_READ_CAS |                             0001 |                             0110
      INJ_WAIT_CAS_BLOCK |                             0010 |                             0111
            INJ_WAIT_REF |                             0011 |                             0001
           INJ_BLOCK_REF |                             0100 |                             0010
            INJ_BLOCK_NI |                             0101 |                             0011
           INJ_ISSUE_TXN |                             0110 |                             0100
     INJ_WAIT_TXN_RETURN |                             0111 |                             0101
                INJ_DONE |                             1000 |                             1000
---------------------------------------------------------------------------------------------------
INFO: [Synth 8-3354] encoded FSM with state register 'inject_state_reg' using encoding 'sequential' in module 'ddr4_v2_2_16_mc_periodic'
---------------------------------------------------------------------------------------------------
                   State |                     New Encoding |                Previous Encoding 
---------------------------------------------------------------------------------------------------
                SEQ_IDLE |                             0000 |                             0000
            SEQ_INIT_ROW |                             0001 |                             0001
            SEQ_INIT_COL |                             0010 |                             0010
           SEQ_ISSUE_ACT |                             0011 |                             0011
            SEQ_ACT_WAIT |                             0100 |                             0100
              SEQ_INC_BG |                             0101 |                             0101
             SEQ_INIT_BG |                             0110 |                             0110
           SEQ_ISSUE_CAS |                             0111 |                             0111
            SEQ_CAS_WAIT |                             1000 |                             1001
           SEQ_INIT_PREA |                             1001 |                             1010
          SEQ_ISSUE_PREA |                             1010 |                             1011
           SEQ_PREA_WAIT |                             1011 |                             1100
            SEQ_INC_PREA |                             1100 |                             1101
                SEQ_DONE |                             1101 |                             1111
             SEQ_INC_ROW |                             1110 |                             1110
            SEQ_GAP_WAIT |                             1111 |                             1000
---------------------------------------------------------------------------------------------------
INFO: [Synth 8-3354] encoded FSM with state register 'seq_state_reg' using encoding 'sequential' in module 'ddr4_v2_2_16_cal_cplx'
---------------------------------------------------------------------------------------------------
                   State |                     New Encoding |                Previous Encoding 
---------------------------------------------------------------------------------------------------
                    IDLE |                             0000 |                             0000
                    INIT |                             0001 |                             0001
         WR_CAL_WR_START |                             0010 |                             0110
     WR_CAL_WR_WAIT_DONE |                             0011 |                             0111
         WR_CAL_DM_START |                             0100 |                             1000
     WR_CAL_DM_WAIT_DONE |                             0101 |                             1001
         WR_CAL_RD_START |                             0110 |                             1010
     WR_CAL_RD_WAIT_DONE |                             0111 |                             1011
         RD_CAL_WR_START |                             1000 |                             0010
     RD_CAL_WR_WAIT_DONE |                             1001 |                             0011
         RD_CAL_RD_START |                             1010 |                             0100
     RD_CAL_RD_WAIT_DONE |                             1011 |                             0101
             UPDATE_LOGS |                             1100 |                             1100
---------------------------------------------------------------------------------------------------
INFO: [Synth 8-3354] encoded FSM with state register 'cplx_state_reg' using encoding 'sequential' in module 'ddr4_v2_2_16_cal_cplx'
INFO: [Synth 8-7030] Implemented Non-Cascaded Block Ram (cascade_height = 1) of width 9 for RAM "ddr4_v2_2_16_bram_tdp:/mem_reg"
INFO: [Synth 8-3971] The signal "ddr4_v2_2_16_bram_tdp:/mem_reg" was recognized as a true dual port RAM template.
---------------------------------------------------------------------------------
Finished RTL Optimization Phase 2 : Time (s): cpu = 00:01:20 ; elapsed = 00:01:21 . Memory (MB): peak = 4614.199 ; gain = 1337.086 ; free physical = 83067 ; free virtual = 537919
---------------------------------------------------------------------------------
---------------------------------------------------------------------------------
Start RTL Component Statistics 
---------------------------------------------------------------------------------
---------------------------------------------------------------------------------
Finished RTL Component Statistics 
---------------------------------------------------------------------------------
---------------------------------------------------------------------------------
Start Part Resource Summary
---------------------------------------------------------------------------------
Part Resources:
DSPs: 6840 (col length:120)
BRAMs: 4320 (col length: RAMB18 360 RAMB36 180)
---------------------------------------------------------------------------------
Finished Part Resource Summary
---------------------------------------------------------------------------------
---------------------------------------------------------------------------------
Start Cross Boundary and Area Optimization
---------------------------------------------------------------------------------
WARNING: [Synth 8-3936] Found unconnected internal register 'phy_rden_and_stg_reg' and it is trimmed from '12' to '11' bits. [/scratch2/nsalamini/github_new_new/cheshire/target/xilinx/build/vcu118.ddr4/ddr4.gen/sources_1/ip/ddr4/rtl/cal/ddr4_v2_2_cal_top.sv:1584]
WARNING: [Synth 8-3936] Found unconnected internal register 'phy_rden_or_stg_reg' and it is trimmed from '12' to '11' bits. [/scratch2/nsalamini/github_new_new/cheshire/target/xilinx/build/vcu118.ddr4/ddr4.gen/sources_1/ip/ddr4/rtl/cal/ddr4_v2_2_cal_top.sv:1583]
INFO: [Synth 8-7124] RAM ("inst/u_ddr_cali_5/DDR_XSDB_BRAM/mem_inst/gen_mem[0].inst/mem_reg") is implemented using BRAM instead of URAM. Memory would be severely underutilized if URAMs are used
INFO: [Synth 8-7030] Implemented Non-Cascaded Block Ram (cascade_height = 1) of width 9 for RAM "inst/u_ddr_cali_5/DDR_XSDB_BRAM/mem_inst/gen_mem[0].inst/mem_reg"
INFO: [Synth 8-3971] The signal "inst/u_ddr_cali_5/DDR_XSDB_BRAM/mem_inst/gen_mem[0].inst/mem_reg" was recognized as a true dual port RAM template.
INFO: [Synth 8-4471] merging register 'bgr[1].u_ddr_mc_group/ref_req_dly1_reg' into 'bgr[0].u_ddr_mc_group/ref_req_dly1_reg' [/scratch2/nsalamini/github_new_new/cheshire/target/xilinx/build/vcu118.ddr4/ddr4.gen/sources_1/ip/ddr4/rtl/controller/ddr4_v2_2_mc_group.sv:967]
INFO: [Synth 8-4471] merging register 'bgr[1].u_ddr_mc_group/ref_req_dly2_reg' into 'bgr[0].u_ddr_mc_group/ref_req_dly2_reg' [/scratch2/nsalamini/github_new_new/cheshire/target/xilinx/build/vcu118.ddr4/ddr4.gen/sources_1/ip/ddr4/rtl/controller/ddr4_v2_2_mc_group.sv:968]
INFO: [Synth 8-4471] merging register 'bgr[1].u_ddr_mc_group/ref_req_dly3_reg' into 'bgr[0].u_ddr_mc_group/ref_req_dly3_reg' [/scratch2/nsalamini/github_new_new/cheshire/target/xilinx/build/vcu118.ddr4/ddr4.gen/sources_1/ip/ddr4/rtl/controller/ddr4_v2_2_mc_group.sv:969]
INFO: [Synth 8-4471] merging register 'bgr[1].u_ddr_mc_group/ref_req_dly4_reg' into 'bgr[0].u_ddr_mc_group/ref_req_dly4_reg' [/scratch2/nsalamini/github_new_new/cheshire/target/xilinx/build/vcu118.ddr4/ddr4.gen/sources_1/ip/ddr4/rtl/controller/ddr4_v2_2_mc_group.sv:970]
INFO: [Synth 8-4471] merging register 'bgr[1].u_ddr_mc_group/cmd_l_rank_cas_reg[0:0]' into 'bgr[0].u_ddr_mc_group/cmd_l_rank_cas_reg[0:0]' [/scratch2/nsalamini/github_new_new/cheshire/target/xilinx/build/vcu118.ddr4/ddr4.gen/sources_1/ip/ddr4/rtl/controller/ddr4_v2_2_mc_group.sv:884]
INFO: [Synth 8-4471] merging register 'bgr[2].u_ddr_mc_group/ref_req_dly1_reg' into 'bgr[0].u_ddr_mc_group/ref_req_dly1_reg' [/scratch2/nsalamini/github_new_new/cheshire/target/xilinx/build/vcu118.ddr4/ddr4.gen/sources_1/ip/ddr4/rtl/controller/ddr4_v2_2_mc_group.sv:967]
INFO: [Synth 8-4471] merging register 'bgr[2].u_ddr_mc_group/ref_req_dly2_reg' into 'bgr[0].u_ddr_mc_group/ref_req_dly2_reg' [/scratch2/nsalamini/github_new_new/cheshire/target/xilinx/build/vcu118.ddr4/ddr4.gen/sources_1/ip/ddr4/rtl/controller/ddr4_v2_2_mc_group.sv:968]
INFO: [Synth 8-4471] merging register 'bgr[2].u_ddr_mc_group/ref_req_dly3_reg' into 'bgr[0].u_ddr_mc_group/ref_req_dly3_reg' [/scratch2/nsalamini/github_new_new/cheshire/target/xilinx/build/vcu118.ddr4/ddr4.gen/sources_1/ip/ddr4/rtl/controller/ddr4_v2_2_mc_group.sv:969]
INFO: [Synth 8-4471] merging register 'bgr[2].u_ddr_mc_group/ref_req_dly4_reg' into 'bgr[0].u_ddr_mc_group/ref_req_dly4_reg' [/scratch2/nsalamini/github_new_new/cheshire/target/xilinx/build/vcu118.ddr4/ddr4.gen/sources_1/ip/ddr4/rtl/controller/ddr4_v2_2_mc_group.sv:970]
INFO: [Synth 8-4471] merging register 'bgr[2].u_ddr_mc_group/cmd_l_rank_cas_reg[0:0]' into 'bgr[0].u_ddr_mc_group/cmd_l_rank_cas_reg[0:0]' [/scratch2/nsalamini/github_new_new/cheshire/target/xilinx/build/vcu118.ddr4/ddr4.gen/sources_1/ip/ddr4/rtl/controller/ddr4_v2_2_mc_group.sv:884]
INFO: [Synth 8-4471] merging register 'bgr[3].u_ddr_mc_group/ref_req_dly1_reg' into 'bgr[0].u_ddr_mc_group/ref_req_dly1_reg' [/scratch2/nsalamini/github_new_new/cheshire/target/xilinx/build/vcu118.ddr4/ddr4.gen/sources_1/ip/ddr4/rtl/controller/ddr4_v2_2_mc_group.sv:967]
INFO: [Synth 8-4471] merging register 'bgr[3].u_ddr_mc_group/ref_req_dly2_reg' into 'bgr[0].u_ddr_mc_group/ref_req_dly2_reg' [/scratch2/nsalamini/github_new_new/cheshire/target/xilinx/build/vcu118.ddr4/ddr4.gen/sources_1/ip/ddr4/rtl/controller/ddr4_v2_2_mc_group.sv:968]
INFO: [Synth 8-4471] merging register 'bgr[3].u_ddr_mc_group/ref_req_dly3_reg' into 'bgr[0].u_ddr_mc_group/ref_req_dly3_reg' [/scratch2/nsalamini/github_new_new/cheshire/target/xilinx/build/vcu118.ddr4/ddr4.gen/sources_1/ip/ddr4/rtl/controller/ddr4_v2_2_mc_group.sv:969]
INFO: [Synth 8-4471] merging register 'bgr[3].u_ddr_mc_group/ref_req_dly4_reg' into 'bgr[0].u_ddr_mc_group/ref_req_dly4_reg' [/scratch2/nsalamini/github_new_new/cheshire/target/xilinx/build/vcu118.ddr4/ddr4.gen/sources_1/ip/ddr4/rtl/controller/ddr4_v2_2_mc_group.sv:970]
INFO: [Synth 8-4471] merging register 'bgr[3].u_ddr_mc_group/cmd_l_rank_cas_reg[0:0]' into 'bgr[0].u_ddr_mc_group/cmd_l_rank_cas_reg[0:0]' [/scratch2/nsalamini/github_new_new/cheshire/target/xilinx/build/vcu118.ddr4/ddr4.gen/sources_1/ip/ddr4/rtl/controller/ddr4_v2_2_mc_group.sv:884]
WARNING: [Synth 8-3917] design ddr4_v2_2_16_mc__GB0 has port O4[3] driven by constant 0
WARNING: [Synth 8-3917] design ddr4_v2_2_16_mc__GB0 has port O4[2] driven by constant 0
WARNING: [Synth 8-3917] design ddr4_v2_2_16_mc__GB0 has port O4[1] driven by constant 0
WARNING: [Synth 8-3917] design ddr4_v2_2_16_mc__GB0 has port O4[0] driven by constant 0
WARNING: [Synth 8-3917] design ddr4_v2_2_16_mc__GB0 has port ecc_err_addr[51] driven by constant 0
WARNING: [Synth 8-3917] design ddr4_v2_2_16_mc__GB0 has port ecc_err_addr[50] driven by constant 0
WARNING: [Synth 8-3917] design ddr4_v2_2_16_mc__GB0 has port ecc_err_addr[49] driven by constant 0
WARNING: [Synth 8-3917] design ddr4_v2_2_16_mc__GB0 has port ecc_err_addr[48] driven by constant 0
WARNING: [Synth 8-3917] design ddr4_v2_2_16_mc__GB0 has port ecc_err_addr[47] driven by constant 0
WARNING: [Synth 8-3917] design ddr4_v2_2_16_mc__GB0 has port ecc_err_addr[46] driven by constant 0
WARNING: [Synth 8-3917] design ddr4_v2_2_16_mc__GB0 has port ecc_err_addr[45] driven by constant 0
WARNING: [Synth 8-3917] design ddr4_v2_2_16_mc__GB0 has port ecc_err_addr[44] driven by constant 0
WARNING: [Synth 8-3917] design ddr4_v2_2_16_mc__GB0 has port ecc_err_addr[43] driven by constant 0
WARNING: [Synth 8-3917] design ddr4_v2_2_16_mc__GB0 has port ecc_err_addr[42] driven by constant 0
WARNING: [Synth 8-3917] design ddr4_v2_2_16_mc__GB0 has port ecc_err_addr[41] driven by constant 0
WARNING: [Synth 8-3917] design ddr4_v2_2_16_mc__GB0 has port ecc_err_addr[40] driven by constant 0
WARNING: [Synth 8-3917] design ddr4_v2_2_16_mc__GB0 has port ecc_err_addr[39] driven by constant 0
WARNING: [Synth 8-3917] design ddr4_v2_2_16_mc__GB0 has port ecc_err_addr[38] driven by constant 0
WARNING: [Synth 8-3917] design ddr4_v2_2_16_mc__GB0 has port ecc_err_addr[37] driven by constant 0
WARNING: [Synth 8-3917] design ddr4_v2_2_16_mc__GB0 has port ecc_err_addr[36] driven by constant 0
WARNING: [Synth 8-3917] design ddr4_v2_2_16_mc__GB0 has port ecc_err_addr[35] driven by constant 0
WARNING: [Synth 8-3917] design ddr4_v2_2_16_mc__GB0 has port ecc_err_addr[34] driven by constant 0
WARNING: [Synth 8-3917] design ddr4_v2_2_16_mc__GB0 has port ecc_err_addr[33] driven by constant 0
WARNING: [Synth 8-3917] design ddr4_v2_2_16_mc__GB0 has port ecc_err_addr[32] driven by constant 0
WARNING: [Synth 8-3917] design ddr4_v2_2_16_mc__GB0 has port ecc_err_addr[31] driven by constant 0
WARNING: [Synth 8-3917] design ddr4_v2_2_16_mc__GB0 has port ecc_err_addr[30] driven by constant 0
WARNING: [Synth 8-3917] design ddr4_v2_2_16_mc__GB0 has port ecc_err_addr[29] driven by constant 0
WARNING: [Synth 8-3917] design ddr4_v2_2_16_mc__GB0 has port ecc_err_addr[28] driven by constant 0
WARNING: [Synth 8-3917] design ddr4_v2_2_16_mc__GB0 has port ecc_err_addr[27] driven by constant 0
WARNING: [Synth 8-3917] design ddr4_v2_2_16_mc__GB0 has port ecc_err_addr[26] driven by constant 0
WARNING: [Synth 8-3917] design ddr4_v2_2_16_mc__GB0 has port ecc_err_addr[25] driven by constant 0
WARNING: [Synth 8-3917] design ddr4_v2_2_16_mc__GB0 has port ecc_err_addr[24] driven by constant 0
WARNING: [Synth 8-3917] design ddr4_v2_2_16_mc__GB0 has port ecc_err_addr[23] driven by constant 0
WARNING: [Synth 8-3917] design ddr4_v2_2_16_mc__GB0 has port ecc_err_addr[22] driven by constant 0
WARNING: [Synth 8-3917] design ddr4_v2_2_16_mc__GB0 has port ecc_err_addr[21] driven by constant 0
WARNING: [Synth 8-3917] design ddr4_v2_2_16_mc__GB0 has port ecc_err_addr[20] driven by constant 0
WARNING: [Synth 8-3917] design ddr4_v2_2_16_mc__GB0 has port ecc_err_addr[19] driven by constant 0
WARNING: [Synth 8-3917] design ddr4_v2_2_16_mc__GB0 has port ecc_err_addr[18] driven by constant 0
WARNING: [Synth 8-3917] design ddr4_v2_2_16_mc__GB0 has port ecc_err_addr[17] driven by constant 0
WARNING: [Synth 8-3917] design ddr4_v2_2_16_mc__GB0 has port ecc_err_addr[16] driven by constant 0
WARNING: [Synth 8-3917] design ddr4_v2_2_16_mc__GB0 has port ecc_err_addr[15] driven by constant 0
WARNING: [Synth 8-3917] design ddr4_v2_2_16_mc__GB0 has port ecc_err_addr[14] driven by constant 0
WARNING: [Synth 8-3917] design ddr4_v2_2_16_mc__GB0 has port ecc_err_addr[13] driven by constant 0
WARNING: [Synth 8-3917] design ddr4_v2_2_16_mc__GB0 has port ecc_err_addr[12] driven by constant 0
WARNING: [Synth 8-3917] design ddr4_v2_2_16_mc__GB0 has port ecc_err_addr[11] driven by constant 0
WARNING: [Synth 8-3917] design ddr4_v2_2_16_mc__GB0 has port ecc_err_addr[10] driven by constant 0
WARNING: [Synth 8-3917] design ddr4_v2_2_16_mc__GB0 has port ecc_err_addr[9] driven by constant 0
WARNING: [Synth 8-3917] design ddr4_v2_2_16_mc__GB0 has port ecc_err_addr[8] driven by constant 0
WARNING: [Synth 8-3917] design ddr4_v2_2_16_mc__GB0 has port ecc_err_addr[7] driven by constant 0
WARNING: [Synth 8-3917] design ddr4_v2_2_16_mc__GB0 has port ecc_err_addr[6] driven by constant 0
WARNING: [Synth 8-3917] design ddr4_v2_2_16_mc__GB0 has port ecc_err_addr[5] driven by constant 0
WARNING: [Synth 8-3917] design ddr4_v2_2_16_mc__GB0 has port ecc_err_addr[4] driven by constant 0
WARNING: [Synth 8-3917] design ddr4_v2_2_16_mc__GB0 has port ecc_err_addr[3] driven by constant 0
WARNING: [Synth 8-3917] design ddr4_v2_2_16_mc__GB0 has port ecc_err_addr[2] driven by constant 0
WARNING: [Synth 8-3917] design ddr4_v2_2_16_mc__GB0 has port ecc_err_addr[1] driven by constant 0
WARNING: [Synth 8-3917] design ddr4_v2_2_16_mc__GB0 has port ecc_err_addr[0] driven by constant 0
WARNING: [Synth 8-3917] design ddr4_v2_2_16_mc__GB0 has port eccSingle[7] driven by constant 0
WARNING: [Synth 8-3917] design ddr4_v2_2_16_mc__GB0 has port eccSingle[6] driven by constant 0
WARNING: [Synth 8-3917] design ddr4_v2_2_16_mc__GB0 has port eccSingle[5] driven by constant 0
WARNING: [Synth 8-3917] design ddr4_v2_2_16_mc__GB0 has port eccSingle[4] driven by constant 0
WARNING: [Synth 8-3917] design ddr4_v2_2_16_mc__GB0 has port eccSingle[3] driven by constant 0
WARNING: [Synth 8-3917] design ddr4_v2_2_16_mc__GB0 has port eccSingle[2] driven by constant 0
WARNING: [Synth 8-3917] design ddr4_v2_2_16_mc__GB0 has port eccSingle[1] driven by constant 0
WARNING: [Synth 8-3917] design ddr4_v2_2_16_mc__GB0 has port eccSingle[0] driven by constant 0
WARNING: [Synth 8-3917] design ddr4_v2_2_16_mc__GB0 has port eccMultiple[7] driven by constant 0
WARNING: [Synth 8-3917] design ddr4_v2_2_16_mc__GB0 has port eccMultiple[6] driven by constant 0
WARNING: [Synth 8-3917] design ddr4_v2_2_16_mc__GB0 has port eccMultiple[5] driven by constant 0
WARNING: [Synth 8-3917] design ddr4_v2_2_16_mc__GB0 has port eccMultiple[4] driven by constant 0
WARNING: [Synth 8-3917] design ddr4_v2_2_16_mc__GB0 has port eccMultiple[3] driven by constant 0
WARNING: [Synth 8-3917] design ddr4_v2_2_16_mc__GB0 has port eccMultiple[2] driven by constant 0
WARNING: [Synth 8-3917] design ddr4_v2_2_16_mc__GB0 has port eccMultiple[1] driven by constant 0
WARNING: [Synth 8-3917] design ddr4_v2_2_16_mc__GB0 has port eccMultiple[0] driven by constant 0
INFO: [Synth 8-3886] merging instance 'u_ddr_mc_ctl/u_ddr_mc_odt/odt_shift_reg[0][7]' (FDR) to 'u_ddr_mc_ctl/u_ddr_mc_odt/odt_shift_reg[0][4]'
INFO: [Synth 8-3886] merging instance 'u_ddr_mc_ctl/u_ddr_mc_odt/odt_shift_reg[0][6]' (FDR) to 'u_ddr_mc_ctl/u_ddr_mc_odt/odt_shift_reg[0][4]'
INFO: [Synth 8-3886] merging instance 'u_ddr_mc_ctl/u_ddr_mc_odt/odt_shift_reg[0][5]' (FDR) to 'u_ddr_mc_ctl/u_ddr_mc_odt/odt_shift_reg[0][4]'
INFO: [Synth 8-3886] merging instance 'u_ddr_mc_ctl/u_ddr_mc_odt/odt_shift_reg[0][3]' (FDR) to 'u_ddr_mc_ctl/u_ddr_mc_odt/odt_shift_reg[0][0]'
INFO: [Synth 8-3886] merging instance 'u_ddr_mc_ctl/u_ddr_mc_odt/odt_shift_reg[0][2]' (FDR) to 'u_ddr_mc_ctl/u_ddr_mc_odt/odt_shift_reg[0][0]'
INFO: [Synth 8-3886] merging instance 'u_ddr_mc_ctl/u_ddr_mc_odt/odt_shift_reg[0][1]' (FDR) to 'u_ddr_mc_ctl/u_ddr_mc_odt/odt_shift_reg[0][0]'
INFO: [Synth 8-3333] propagating constant 0 across sequential element (u_ddr_mc_ctl/\u_ddr_mc_odt/odt_shift_reg[0][0] )
INFO: [Synth 8-3886] merging instance 'bgr[3].u_ddr_mc_group/periodic_read_address_reg[47]' (FDRE) to 'bgr[3].u_ddr_mc_group/periodic_read_address_reg[45]'
INFO: [Synth 8-3886] merging instance 'bgr[2].u_ddr_mc_group/periodic_read_address_reg[47]' (FDRE) to 'bgr[2].u_ddr_mc_group/periodic_read_address_reg[45]'
INFO: [Synth 8-3886] merging instance 'bgr[1].u_ddr_mc_group/periodic_read_address_reg[47]' (FDRE) to 'bgr[1].u_ddr_mc_group/periodic_read_address_reg[45]'
INFO: [Synth 8-3886] merging instance 'bgr[0].u_ddr_mc_group/periodic_read_address_reg[47]' (FDRE) to 'bgr[0].u_ddr_mc_group/periodic_read_address_reg[45]'
INFO: [Synth 8-3886] merging instance 'bgr[3].u_ddr_mc_group/periodic_read_address_reg[48]' (FDSE) to 'bgr[3].u_ddr_mc_group/periodic_read_address_reg[44]'
INFO: [Synth 8-3886] merging instance 'bgr[2].u_ddr_mc_group/periodic_read_address_reg[48]' (FDSE) to 'bgr[2].u_ddr_mc_group/periodic_read_address_reg[44]'
INFO: [Synth 8-3886] merging instance 'bgr[1].u_ddr_mc_group/periodic_read_address_reg[48]' (FDSE) to 'bgr[1].u_ddr_mc_group/periodic_read_address_reg[44]'
INFO: [Synth 8-3886] merging instance 'bgr[0].u_ddr_mc_group/periodic_read_address_reg[48]' (FDSE) to 'bgr[0].u_ddr_mc_group/periodic_read_address_reg[44]'
INFO: [Synth 8-3886] merging instance 'bgr[0].u_ddr_mc_group/periodic_read_address_reg[45]' (FDRE) to 'bgr[0].u_ddr_mc_group/periodic_read_address_reg[46]'
INFO: [Synth 8-3333] propagating constant 0 across sequential element (\bgr[0].u_ddr_mc_group/periodic_read_address_reg[46] )
INFO: [Synth 8-3886] merging instance 'bgr[1].u_ddr_mc_group/periodic_read_address_reg[45]' (FDRE) to 'bgr[1].u_ddr_mc_group/periodic_read_address_reg[46]'
INFO: [Synth 8-3333] propagating constant 0 across sequential element (\bgr[1].u_ddr_mc_group/periodic_read_address_reg[46] )
INFO: [Synth 8-3886] merging instance 'bgr[2].u_ddr_mc_group/periodic_read_address_reg[45]' (FDRE) to 'bgr[2].u_ddr_mc_group/periodic_read_address_reg[46]'
INFO: [Synth 8-3333] propagating constant 0 across sequential element (\bgr[2].u_ddr_mc_group/periodic_read_address_reg[46] )
INFO: [Synth 8-3886] merging instance 'bgr[3].u_ddr_mc_group/periodic_read_address_reg[45]' (FDRE) to 'bgr[3].u_ddr_mc_group/periodic_read_address_reg[46]'
INFO: [Synth 8-3333] propagating constant 0 across sequential element (\bgr[3].u_ddr_mc_group/periodic_read_address_reg[46] )
INFO: [Synth 8-3333] propagating constant 0 across sequential element (u_ddr_mc_ref/\int_refLRank_reg[0] )
INFO: [Synth 8-3886] merging instance 'u_ddr_mc_ref/mcCKc_reg[0]' (FD) to 'u_ddr_mc_ref/mcCKt_reg[7]'
INFO: [Synth 8-3886] merging instance 'u_ddr_mc_ref/mcCKc_reg[1]' (FD) to 'u_ddr_mc_ref/mcCKt_reg[6]'
INFO: [Synth 8-3886] merging instance 'u_ddr_mc_ref/mcCKc_reg[2]' (FD) to 'u_ddr_mc_ref/mcCKt_reg[7]'
INFO: [Synth 8-3886] merging instance 'u_ddr_mc_ref/mcCKc_reg[3]' (FD) to 'u_ddr_mc_ref/mcCKt_reg[6]'
INFO: [Synth 8-3886] merging instance 'u_ddr_mc_ref/mcCKc_reg[4]' (FD) to 'u_ddr_mc_ref/mcCKt_reg[7]'
INFO: [Synth 8-3886] merging instance 'u_ddr_mc_ref/mcCKc_reg[5]' (FD) to 'u_ddr_mc_ref/mcCKt_reg[6]'
INFO: [Synth 8-3886] merging instance 'u_ddr_mc_ref/mcCKc_reg[6]' (FD) to 'u_ddr_mc_ref/mcCKt_reg[7]'
INFO: [Synth 8-3886] merging instance 'u_ddr_mc_ref/mcCKc_reg[7]' (FD) to 'u_ddr_mc_ref/mcCKt_reg[6]'
INFO: [Synth 8-3886] merging instance 'u_ddr_mc_ref/mcCKt_reg[0]' (FD) to 'u_ddr_mc_ref/mcCKt_reg[6]'
INFO: [Synth 8-3886] merging instance 'u_ddr_mc_ref/mcCKt_reg[1]' (FD) to 'u_ddr_mc_ref/mcCKt_reg[7]'
INFO: [Synth 8-3886] merging instance 'u_ddr_mc_ref/mcCKt_reg[2]' (FD) to 'u_ddr_mc_ref/mcCKt_reg[6]'
INFO: [Synth 8-3886] merging instance 'u_ddr_mc_ref/mcCKt_reg[3]' (FD) to 'u_ddr_mc_ref/mcCKt_reg[7]'
INFO: [Synth 8-3886] merging instance 'u_ddr_mc_ref/mcCKt_reg[4]' (FD) to 'u_ddr_mc_ref/mcCKt_reg[6]'
INFO: [Synth 8-3886] merging instance 'u_ddr_mc_ref/mcCKt_reg[5]' (FD) to 'u_ddr_mc_ref/mcCKt_reg[7]'
INFO: [Synth 8-3333] propagating constant 1 across sequential element (u_ddr_mc_ref/\mcCKt_reg[6] )
INFO: [Synth 8-3333] propagating constant 0 across sequential element (u_ddr_mc_ref/\mcCKt_reg[7] )
INFO: [Synth 8-3333] propagating constant 0 across sequential element (\bgr[0].u_ddr_mc_group/cmdLRankP_reg[0] )
INFO: [Synth 8-3333] propagating constant 0 across sequential element (\bgr[1].u_ddr_mc_group/cmdLRankP_reg[0] )
INFO: [Synth 8-3333] propagating constant 0 across sequential element (\bgr[2].u_ddr_mc_group/cmdLRankP_reg[0] )
INFO: [Synth 8-3333] propagating constant 0 across sequential element (\bgr[3].u_ddr_mc_group/cmdLRankP_reg[0] )
INFO: [Synth 8-3333] propagating constant 0 across sequential element (\bgr[0].u_ddr_mc_group/cmd_l_rank_cas_reg[0] )
INFO: [Synth 8-3886] merging instance 'u_ddr_mc_ctl/u_ddr_mc_odt/odt_shift_reg[0][15]' (FDR) to 'u_ddr_mc_ctl/u_ddr_mc_odt/odt_shift_reg[0][12]'
INFO: [Synth 8-3886] merging instance 'u_ddr_mc_ctl/u_ddr_mc_odt/odt_shift_reg[0][14]' (FDR) to 'u_ddr_mc_ctl/u_ddr_mc_odt/odt_shift_reg[0][12]'
INFO: [Synth 8-3886] merging instance 'u_ddr_mc_ctl/u_ddr_mc_odt/odt_shift_reg[0][13]' (FDR) to 'u_ddr_mc_ctl/u_ddr_mc_odt/odt_shift_reg[0][12]'
INFO: [Synth 8-3886] merging instance 'u_ddr_mc_ctl/u_ddr_mc_odt/odt_shift_reg[0][11]' (FDR) to 'u_ddr_mc_ctl/u_ddr_mc_odt/odt_shift_reg[0][8]'
INFO: [Synth 8-3886] merging instance 'u_ddr_mc_ctl/u_ddr_mc_odt/odt_shift_reg[0][10]' (FDR) to 'u_ddr_mc_ctl/u_ddr_mc_odt/odt_shift_reg[0][8]'
INFO: [Synth 8-3886] merging instance 'u_ddr_mc_ctl/u_ddr_mc_odt/odt_shift_reg[0][9]' (FDR) to 'u_ddr_mc_ctl/u_ddr_mc_odt/odt_shift_reg[0][8]'
INFO: [Synth 8-3886] merging instance 'u_ddr_mc_ctl/u_ddr_mc_odt/odt_shift_reg[0][23]' (FDR) to 'u_ddr_mc_ctl/u_ddr_mc_odt/odt_shift_reg[0][20]'
INFO: [Synth 8-3886] merging instance 'u_ddr_mc_ctl/u_ddr_mc_odt/odt_shift_reg[0][22]' (FDR) to 'u_ddr_mc_ctl/u_ddr_mc_odt/odt_shift_reg[0][20]'
INFO: [Synth 8-3886] merging instance 'u_ddr_mc_ctl/u_ddr_mc_odt/odt_shift_reg[0][21]' (FDR) to 'u_ddr_mc_ctl/u_ddr_mc_odt/odt_shift_reg[0][20]'
INFO: [Synth 8-3886] merging instance 'u_ddr_mc_ctl/u_ddr_mc_odt/odt_shift_reg[0][19]' (FDR) to 'u_ddr_mc_ctl/u_ddr_mc_odt/odt_shift_reg[0][16]'
INFO: [Synth 8-3886] merging instance 'u_ddr_mc_ctl/u_ddr_mc_odt/odt_shift_reg[0][18]' (FDR) to 'u_ddr_mc_ctl/u_ddr_mc_odt/odt_shift_reg[0][16]'
INFO: [Synth 8-3886] merging instance 'u_ddr_mc_ctl/u_ddr_mc_odt/odt_shift_reg[0][17]' (FDR) to 'u_ddr_mc_ctl/u_ddr_mc_odt/odt_shift_reg[0][16]'
INFO: [Synth 8-3886] merging instance 'bgr[0].u_ddr_mc_group/ref_req_dly1_reg' (FD) to 'bgr[1].u_ddr_mc_group/periodic_read_or_ref_block_reg'
INFO: [Synth 8-3333] propagating constant 0 across sequential element (\bgr[1].u_ddr_mc_group/periodic_read_block_dly1_reg )
INFO: [Synth 8-3333] propagating constant 0 across sequential element (\bgr[2].u_ddr_mc_group/periodic_read_block_dly1_reg )
INFO: [Synth 8-3333] propagating constant 0 across sequential element (\bgr[3].u_ddr_mc_group/periodic_read_block_dly1_reg )
INFO: [Synth 8-3886] merging instance 'bgr[1].u_ddr_mc_group/periodic_read_or_ref_block_reg' (FD) to 'bgr[2].u_ddr_mc_group/periodic_read_or_ref_block_reg'
INFO: [Synth 8-3886] merging instance 'bgr[2].u_ddr_mc_group/periodic_read_or_ref_block_reg' (FD) to 'bgr[3].u_ddr_mc_group/periodic_read_or_ref_block_reg'
INFO: [Synth 8-3333] propagating constant 0 across sequential element (\bgr[1].u_ddr_mc_group/periodic_read_block_dly2_reg )
INFO: [Synth 8-3333] propagating constant 0 across sequential element (\bgr[2].u_ddr_mc_group/periodic_read_block_dly2_reg )
INFO: [Synth 8-3333] propagating constant 0 across sequential element (\bgr[3].u_ddr_mc_group/periodic_read_block_dly2_reg )
INFO: [Synth 8-3333] propagating constant 0 across sequential element (\bgr[1].u_ddr_mc_group/periodic_read_block_dly3_reg )
INFO: [Synth 8-3333] propagating constant 0 across sequential element (\bgr[2].u_ddr_mc_group/periodic_read_block_dly3_reg )
INFO: [Synth 8-3333] propagating constant 0 across sequential element (\bgr[3].u_ddr_mc_group/periodic_read_block_dly3_reg )
INFO: [Synth 8-3333] propagating constant 0 across sequential element (\bgr[3].u_ddr_mc_group/txn_fifo_output_reg[48] )
INFO: [Synth 8-3333] propagating constant 0 across sequential element (\bgr[2].u_ddr_mc_group/txn_fifo_output_reg[48] )
INFO: [Synth 8-3333] propagating constant 0 across sequential element (\bgr[1].u_ddr_mc_group/txn_fifo_output_reg[48] )
INFO: [Synth 8-3333] propagating constant 0 across sequential element (\bgr[1].u_ddr_mc_group/periodic_read_push_safe_reg )
INFO: [Synth 8-3333] propagating constant 0 across sequential element (\bgr[1].u_ddr_mc_group/select_periodic_read_reg )
INFO: [Synth 8-3333] propagating constant 0 across sequential element (\bgr[2].u_ddr_mc_group/periodic_read_push_safe_reg )
INFO: [Synth 8-3333] propagating constant 0 across sequential element (\bgr[2].u_ddr_mc_group/select_periodic_read_reg )
INFO: [Synth 8-3333] propagating constant 0 across sequential element (\bgr[3].u_ddr_mc_group/periodic_read_push_safe_reg )
INFO: [Synth 8-3333] propagating constant 0 across sequential element (\bgr[3].u_ddr_mc_group/select_periodic_read_reg )
INFO: [Synth 8-3333] propagating constant 0 across sequential element (\bgr[3].u_ddr_mc_group/txn_fifo_output_reg[3] )
INFO: [Synth 8-3333] propagating constant 0 across sequential element (\bgr[2].u_ddr_mc_group/txn_fifo_output_reg[3] )
INFO: [Synth 8-3333] propagating constant 0 across sequential element (\bgr[1].u_ddr_mc_group/txn_fifo_output_reg[3] )
INFO: [Synth 8-3886] merging instance 'bgr[3].u_ddr_mc_group/cas_pend_fifo_reg[3][48]' (FDE) to 'bgr[3].u_ddr_mc_group/cas_pend_fifo_reg[3][3]'
INFO: [Synth 8-3886] merging instance 'bgr[3].u_ddr_mc_group/cas_pend_fifo_reg[2][48]' (FDE) to 'bgr[3].u_ddr_mc_group/cas_pend_fifo_reg[2][3]'
INFO: [Synth 8-3886] merging instance 'bgr[3].u_ddr_mc_group/cas_pend_fifo_reg[1][48]' (FDE) to 'bgr[3].u_ddr_mc_group/cas_pend_fifo_reg[1][3]'
INFO: [Synth 8-3886] merging instance 'bgr[3].u_ddr_mc_group/cas_pend_fifo_reg[0][48]' (FDE) to 'bgr[3].u_ddr_mc_group/cas_pend_fifo_reg[0][3]'
INFO: [Synth 8-3886] merging instance 'bgr[2].u_ddr_mc_group/cas_pend_fifo_reg[3][48]' (FDE) to 'bgr[2].u_ddr_mc_group/cas_pend_fifo_reg[3][3]'
INFO: [Synth 8-3886] merging instance 'bgr[2].u_ddr_mc_group/cas_pend_fifo_reg[2][48]' (FDE) to 'bgr[2].u_ddr_mc_group/cas_pend_fifo_reg[2][3]'
INFO: [Synth 8-3886] merging instance 'bgr[2].u_ddr_mc_group/cas_pend_fifo_reg[1][48]' (FDE) to 'bgr[2].u_ddr_mc_group/cas_pend_fifo_reg[1][3]'
INFO: [Synth 8-3886] merging instance 'bgr[2].u_ddr_mc_group/cas_pend_fifo_reg[0][48]' (FDE) to 'bgr[2].u_ddr_mc_group/cas_pend_fifo_reg[0][3]'
INFO: [Synth 8-3886] merging instance 'bgr[1].u_ddr_mc_group/cas_pend_fifo_reg[3][48]' (FDE) to 'bgr[1].u_ddr_mc_group/cas_pend_fifo_reg[3][3]'
INFO: [Synth 8-3886] merging instance 'bgr[1].u_ddr_mc_group/cas_pend_fifo_reg[2][48]' (FDE) to 'bgr[1].u_ddr_mc_group/cas_pend_fifo_reg[2][3]'
INFO: [Synth 8-3886] merging instance 'bgr[1].u_ddr_mc_group/cas_pend_fifo_reg[1][48]' (FDE) to 'bgr[1].u_ddr_mc_group/cas_pend_fifo_reg[1][3]'
INFO: [Synth 8-3886] merging instance 'bgr[1].u_ddr_mc_group/cas_pend_fifo_reg[0][48]' (FDE) to 'bgr[1].u_ddr_mc_group/cas_pend_fifo_reg[0][3]'
INFO: [Synth 8-3333] propagating constant 0 across sequential element (\bgr[1].u_ddr_mc_group/cas_pend_fifo_reg[3][3] )
INFO: [Synth 8-3333] propagating constant 0 across sequential element (\bgr[1].u_ddr_mc_group/cas_pend_fifo_reg[2][3] )
INFO: [Synth 8-3333] propagating constant 0 across sequential element (\bgr[1].u_ddr_mc_group/cas_pend_fifo_reg[1][3] )
INFO: [Synth 8-3333] propagating constant 0 across sequential element (\bgr[1].u_ddr_mc_group/cas_pend_fifo_reg[0][3] )
INFO: [Synth 8-3333] propagating constant 0 across sequential element (\bgr[2].u_ddr_mc_group/cas_pend_fifo_reg[3][3] )
INFO: [Synth 8-3333] propagating constant 0 across sequential element (\bgr[2].u_ddr_mc_group/cas_pend_fifo_reg[2][3] )
INFO: [Synth 8-3333] propagating constant 0 across sequential element (\bgr[2].u_ddr_mc_group/cas_pend_fifo_reg[1][3] )
INFO: [Synth 8-3333] propagating constant 0 across sequential element (\bgr[2].u_ddr_mc_group/cas_pend_fifo_reg[0][3] )
INFO: [Synth 8-3333] propagating constant 0 across sequential element (\bgr[3].u_ddr_mc_group/cas_pend_fifo_reg[3][3] )
INFO: [Synth 8-3333] propagating constant 0 across sequential element (\bgr[3].u_ddr_mc_group/cas_pend_fifo_reg[2][3] )
INFO: [Synth 8-3333] propagating constant 0 across sequential element (\bgr[3].u_ddr_mc_group/cas_pend_fifo_reg[1][3] )
INFO: [Synth 8-3333] propagating constant 0 across sequential element (\bgr[3].u_ddr_mc_group/cas_pend_fifo_reg[0][3] )
INFO: [Synth 8-4471] merging register 'wtrs[1].u_ddr_mc_wtr/casSlot2_dly_reg' into 'wtrs[0].u_ddr_mc_wtr/casSlot2_dly_reg' [/scratch2/nsalamini/github_new_new/cheshire/target/xilinx/build/vcu118.ddr4/ddr4.gen/sources_1/ip/ddr4/rtl/controller/ddr4_v2_2_mc_wtr.sv:110]
INFO: [Synth 8-4471] merging register 'wtrs[2].u_ddr_mc_wtr/casSlot2_dly_reg' into 'wtrs[0].u_ddr_mc_wtr/casSlot2_dly_reg' [/scratch2/nsalamini/github_new_new/cheshire/target/xilinx/build/vcu118.ddr4/ddr4.gen/sources_1/ip/ddr4/rtl/controller/ddr4_v2_2_mc_wtr.sv:110]
INFO: [Synth 8-4471] merging register 'wtrs[3].u_ddr_mc_wtr/casSlot2_dly_reg' into 'wtrs[0].u_ddr_mc_wtr/casSlot2_dly_reg' [/scratch2/nsalamini/github_new_new/cheshire/target/xilinx/build/vcu118.ddr4/ddr4.gen/sources_1/ip/ddr4/rtl/controller/ddr4_v2_2_mc_wtr.sv:110]
INFO: [Synth 8-4471] merging register 'u_ddr_mc_periodic/periodic_config_read_enable_reg' into 'u_ddr_mc_periodic/periodic_config_gap_enable_reg' [/scratch2/nsalamini/github_new_new/cheshire/target/xilinx/build/vcu118.ddr4/ddr4.gen/sources_1/ip/ddr4/rtl/controller/ddr4_v2_2_mc_periodic.sv:235]
WARNING: [Synth 8-3917] design ddr4_v2_2_16_mc__GB1 has port win_l_rank_cas[0] driven by constant 0
WARNING: [Synth 8-3917] design ddr4_v2_2_16_mc__GB1 has port readMode driven by constant 0
INFO: [Synth 8-3333] propagating constant 0 across sequential element (\u_ddr_mc_arb_c/rdSlot_reg )
INFO: [Synth 8-3333] propagating constant 0 across sequential element (\u_ddr_mc_act_timer/rr[0].u__ddr_mc_act_rank/rrdS_reg[0][0] )
INFO: [Synth 8-3333] propagating constant 0 across sequential element (\u_ddr_mc_act_timer/rr[0].u__ddr_mc_act_rank/rrdL_reg[0][0] )
INFO: [Synth 8-3333] propagating constant 0 across sequential element (\u_ddr_mc_act_timer/rr[0].u__ddr_mc_act_rank/rrdS_reg[1][0] )
INFO: [Synth 8-3333] propagating constant 0 across sequential element (\u_ddr_mc_act_timer/rr[0].u__ddr_mc_act_rank/rrdL_reg[1][0] )
INFO: [Synth 8-3333] propagating constant 0 across sequential element (\u_ddr_mc_act_timer/rr[3].u__ddr_mc_act_rank/rrdS_reg[0][0] )
INFO: [Synth 8-3333] propagating constant 0 across sequential element (\u_ddr_mc_act_timer/rr[3].u__ddr_mc_act_rank/rrdL_reg[0][0] )
INFO: [Synth 8-3333] propagating constant 0 across sequential element (\u_ddr_mc_act_timer/rr[3].u__ddr_mc_act_rank/rrdS_reg[1][0] )
INFO: [Synth 8-3333] propagating constant 0 across sequential element (\u_ddr_mc_act_timer/rr[3].u__ddr_mc_act_rank/rrdL_reg[1][0] )
INFO: [Synth 8-3333] propagating constant 0 across sequential element (\u_ddr_mc_act_timer/rr[2].u__ddr_mc_act_rank/rrdS_reg[0][0] )
INFO: [Synth 8-3333] propagating constant 0 across sequential element (\u_ddr_mc_act_timer/rr[2].u__ddr_mc_act_rank/rrdL_reg[0][0] )
INFO: [Synth 8-3333] propagating constant 0 across sequential element (\u_ddr_mc_act_timer/rr[2].u__ddr_mc_act_rank/rrdS_reg[1][0] )
INFO: [Synth 8-3333] propagating constant 0 across sequential element (\u_ddr_mc_act_timer/rr[2].u__ddr_mc_act_rank/rrdL_reg[1][0] )
INFO: [Synth 8-3333] propagating constant 0 across sequential element (\u_ddr_mc_act_timer/rr[1].u__ddr_mc_act_rank/rrdS_reg[0][0] )
INFO: [Synth 8-3333] propagating constant 0 across sequential element (\u_ddr_mc_act_timer/rr[1].u__ddr_mc_act_rank/rrdL_reg[0][0] )
INFO: [Synth 8-3333] propagating constant 0 across sequential element (\u_ddr_mc_act_timer/rr[1].u__ddr_mc_act_rank/rrdS_reg[1][0] )
INFO: [Synth 8-3333] propagating constant 0 across sequential element (\u_ddr_mc_act_timer/rr[1].u__ddr_mc_act_rank/rrdL_reg[1][0] )
INFO: [Synth 8-3333] propagating constant 0 across sequential element (\u_ddr_mc_act_timer/rr[0].u__ddr_mc_act_rank/rrdS_reg[2][0] )
INFO: [Synth 8-3333] propagating constant 0 across sequential element (\u_ddr_mc_act_timer/rr[0].u__ddr_mc_act_rank/rrdL_reg[2][0] )
INFO: [Synth 8-3333] propagating constant 0 across sequential element (\u_ddr_mc_act_timer/rr[0].u__ddr_mc_act_rank/rrdS_reg[3][0] )
INFO: [Synth 8-3333] propagating constant 0 across sequential element (\u_ddr_mc_act_timer/rr[0].u__ddr_mc_act_rank/rrdL_reg[3][0] )
INFO: [Synth 8-3333] propagating constant 0 across sequential element (\u_ddr_mc_act_timer/rr[3].u__ddr_mc_act_rank/rrdS_reg[2][0] )
INFO: [Synth 8-3333] propagating constant 0 across sequential element (\u_ddr_mc_act_timer/rr[3].u__ddr_mc_act_rank/rrdL_reg[2][0] )
INFO: [Synth 8-3333] propagating constant 0 across sequential element (\u_ddr_mc_act_timer/rr[3].u__ddr_mc_act_rank/rrdS_reg[3][0] )
INFO: [Synth 8-3333] propagating constant 0 across sequential element (\u_ddr_mc_act_timer/rr[3].u__ddr_mc_act_rank/rrdL_reg[3][0] )
INFO: [Synth 8-3333] propagating constant 0 across sequential element (\u_ddr_mc_act_timer/rr[2].u__ddr_mc_act_rank/rrdS_reg[2][0] )
INFO: [Synth 8-3333] propagating constant 0 across sequential element (\u_ddr_mc_act_timer/rr[2].u__ddr_mc_act_rank/rrdL_reg[2][0] )
INFO: [Synth 8-3333] propagating constant 0 across sequential element (\u_ddr_mc_act_timer/rr[2].u__ddr_mc_act_rank/rrdS_reg[3][0] )
INFO: [Synth 8-3333] propagating constant 0 across sequential element (\u_ddr_mc_act_timer/rr[2].u__ddr_mc_act_rank/rrdL_reg[3][0] )
INFO: [Synth 8-3333] propagating constant 0 across sequential element (\u_ddr_mc_act_timer/rr[1].u__ddr_mc_act_rank/rrdS_reg[2][0] )
INFO: [Synth 8-3333] propagating constant 0 across sequential element (\u_ddr_mc_act_timer/rr[1].u__ddr_mc_act_rank/rrdL_reg[2][0] )
INFO: [Synth 8-3333] propagating constant 0 across sequential element (\u_ddr_mc_act_timer/rr[1].u__ddr_mc_act_rank/rrdS_reg[3][0] )
INFO: [Synth 8-3333] propagating constant 0 across sequential element (\u_ddr_mc_act_timer/rr[1].u__ddr_mc_act_rank/rrdL_reg[3][0] )
WARNING: [Synth 8-3936] Found unconnected internal register 'wr_cas_delay_line_ff_reg' and it is trimmed from '14' to '13' bits. [/scratch2/nsalamini/github_new_new/cheshire/target/xilinx/build/vcu118.ddr4/ddr4.gen/sources_1/ip/ddr4/rtl/cal/ddr4_v2_2_cal_cplx.sv:702]
INFO: [Synth 8-3886] merging instance 'u_ddr_cal_cplx/wr_cas_delay_line_ff_reg[0]' (FD) to 'u_ddr_cal_cplx/cplx_issue_cas_wr_reg'
INFO: [Synth 8-3886] merging instance 'u_ddr_cal_cplx/cplx_DMOut_n_reg[0]' (FDR) to 'u_ddr_cal_cplx/cplx_DMOut_n_reg[56]'
INFO: [Synth 8-3886] merging instance 'u_ddr_cal_cplx/cplx_DMOut_n_reg[1]' (FDR) to 'u_ddr_cal_cplx/cplx_DMOut_n_reg[57]'
INFO: [Synth 8-3886] merging instance 'u_ddr_cal_cplx/cplx_DMOut_n_reg[2]' (FDR) to 'u_ddr_cal_cplx/cplx_DMOut_n_reg[58]'
INFO: [Synth 8-3886] merging instance 'u_ddr_cal_cplx/cplx_DMOut_n_reg[3]' (FDR) to 'u_ddr_cal_cplx/cplx_DMOut_n_reg[59]'
INFO: [Synth 8-3886] merging instance 'u_ddr_cal_cplx/cplx_DMOut_n_reg[4]' (FDR) to 'u_ddr_cal_cplx/cplx_DMOut_n_reg[60]'
INFO: [Synth 8-3886] merging instance 'u_ddr_cal_cplx/cplx_DMOut_n_reg[5]' (FDR) to 'u_ddr_cal_cplx/cplx_DMOut_n_reg[61]'
INFO: [Synth 8-3886] merging instance 'u_ddr_cal_cplx/cplx_DMOut_n_reg[6]' (FDR) to 'u_ddr_cal_cplx/cplx_DMOut_n_reg[62]'
INFO: [Synth 8-3886] merging instance 'u_ddr_cal_cplx/cplx_DMOut_n_reg[7]' (FDR) to 'u_ddr_cal_cplx/cplx_DMOut_n_reg[63]'
INFO: [Synth 8-3886] merging instance 'u_ddr_cal_cplx/cplx_DMOut_n_reg[8]' (FDR) to 'u_ddr_cal_cplx/cplx_DMOut_n_reg[56]'
INFO: [Synth 8-3886] merging instance 'u_ddr_cal_cplx/cplx_DMOut_n_reg[9]' (FDR) to 'u_ddr_cal_cplx/cplx_DMOut_n_reg[57]'
INFO: [Synth 8-3886] merging instance 'u_ddr_cal_cplx/cplx_DMOut_n_reg[10]' (FDR) to 'u_ddr_cal_cplx/cplx_DMOut_n_reg[58]'
INFO: [Synth 8-3886] merging instance 'u_ddr_cal_cplx/cplx_DMOut_n_reg[11]' (FDR) to 'u_ddr_cal_cplx/cplx_DMOut_n_reg[59]'
INFO: [Synth 8-3886] merging instance 'u_ddr_cal_cplx/cplx_DMOut_n_reg[12]' (FDR) to 'u_ddr_cal_cplx/cplx_DMOut_n_reg[60]'
INFO: [Synth 8-3886] merging instance 'u_ddr_cal_cplx/cplx_DMOut_n_reg[13]' (FDR) to 'u_ddr_cal_cplx/cplx_DMOut_n_reg[61]'
INFO: [Synth 8-3886] merging instance 'u_ddr_cal_cplx/cplx_DMOut_n_reg[14]' (FDR) to 'u_ddr_cal_cplx/cplx_DMOut_n_reg[62]'
INFO: [Synth 8-3886] merging instance 'u_ddr_cal_cplx/cplx_DMOut_n_reg[15]' (FDR) to 'u_ddr_cal_cplx/cplx_DMOut_n_reg[63]'
INFO: [Synth 8-3886] merging instance 'u_ddr_cal_cplx/cplx_DMOut_n_reg[16]' (FDR) to 'u_ddr_cal_cplx/cplx_DMOut_n_reg[56]'
INFO: [Synth 8-3886] merging instance 'u_ddr_cal_cplx/cplx_DMOut_n_reg[17]' (FDR) to 'u_ddr_cal_cplx/cplx_DMOut_n_reg[57]'
INFO: [Synth 8-3886] merging instance 'u_ddr_cal_cplx/cplx_DMOut_n_reg[18]' (FDR) to 'u_ddr_cal_cplx/cplx_DMOut_n_reg[58]'
INFO: [Synth 8-3886] merging instance 'u_ddr_cal_cplx/cplx_DMOut_n_reg[19]' (FDR) to 'u_ddr_cal_cplx/cplx_DMOut_n_reg[59]'
INFO: [Synth 8-3886] merging instance 'u_ddr_cal_cplx/cplx_DMOut_n_reg[20]' (FDR) to 'u_ddr_cal_cplx/cplx_DMOut_n_reg[60]'
INFO: [Synth 8-3886] merging instance 'u_ddr_cal_cplx/cplx_DMOut_n_reg[21]' (FDR) to 'u_ddr_cal_cplx/cplx_DMOut_n_reg[61]'
INFO: [Synth 8-3886] merging instance 'u_ddr_cal_cplx/cplx_DMOut_n_reg[22]' (FDR) to 'u_ddr_cal_cplx/cplx_DMOut_n_reg[62]'
INFO: [Synth 8-3886] merging instance 'u_ddr_cal_cplx/cplx_DMOut_n_reg[23]' (FDR) to 'u_ddr_cal_cplx/cplx_DMOut_n_reg[63]'
INFO: [Synth 8-3886] merging instance 'u_ddr_cal_cplx/cplx_DMOut_n_reg[24]' (FDR) to 'u_ddr_cal_cplx/cplx_DMOut_n_reg[56]'
INFO: [Synth 8-3886] merging instance 'u_ddr_cal_cplx/cplx_DMOut_n_reg[25]' (FDR) to 'u_ddr_cal_cplx/cplx_DMOut_n_reg[57]'
INFO: [Synth 8-3886] merging instance 'u_ddr_cal_cplx/cplx_DMOut_n_reg[26]' (FDR) to 'u_ddr_cal_cplx/cplx_DMOut_n_reg[58]'
INFO: [Synth 8-3886] merging instance 'u_ddr_cal_cplx/cplx_DMOut_n_reg[27]' (FDR) to 'u_ddr_cal_cplx/cplx_DMOut_n_reg[59]'
INFO: [Synth 8-3886] merging instance 'u_ddr_cal_cplx/cplx_DMOut_n_reg[28]' (FDR) to 'u_ddr_cal_cplx/cplx_DMOut_n_reg[60]'
INFO: [Synth 8-3886] merging instance 'u_ddr_cal_cplx/cplx_DMOut_n_reg[29]' (FDR) to 'u_ddr_cal_cplx/cplx_DMOut_n_reg[61]'
INFO: [Synth 8-3886] merging instance 'u_ddr_cal_cplx/cplx_DMOut_n_reg[30]' (FDR) to 'u_ddr_cal_cplx/cplx_DMOut_n_reg[62]'
INFO: [Synth 8-3886] merging instance 'u_ddr_cal_cplx/cplx_DMOut_n_reg[31]' (FDR) to 'u_ddr_cal_cplx/cplx_DMOut_n_reg[63]'
INFO: [Synth 8-3886] merging instance 'u_ddr_cal_cplx/cplx_DMOut_n_reg[32]' (FDR) to 'u_ddr_cal_cplx/cplx_DMOut_n_reg[56]'
INFO: [Synth 8-3886] merging instance 'u_ddr_cal_cplx/cplx_DMOut_n_reg[33]' (FDR) to 'u_ddr_cal_cplx/cplx_DMOut_n_reg[57]'
INFO: [Synth 8-3886] merging instance 'u_ddr_cal_cplx/cplx_DMOut_n_reg[34]' (FDR) to 'u_ddr_cal_cplx/cplx_DMOut_n_reg[58]'
INFO: [Synth 8-3886] merging instance 'u_ddr_cal_cplx/cplx_DMOut_n_reg[35]' (FDR) to 'u_ddr_cal_cplx/cplx_DMOut_n_reg[59]'
INFO: [Synth 8-3886] merging instance 'u_ddr_cal_cplx/cplx_DMOut_n_reg[36]' (FDR) to 'u_ddr_cal_cplx/cplx_DMOut_n_reg[60]'
INFO: [Synth 8-3886] merging instance 'u_ddr_cal_cplx/cplx_DMOut_n_reg[37]' (FDR) to 'u_ddr_cal_cplx/cplx_DMOut_n_reg[61]'
INFO: [Synth 8-3886] merging instance 'u_ddr_cal_cplx/cplx_DMOut_n_reg[38]' (FDR) to 'u_ddr_cal_cplx/cplx_DMOut_n_reg[62]'
INFO: [Synth 8-3886] merging instance 'u_ddr_cal_cplx/cplx_DMOut_n_reg[39]' (FDR) to 'u_ddr_cal_cplx/cplx_DMOut_n_reg[63]'
INFO: [Common 17-14] Message 'Synth 8-3886' appears 100 times and further instances of the messages will be disabled. Use the Tcl command set_msg_config to change the current settings.
INFO: [Synth 8-3333] propagating constant 0 across sequential element (u_ddr_cal_cplx/\cplx_ADR_cmd_reg[16] )
INFO: [Common 17-14] Message 'Synth 8-3886' appears 100 times and further instances of the messages will be disabled. Use the Tcl command set_msg_config to change the current settings.
INFO: [Synth 8-3333] propagating constant 0 across sequential element (\cal_r1_status_reg[127] )
INFO: [Synth 8-3333] propagating constant 1 across sequential element (u_ddr_cal_cplx/\cplx_RAS_reg[7] )
INFO: [Synth 8-3333] propagating constant 0 across sequential element (u_ddr_cal_cplx/\cplx_status_reg[1] )
INFO: [Synth 8-3333] propagating constant 0 across sequential element (u_ddr_cal_cplx/\cplx_status_reg[2] )
INFO: [Synth 8-3333] propagating constant 0 across sequential element (u_ddr_cal_cplx/\cplx_status_reg[3] )
INFO: [Synth 8-3333] propagating constant 0 across sequential element (u_ddr_cal_cplx/\cplx_status_reg[4] )
INFO: [Synth 8-3333] propagating constant 0 across sequential element (u_ddr_cal_cplx/\cplx_status_reg[5] )
INFO: [Synth 8-3333] propagating constant 0 across sequential element (u_ddr_cal_cplx/\cplx_status_reg[6] )
INFO: [Synth 8-3333] propagating constant 0 across sequential element (u_ddr_cal_cplx/\cplx_status_reg[7] )
INFO: [Synth 8-3333] propagating constant 0 across sequential element (u_ddr_cal_cplx/\cplx_status_reg[8] )
INFO: [Synth 8-3333] propagating constant 0 across sequential element (u_ddr_cal_cplx/\cplx_status_reg[9] )
INFO: [Synth 8-3333] propagating constant 0 across sequential element (u_ddr_cal_cplx/\cplx_status_reg[10] )
INFO: [Synth 8-3333] propagating constant 0 across sequential element (u_ddr_cal_cplx/\cplx_status_reg[11] )
INFO: [Synth 8-3333] propagating constant 0 across sequential element (u_ddr_cal_cplx/\cplx_status_reg[12] )
INFO: [Synth 8-3333] propagating constant 0 across sequential element (u_ddr_cal_cplx/\cplx_status_reg[13] )
INFO: [Synth 8-3333] propagating constant 0 across sequential element (u_ddr_cal_cplx/\cplx_status_reg[14] )
INFO: [Synth 8-3333] propagating constant 0 across sequential element (u_ddr_cal_cplx/\cplx_status_reg[15] )
INFO: [Synth 8-3333] propagating constant 0 across sequential element (u_ddr_cal_cplx/\cplx_status_reg[16] )
INFO: [Synth 8-3333] propagating constant 0 across sequential element (u_ddr_cal_cplx/\cplx_status_reg[17] )
INFO: [Synth 8-3333] propagating constant 0 across sequential element (u_ddr_cal_cplx/\cplx_status_reg[18] )
INFO: [Common 17-14] Message 'Synth 8-3333' appears 100 times and further instances of the messages will be disabled. Use the Tcl command set_msg_config to change the current settings.
INFO: [Synth 8-5546] ROM "rs2mask" won't be mapped to RAM because it is too sparse
INFO: [Synth 8-5546] ROM "rs2mask0" won't be mapped to RAM because it is too sparse
INFO: [Synth 8-5546] ROM "rs2mask" won't be mapped to RAM because it is too sparse
INFO: [Synth 8-5546] ROM "rs2mask0" won't be mapped to RAM because it is too sparse
INFO: [Synth 8-5546] ROM "rs2mask" won't be mapped to RAM because it is too sparse
INFO: [Synth 8-5546] ROM "rs2mask0" won't be mapped to RAM because it is too sparse
INFO: [Synth 8-5546] ROM "rs2mask" won't be mapped to RAM because it is too sparse
INFO: [Synth 8-5546] ROM "rs2mask0" won't be mapped to RAM because it is too sparse
INFO: [Synth 8-4471] merging register 'genBit[1].u_ddr_mc_wr_bit/wosp_reg[2:1]' into 'genBit[0].u_ddr_mc_wr_bit/wosp_reg[2:1]' [/scratch2/nsalamini/github_new_new/cheshire/target/xilinx/build/vcu118.ddr4/ddr4.gen/sources_1/ip/ddr4/rtl/cal/ddr4_v2_2_cal_wr_bit.sv:89]
INFO: [Synth 8-4471] merging register 'genBit[2].u_ddr_mc_wr_bit/wosp_reg[2:1]' into 'genBit[0].u_ddr_mc_wr_bit/wosp_reg[2:1]' [/scratch2/nsalamini/github_new_new/cheshire/target/xilinx/build/vcu118.ddr4/ddr4.gen/sources_1/ip/ddr4/rtl/cal/ddr4_v2_2_cal_wr_bit.sv:89]
INFO: [Synth 8-4471] merging register 'genBit[3].u_ddr_mc_wr_bit/wosp_reg[2:1]' into 'genBit[0].u_ddr_mc_wr_bit/wosp_reg[2:1]' [/scratch2/nsalamini/github_new_new/cheshire/target/xilinx/build/vcu118.ddr4/ddr4.gen/sources_1/ip/ddr4/rtl/cal/ddr4_v2_2_cal_wr_bit.sv:89]
INFO: [Synth 8-4471] merging register 'genBit[4].u_ddr_mc_wr_bit/wosp_reg[2:1]' into 'genBit[0].u_ddr_mc_wr_bit/wosp_reg[2:1]' [/scratch2/nsalamini/github_new_new/cheshire/target/xilinx/build/vcu118.ddr4/ddr4.gen/sources_1/ip/ddr4/rtl/cal/ddr4_v2_2_cal_wr_bit.sv:89]
INFO: [Synth 8-4471] merging register 'genBit[5].u_ddr_mc_wr_bit/wosp_reg[2:1]' into 'genBit[0].u_ddr_mc_wr_bit/wosp_reg[2:1]' [/scratch2/nsalamini/github_new_new/cheshire/target/xilinx/build/vcu118.ddr4/ddr4.gen/sources_1/ip/ddr4/rtl/cal/ddr4_v2_2_cal_wr_bit.sv:89]
INFO: [Synth 8-4471] merging register 'genBit[6].u_ddr_mc_wr_bit/wosp_reg[2:1]' into 'genBit[0].u_ddr_mc_wr_bit/wosp_reg[2:1]' [/scratch2/nsalamini/github_new_new/cheshire/target/xilinx/build/vcu118.ddr4/ddr4.gen/sources_1/ip/ddr4/rtl/cal/ddr4_v2_2_cal_wr_bit.sv:89]
INFO: [Synth 8-4471] merging register 'genBit[7].u_ddr_mc_wr_bit/wosp_reg[2:1]' into 'genBit[0].u_ddr_mc_wr_bit/wosp_reg[2:1]' [/scratch2/nsalamini/github_new_new/cheshire/target/xilinx/build/vcu118.ddr4/ddr4.gen/sources_1/ip/ddr4/rtl/cal/ddr4_v2_2_cal_wr_bit.sv:89]
INFO: [Synth 8-4471] merging register 'u_ddr_mc_wr_dm/wosp_reg[2:1]' into 'genBit[0].u_ddr_mc_wr_bit/wosp_reg[2:1]' [/scratch2/nsalamini/github_new_new/cheshire/target/xilinx/build/vcu118.ddr4/ddr4.gen/sources_1/ip/ddr4/rtl/cal/ddr4_v2_2_cal_wr_bit.sv:89]
INFO: [Synth 8-4471] merging register 'genBit[1].u_ddr_mc_wr_bit/wosp_reg[2:1]' into 'genBit[0].u_ddr_mc_wr_bit/wosp_reg[2:1]' [/scratch2/nsalamini/github_new_new/cheshire/target/xilinx/build/vcu118.ddr4/ddr4.gen/sources_1/ip/ddr4/rtl/cal/ddr4_v2_2_cal_wr_bit.sv:89]
INFO: [Synth 8-4471] merging register 'genBit[2].u_ddr_mc_wr_bit/wosp_reg[2:1]' into 'genBit[0].u_ddr_mc_wr_bit/wosp_reg[2:1]' [/scratch2/nsalamini/github_new_new/cheshire/target/xilinx/build/vcu118.ddr4/ddr4.gen/sources_1/ip/ddr4/rtl/cal/ddr4_v2_2_cal_wr_bit.sv:89]
INFO: [Synth 8-4471] merging register 'genBit[3].u_ddr_mc_wr_bit/wosp_reg[2:1]' into 'genBit[0].u_ddr_mc_wr_bit/wosp_reg[2:1]' [/scratch2/nsalamini/github_new_new/cheshire/target/xilinx/build/vcu118.ddr4/ddr4.gen/sources_1/ip/ddr4/rtl/cal/ddr4_v2_2_cal_wr_bit.sv:89]
INFO: [Synth 8-4471] merging register 'genBit[4].u_ddr_mc_wr_bit/wosp_reg[2:1]' into 'genBit[0].u_ddr_mc_wr_bit/wosp_reg[2:1]' [/scratch2/nsalamini/github_new_new/cheshire/target/xilinx/build/vcu118.ddr4/ddr4.gen/sources_1/ip/ddr4/rtl/cal/ddr4_v2_2_cal_wr_bit.sv:89]
INFO: [Synth 8-4471] merging register 'genBit[5].u_ddr_mc_wr_bit/wosp_reg[2:1]' into 'genBit[0].u_ddr_mc_wr_bit/wosp_reg[2:1]' [/scratch2/nsalamini/github_new_new/cheshire/target/xilinx/build/vcu118.ddr4/ddr4.gen/sources_1/ip/ddr4/rtl/cal/ddr4_v2_2_cal_wr_bit.sv:89]
INFO: [Synth 8-4471] merging register 'genBit[6].u_ddr_mc_wr_bit/wosp_reg[2:1]' into 'genBit[0].u_ddr_mc_wr_bit/wosp_reg[2:1]' [/scratch2/nsalamini/github_new_new/cheshire/target/xilinx/build/vcu118.ddr4/ddr4.gen/sources_1/ip/ddr4/rtl/cal/ddr4_v2_2_cal_wr_bit.sv:89]
INFO: [Synth 8-4471] merging register 'genBit[7].u_ddr_mc_wr_bit/wosp_reg[2:1]' into 'genBit[0].u_ddr_mc_wr_bit/wosp_reg[2:1]' [/scratch2/nsalamini/github_new_new/cheshire/target/xilinx/build/vcu118.ddr4/ddr4.gen/sources_1/ip/ddr4/rtl/cal/ddr4_v2_2_cal_wr_bit.sv:89]
INFO: [Synth 8-4471] merging register 'u_ddr_mc_wr_dm/wosp_reg[2:1]' into 'genBit[0].u_ddr_mc_wr_bit/wosp_reg[2:1]' [/scratch2/nsalamini/github_new_new/cheshire/target/xilinx/build/vcu118.ddr4/ddr4.gen/sources_1/ip/ddr4/rtl/cal/ddr4_v2_2_cal_wr_bit.sv:89]
INFO: [Synth 8-4471] merging register 'genBit[1].u_ddr_mc_wr_bit/wosp_reg[2:1]' into 'genBit[0].u_ddr_mc_wr_bit/wosp_reg[2:1]' [/scratch2/nsalamini/github_new_new/cheshire/target/xilinx/build/vcu118.ddr4/ddr4.gen/sources_1/ip/ddr4/rtl/cal/ddr4_v2_2_cal_wr_bit.sv:89]
INFO: [Synth 8-4471] merging register 'genBit[2].u_ddr_mc_wr_bit/wosp_reg[2:1]' into 'genBit[0].u_ddr_mc_wr_bit/wosp_reg[2:1]' [/scratch2/nsalamini/github_new_new/cheshire/target/xilinx/build/vcu118.ddr4/ddr4.gen/sources_1/ip/ddr4/rtl/cal/ddr4_v2_2_cal_wr_bit.sv:89]
INFO: [Synth 8-4471] merging register 'genBit[3].u_ddr_mc_wr_bit/wosp_reg[2:1]' into 'genBit[0].u_ddr_mc_wr_bit/wosp_reg[2:1]' [/scratch2/nsalamini/github_new_new/cheshire/target/xilinx/build/vcu118.ddr4/ddr4.gen/sources_1/ip/ddr4/rtl/cal/ddr4_v2_2_cal_wr_bit.sv:89]
INFO: [Synth 8-4471] merging register 'genBit[4].u_ddr_mc_wr_bit/wosp_reg[2:1]' into 'genBit[0].u_ddr_mc_wr_bit/wosp_reg[2:1]' [/scratch2/nsalamini/github_new_new/cheshire/target/xilinx/build/vcu118.ddr4/ddr4.gen/sources_1/ip/ddr4/rtl/cal/ddr4_v2_2_cal_wr_bit.sv:89]
INFO: [Synth 8-4471] merging register 'genBit[5].u_ddr_mc_wr_bit/wosp_reg[2:1]' into 'genBit[0].u_ddr_mc_wr_bit/wosp_reg[2:1]' [/scratch2/nsalamini/github_new_new/cheshire/target/xilinx/build/vcu118.ddr4/ddr4.gen/sources_1/ip/ddr4/rtl/cal/ddr4_v2_2_cal_wr_bit.sv:89]
INFO: [Synth 8-4471] merging register 'genBit[6].u_ddr_mc_wr_bit/wosp_reg[2:1]' into 'genBit[0].u_ddr_mc_wr_bit/wosp_reg[2:1]' [/scratch2/nsalamini/github_new_new/cheshire/target/xilinx/build/vcu118.ddr4/ddr4.gen/sources_1/ip/ddr4/rtl/cal/ddr4_v2_2_cal_wr_bit.sv:89]
INFO: [Synth 8-4471] merging register 'genBit[7].u_ddr_mc_wr_bit/wosp_reg[2:1]' into 'genBit[0].u_ddr_mc_wr_bit/wosp_reg[2:1]' [/scratch2/nsalamini/github_new_new/cheshire/target/xilinx/build/vcu118.ddr4/ddr4.gen/sources_1/ip/ddr4/rtl/cal/ddr4_v2_2_cal_wr_bit.sv:89]
INFO: [Synth 8-4471] merging register 'u_ddr_mc_wr_dm/wosp_reg[2:1]' into 'genBit[0].u_ddr_mc_wr_bit/wosp_reg[2:1]' [/scratch2/nsalamini/github_new_new/cheshire/target/xilinx/build/vcu118.ddr4/ddr4.gen/sources_1/ip/ddr4/rtl/cal/ddr4_v2_2_cal_wr_bit.sv:89]
INFO: [Synth 8-4471] merging register 'genBit[1].u_ddr_mc_wr_bit/wosp_reg[2:1]' into 'genBit[0].u_ddr_mc_wr_bit/wosp_reg[2:1]' [/scratch2/nsalamini/github_new_new/cheshire/target/xilinx/build/vcu118.ddr4/ddr4.gen/sources_1/ip/ddr4/rtl/cal/ddr4_v2_2_cal_wr_bit.sv:89]
INFO: [Synth 8-4471] merging register 'genBit[2].u_ddr_mc_wr_bit/wosp_reg[2:1]' into 'genBit[0].u_ddr_mc_wr_bit/wosp_reg[2:1]' [/scratch2/nsalamini/github_new_new/cheshire/target/xilinx/build/vcu118.ddr4/ddr4.gen/sources_1/ip/ddr4/rtl/cal/ddr4_v2_2_cal_wr_bit.sv:89]
INFO: [Synth 8-4471] merging register 'genBit[3].u_ddr_mc_wr_bit/wosp_reg[2:1]' into 'genBit[0].u_ddr_mc_wr_bit/wosp_reg[2:1]' [/scratch2/nsalamini/github_new_new/cheshire/target/xilinx/build/vcu118.ddr4/ddr4.gen/sources_1/ip/ddr4/rtl/cal/ddr4_v2_2_cal_wr_bit.sv:89]
INFO: [Synth 8-4471] merging register 'genBit[4].u_ddr_mc_wr_bit/wosp_reg[2:1]' into 'genBit[0].u_ddr_mc_wr_bit/wosp_reg[2:1]' [/scratch2/nsalamini/github_new_new/cheshire/target/xilinx/build/vcu118.ddr4/ddr4.gen/sources_1/ip/ddr4/rtl/cal/ddr4_v2_2_cal_wr_bit.sv:89]
INFO: [Synth 8-4471] merging register 'genBit[5].u_ddr_mc_wr_bit/wosp_reg[2:1]' into 'genBit[0].u_ddr_mc_wr_bit/wosp_reg[2:1]' [/scratch2/nsalamini/github_new_new/cheshire/target/xilinx/build/vcu118.ddr4/ddr4.gen/sources_1/ip/ddr4/rtl/cal/ddr4_v2_2_cal_wr_bit.sv:89]
INFO: [Synth 8-4471] merging register 'genBit[6].u_ddr_mc_wr_bit/wosp_reg[2:1]' into 'genBit[0].u_ddr_mc_wr_bit/wosp_reg[2:1]' [/scratch2/nsalamini/github_new_new/cheshire/target/xilinx/build/vcu118.ddr4/ddr4.gen/sources_1/ip/ddr4/rtl/cal/ddr4_v2_2_cal_wr_bit.sv:89]
INFO: [Synth 8-4471] merging register 'genBit[7].u_ddr_mc_wr_bit/wosp_reg[2:1]' into 'genBit[0].u_ddr_mc_wr_bit/wosp_reg[2:1]' [/scratch2/nsalamini/github_new_new/cheshire/target/xilinx/build/vcu118.ddr4/ddr4.gen/sources_1/ip/ddr4/rtl/cal/ddr4_v2_2_cal_wr_bit.sv:89]
INFO: [Synth 8-4471] merging register 'u_ddr_mc_wr_dm/wosp_reg[2:1]' into 'genBit[0].u_ddr_mc_wr_bit/wosp_reg[2:1]' [/scratch2/nsalamini/github_new_new/cheshire/target/xilinx/build/vcu118.ddr4/ddr4.gen/sources_1/ip/ddr4/rtl/cal/ddr4_v2_2_cal_wr_bit.sv:89]
INFO: [Synth 8-4471] merging register 'genBit[1].u_ddr_mc_wr_bit/wosp_reg[2:1]' into 'genBit[0].u_ddr_mc_wr_bit/wosp_reg[2:1]' [/scratch2/nsalamini/github_new_new/cheshire/target/xilinx/build/vcu118.ddr4/ddr4.gen/sources_1/ip/ddr4/rtl/cal/ddr4_v2_2_cal_wr_bit.sv:89]
INFO: [Synth 8-4471] merging register 'genBit[2].u_ddr_mc_wr_bit/wosp_reg[2:1]' into 'genBit[0].u_ddr_mc_wr_bit/wosp_reg[2:1]' [/scratch2/nsalamini/github_new_new/cheshire/target/xilinx/build/vcu118.ddr4/ddr4.gen/sources_1/ip/ddr4/rtl/cal/ddr4_v2_2_cal_wr_bit.sv:89]
INFO: [Synth 8-4471] merging register 'genBit[3].u_ddr_mc_wr_bit/wosp_reg[2:1]' into 'genBit[0].u_ddr_mc_wr_bit/wosp_reg[2:1]' [/scratch2/nsalamini/github_new_new/cheshire/target/xilinx/build/vcu118.ddr4/ddr4.gen/sources_1/ip/ddr4/rtl/cal/ddr4_v2_2_cal_wr_bit.sv:89]
INFO: [Synth 8-4471] merging register 'genBit[4].u_ddr_mc_wr_bit/wosp_reg[2:1]' into 'genBit[0].u_ddr_mc_wr_bit/wosp_reg[2:1]' [/scratch2/nsalamini/github_new_new/cheshire/target/xilinx/build/vcu118.ddr4/ddr4.gen/sources_1/ip/ddr4/rtl/cal/ddr4_v2_2_cal_wr_bit.sv:89]
INFO: [Synth 8-4471] merging register 'genBit[5].u_ddr_mc_wr_bit/wosp_reg[2:1]' into 'genBit[0].u_ddr_mc_wr_bit/wosp_reg[2:1]' [/scratch2/nsalamini/github_new_new/cheshire/target/xilinx/build/vcu118.ddr4/ddr4.gen/sources_1/ip/ddr4/rtl/cal/ddr4_v2_2_cal_wr_bit.sv:89]
INFO: [Synth 8-4471] merging register 'genBit[6].u_ddr_mc_wr_bit/wosp_reg[2:1]' into 'genBit[0].u_ddr_mc_wr_bit/wosp_reg[2:1]' [/scratch2/nsalamini/github_new_new/cheshire/target/xilinx/build/vcu118.ddr4/ddr4.gen/sources_1/ip/ddr4/rtl/cal/ddr4_v2_2_cal_wr_bit.sv:89]
INFO: [Synth 8-4471] merging register 'genBit[7].u_ddr_mc_wr_bit/wosp_reg[2:1]' into 'genBit[0].u_ddr_mc_wr_bit/wosp_reg[2:1]' [/scratch2/nsalamini/github_new_new/cheshire/target/xilinx/build/vcu118.ddr4/ddr4.gen/sources_1/ip/ddr4/rtl/cal/ddr4_v2_2_cal_wr_bit.sv:89]
INFO: [Synth 8-4471] merging register 'u_ddr_mc_wr_dm/wosp_reg[2:1]' into 'genBit[0].u_ddr_mc_wr_bit/wosp_reg[2:1]' [/scratch2/nsalamini/github_new_new/cheshire/target/xilinx/build/vcu118.ddr4/ddr4.gen/sources_1/ip/ddr4/rtl/cal/ddr4_v2_2_cal_wr_bit.sv:89]
INFO: [Synth 8-4471] merging register 'genBit[1].u_ddr_mc_wr_bit/wosp_reg[2:1]' into 'genBit[0].u_ddr_mc_wr_bit/wosp_reg[2:1]' [/scratch2/nsalamini/github_new_new/cheshire/target/xilinx/build/vcu118.ddr4/ddr4.gen/sources_1/ip/ddr4/rtl/cal/ddr4_v2_2_cal_wr_bit.sv:89]
INFO: [Synth 8-4471] merging register 'genBit[2].u_ddr_mc_wr_bit/wosp_reg[2:1]' into 'genBit[0].u_ddr_mc_wr_bit/wosp_reg[2:1]' [/scratch2/nsalamini/github_new_new/cheshire/target/xilinx/build/vcu118.ddr4/ddr4.gen/sources_1/ip/ddr4/rtl/cal/ddr4_v2_2_cal_wr_bit.sv:89]
INFO: [Synth 8-4471] merging register 'genBit[3].u_ddr_mc_wr_bit/wosp_reg[2:1]' into 'genBit[0].u_ddr_mc_wr_bit/wosp_reg[2:1]' [/scratch2/nsalamini/github_new_new/cheshire/target/xilinx/build/vcu118.ddr4/ddr4.gen/sources_1/ip/ddr4/rtl/cal/ddr4_v2_2_cal_wr_bit.sv:89]
INFO: [Synth 8-4471] merging register 'genBit[4].u_ddr_mc_wr_bit/wosp_reg[2:1]' into 'genBit[0].u_ddr_mc_wr_bit/wosp_reg[2:1]' [/scratch2/nsalamini/github_new_new/cheshire/target/xilinx/build/vcu118.ddr4/ddr4.gen/sources_1/ip/ddr4/rtl/cal/ddr4_v2_2_cal_wr_bit.sv:89]
INFO: [Synth 8-4471] merging register 'genBit[5].u_ddr_mc_wr_bit/wosp_reg[2:1]' into 'genBit[0].u_ddr_mc_wr_bit/wosp_reg[2:1]' [/scratch2/nsalamini/github_new_new/cheshire/target/xilinx/build/vcu118.ddr4/ddr4.gen/sources_1/ip/ddr4/rtl/cal/ddr4_v2_2_cal_wr_bit.sv:89]
INFO: [Synth 8-4471] merging register 'genBit[6].u_ddr_mc_wr_bit/wosp_reg[2:1]' into 'genBit[0].u_ddr_mc_wr_bit/wosp_reg[2:1]' [/scratch2/nsalamini/github_new_new/cheshire/target/xilinx/build/vcu118.ddr4/ddr4.gen/sources_1/ip/ddr4/rtl/cal/ddr4_v2_2_cal_wr_bit.sv:89]
INFO: [Synth 8-4471] merging register 'genBit[7].u_ddr_mc_wr_bit/wosp_reg[2:1]' into 'genBit[0].u_ddr_mc_wr_bit/wosp_reg[2:1]' [/scratch2/nsalamini/github_new_new/cheshire/target/xilinx/build/vcu118.ddr4/ddr4.gen/sources_1/ip/ddr4/rtl/cal/ddr4_v2_2_cal_wr_bit.sv:89]
INFO: [Synth 8-4471] merging register 'u_ddr_mc_wr_dm/wosp_reg[2:1]' into 'genBit[0].u_ddr_mc_wr_bit/wosp_reg[2:1]' [/scratch2/nsalamini/github_new_new/cheshire/target/xilinx/build/vcu118.ddr4/ddr4.gen/sources_1/ip/ddr4/rtl/cal/ddr4_v2_2_cal_wr_bit.sv:89]
INFO: [Synth 8-4471] merging register 'genBit[1].u_ddr_mc_wr_bit/wosp_reg[2:1]' into 'genBit[0].u_ddr_mc_wr_bit/wosp_reg[2:1]' [/scratch2/nsalamini/github_new_new/cheshire/target/xilinx/build/vcu118.ddr4/ddr4.gen/sources_1/ip/ddr4/rtl/cal/ddr4_v2_2_cal_wr_bit.sv:89]
INFO: [Synth 8-4471] merging register 'genBit[2].u_ddr_mc_wr_bit/wosp_reg[2:1]' into 'genBit[0].u_ddr_mc_wr_bit/wosp_reg[2:1]' [/scratch2/nsalamini/github_new_new/cheshire/target/xilinx/build/vcu118.ddr4/ddr4.gen/sources_1/ip/ddr4/rtl/cal/ddr4_v2_2_cal_wr_bit.sv:89]
INFO: [Synth 8-4471] merging register 'genBit[3].u_ddr_mc_wr_bit/wosp_reg[2:1]' into 'genBit[0].u_ddr_mc_wr_bit/wosp_reg[2:1]' [/scratch2/nsalamini/github_new_new/cheshire/target/xilinx/build/vcu118.ddr4/ddr4.gen/sources_1/ip/ddr4/rtl/cal/ddr4_v2_2_cal_wr_bit.sv:89]
INFO: [Synth 8-4471] merging register 'genBit[4].u_ddr_mc_wr_bit/wosp_reg[2:1]' into 'genBit[0].u_ddr_mc_wr_bit/wosp_reg[2:1]' [/scratch2/nsalamini/github_new_new/cheshire/target/xilinx/build/vcu118.ddr4/ddr4.gen/sources_1/ip/ddr4/rtl/cal/ddr4_v2_2_cal_wr_bit.sv:89]
INFO: [Synth 8-4471] merging register 'genBit[5].u_ddr_mc_wr_bit/wosp_reg[2:1]' into 'genBit[0].u_ddr_mc_wr_bit/wosp_reg[2:1]' [/scratch2/nsalamini/github_new_new/cheshire/target/xilinx/build/vcu118.ddr4/ddr4.gen/sources_1/ip/ddr4/rtl/cal/ddr4_v2_2_cal_wr_bit.sv:89]
INFO: [Synth 8-4471] merging register 'genBit[6].u_ddr_mc_wr_bit/wosp_reg[2:1]' into 'genBit[0].u_ddr_mc_wr_bit/wosp_reg[2:1]' [/scratch2/nsalamini/github_new_new/cheshire/target/xilinx/build/vcu118.ddr4/ddr4.gen/sources_1/ip/ddr4/rtl/cal/ddr4_v2_2_cal_wr_bit.sv:89]
INFO: [Synth 8-4471] merging register 'genBit[7].u_ddr_mc_wr_bit/wosp_reg[2:1]' into 'genBit[0].u_ddr_mc_wr_bit/wosp_reg[2:1]' [/scratch2/nsalamini/github_new_new/cheshire/target/xilinx/build/vcu118.ddr4/ddr4.gen/sources_1/ip/ddr4/rtl/cal/ddr4_v2_2_cal_wr_bit.sv:89]
INFO: [Synth 8-4471] merging register 'u_ddr_mc_wr_dm/wosp_reg[2:1]' into 'genBit[0].u_ddr_mc_wr_bit/wosp_reg[2:1]' [/scratch2/nsalamini/github_new_new/cheshire/target/xilinx/build/vcu118.ddr4/ddr4.gen/sources_1/ip/ddr4/rtl/cal/ddr4_v2_2_cal_wr_bit.sv:89]
INFO: [Synth 8-4471] merging register 'genBit[1].u_ddr_mc_wr_bit/wosp_reg[2:1]' into 'genBit[0].u_ddr_mc_wr_bit/wosp_reg[2:1]' [/scratch2/nsalamini/github_new_new/cheshire/target/xilinx/build/vcu118.ddr4/ddr4.gen/sources_1/ip/ddr4/rtl/cal/ddr4_v2_2_cal_wr_bit.sv:89]
INFO: [Synth 8-4471] merging register 'genBit[2].u_ddr_mc_wr_bit/wosp_reg[2:1]' into 'genBit[0].u_ddr_mc_wr_bit/wosp_reg[2:1]' [/scratch2/nsalamini/github_new_new/cheshire/target/xilinx/build/vcu118.ddr4/ddr4.gen/sources_1/ip/ddr4/rtl/cal/ddr4_v2_2_cal_wr_bit.sv:89]
INFO: [Synth 8-4471] merging register 'genBit[3].u_ddr_mc_wr_bit/wosp_reg[2:1]' into 'genBit[0].u_ddr_mc_wr_bit/wosp_reg[2:1]' [/scratch2/nsalamini/github_new_new/cheshire/target/xilinx/build/vcu118.ddr4/ddr4.gen/sources_1/ip/ddr4/rtl/cal/ddr4_v2_2_cal_wr_bit.sv:89]
INFO: [Synth 8-4471] merging register 'genBit[4].u_ddr_mc_wr_bit/wosp_reg[2:1]' into 'genBit[0].u_ddr_mc_wr_bit/wosp_reg[2:1]' [/scratch2/nsalamini/github_new_new/cheshire/target/xilinx/build/vcu118.ddr4/ddr4.gen/sources_1/ip/ddr4/rtl/cal/ddr4_v2_2_cal_wr_bit.sv:89]
INFO: [Synth 8-4471] merging register 'genBit[5].u_ddr_mc_wr_bit/wosp_reg[2:1]' into 'genBit[0].u_ddr_mc_wr_bit/wosp_reg[2:1]' [/scratch2/nsalamini/github_new_new/cheshire/target/xilinx/build/vcu118.ddr4/ddr4.gen/sources_1/ip/ddr4/rtl/cal/ddr4_v2_2_cal_wr_bit.sv:89]
INFO: [Synth 8-4471] merging register 'genBit[6].u_ddr_mc_wr_bit/wosp_reg[2:1]' into 'genBit[0].u_ddr_mc_wr_bit/wosp_reg[2:1]' [/scratch2/nsalamini/github_new_new/cheshire/target/xilinx/build/vcu118.ddr4/ddr4.gen/sources_1/ip/ddr4/rtl/cal/ddr4_v2_2_cal_wr_bit.sv:89]
INFO: [Synth 8-4471] merging register 'genBit[7].u_ddr_mc_wr_bit/wosp_reg[2:1]' into 'genBit[0].u_ddr_mc_wr_bit/wosp_reg[2:1]' [/scratch2/nsalamini/github_new_new/cheshire/target/xilinx/build/vcu118.ddr4/ddr4.gen/sources_1/ip/ddr4/rtl/cal/ddr4_v2_2_cal_wr_bit.sv:89]
INFO: [Synth 8-4471] merging register 'u_ddr_mc_wr_dm/wosp_reg[2:1]' into 'genBit[0].u_ddr_mc_wr_bit/wosp_reg[2:1]' [/scratch2/nsalamini/github_new_new/cheshire/target/xilinx/build/vcu118.ddr4/ddr4.gen/sources_1/ip/ddr4/rtl/cal/ddr4_v2_2_cal_wr_bit.sv:89]
INFO: [Synth 8-5546] ROM "rs2mask" won't be mapped to RAM because it is too sparse
INFO: [Synth 8-5546] ROM "rs2mask0" won't be mapped to RAM because it is too sparse
INFO: [Synth 8-5546] ROM "rs2mask" won't be mapped to RAM because it is too sparse
INFO: [Synth 8-5546] ROM "rs2mask0" won't be mapped to RAM because it is too sparse
INFO: [Synth 8-5546] ROM "rs2mask" won't be mapped to RAM because it is too sparse
INFO: [Synth 8-5546] ROM "rs2mask0" won't be mapped to RAM because it is too sparse
INFO: [Synth 8-5546] ROM "rs2mask" won't be mapped to RAM because it is too sparse
INFO: [Synth 8-5546] ROM "rs2mask0" won't be mapped to RAM because it is too sparse
INFO: [Synth 8-5546] ROM "rs2mask" won't be mapped to RAM because it is too sparse
INFO: [Synth 8-5546] ROM "rs2mask0" won't be mapped to RAM because it is too sparse
INFO: [Synth 8-5546] ROM "rs2mask" won't be mapped to RAM because it is too sparse
INFO: [Synth 8-5546] ROM "rs2mask0" won't be mapped to RAM because it is too sparse
INFO: [Synth 8-5546] ROM "rs2mask" won't be mapped to RAM because it is too sparse
INFO: [Synth 8-5546] ROM "rs2mask0" won't be mapped to RAM because it is too sparse
INFO: [Synth 8-5546] ROM "rs2mask" won't be mapped to RAM because it is too sparse
INFO: [Synth 8-5546] ROM "rs2mask0" won't be mapped to RAM because it is too sparse
INFO: [Synth 8-5546] ROM "rs2mask" won't be mapped to RAM because it is too sparse
INFO: [Synth 8-5546] ROM "rs2mask0" won't be mapped to RAM because it is too sparse
INFO: [Synth 8-5546] ROM "rs2mask" won't be mapped to RAM because it is too sparse
INFO: [Synth 8-5546] ROM "rs2mask0" won't be mapped to RAM because it is too sparse
INFO: [Synth 8-5546] ROM "rs2mask" won't be mapped to RAM because it is too sparse
INFO: [Synth 8-5546] ROM "rs2mask0" won't be mapped to RAM because it is too sparse
INFO: [Synth 8-5546] ROM "rs2mask" won't be mapped to RAM because it is too sparse
INFO: [Synth 8-5546] ROM "rs2mask0" won't be mapped to RAM because it is too sparse
WARNING: [Synth 8-3917] design ddr4_v2_2_16_cal_pi__GB0 has port rdDataEnd driven by constant 1
INFO: [Common 17-14] Message 'Synth 8-3886' appears 100 times and further instances of the messages will be disabled. Use the Tcl command set_msg_config to change the current settings.
INFO: [Synth 8-5546] ROM "rs2mask" won't be mapped to RAM because it is too sparse
INFO: [Synth 8-5546] ROM "rs2mask0" won't be mapped to RAM because it is too sparse
INFO: [Synth 8-5546] ROM "rs2mask" won't be mapped to RAM because it is too sparse
INFO: [Synth 8-5546] ROM "rs2mask0" won't be mapped to RAM because it is too sparse
INFO: [Synth 8-5546] ROM "rs2mask" won't be mapped to RAM because it is too sparse
INFO: [Synth 8-5546] ROM "rs2mask0" won't be mapped to RAM because it is too sparse
INFO: [Synth 8-5546] ROM "rs2mask" won't be mapped to RAM because it is too sparse
INFO: [Synth 8-5546] ROM "rs2mask0" won't be mapped to RAM because it is too sparse
INFO: [Synth 8-5546] ROM "rs2mask" won't be mapped to RAM because it is too sparse
INFO: [Synth 8-5546] ROM "rs2mask0" won't be mapped to RAM because it is too sparse
INFO: [Synth 8-5546] ROM "rs2mask" won't be mapped to RAM because it is too sparse
INFO: [Synth 8-5546] ROM "rs2mask0" won't be mapped to RAM because it is too sparse
INFO: [Synth 8-5546] ROM "rs2mask" won't be mapped to RAM because it is too sparse
INFO: [Synth 8-5546] ROM "rs2mask0" won't be mapped to RAM because it is too sparse
INFO: [Synth 8-5546] ROM "rs2mask" won't be mapped to RAM because it is too sparse
INFO: [Synth 8-5546] ROM "rs2mask0" won't be mapped to RAM because it is too sparse
INFO: [Synth 8-5546] ROM "rs2mask" won't be mapped to RAM because it is too sparse
INFO: [Synth 8-5546] ROM "rs2mask0" won't be mapped to RAM because it is too sparse
INFO: [Synth 8-5546] ROM "rs2mask" won't be mapped to RAM because it is too sparse
INFO: [Synth 8-5546] ROM "rs2mask0" won't be mapped to RAM because it is too sparse
INFO: [Synth 8-5546] ROM "rs2mask" won't be mapped to RAM because it is too sparse
INFO: [Synth 8-5546] ROM "rs2mask0" won't be mapped to RAM because it is too sparse
INFO: [Synth 8-5546] ROM "rs2mask" won't be mapped to RAM because it is too sparse
INFO: [Synth 8-5546] ROM "rs2mask0" won't be mapped to RAM because it is too sparse
INFO: [Synth 8-5546] ROM "rs2mask" won't be mapped to RAM because it is too sparse
INFO: [Synth 8-5546] ROM "rs2mask0" won't be mapped to RAM because it is too sparse
INFO: [Synth 8-5546] ROM "rs2mask" won't be mapped to RAM because it is too sparse
INFO: [Synth 8-5546] ROM "rs2mask0" won't be mapped to RAM because it is too sparse
INFO: [Synth 8-5546] ROM "rs2mask" won't be mapped to RAM because it is too sparse
INFO: [Synth 8-5546] ROM "rs2mask0" won't be mapped to RAM because it is too sparse
INFO: [Synth 8-5546] ROM "rs2mask" won't be mapped to RAM because it is too sparse
INFO: [Synth 8-5546] ROM "rs2mask0" won't be mapped to RAM because it is too sparse
INFO: [Synth 8-5546] ROM "rs2mask" won't be mapped to RAM because it is too sparse
INFO: [Synth 8-5546] ROM "rs2mask0" won't be mapped to RAM because it is too sparse
INFO: [Synth 8-5546] ROM "rs2mask" won't be mapped to RAM because it is too sparse
INFO: [Synth 8-5546] ROM "rs2mask0" won't be mapped to RAM because it is too sparse
INFO: [Common 17-14] Message 'Synth 8-5546' appears 100 times and further instances of the messages will be disabled. Use the Tcl command set_msg_config to change the current settings.
INFO: [Synth 8-5546] ROM "rs2mask" won't be mapped to RAM because it is too sparse
INFO: [Synth 8-5546] ROM "rs2mask0" won't be mapped to RAM because it is too sparse
INFO: [Synth 8-5546] ROM "rs2mask" won't be mapped to RAM because it is too sparse
INFO: [Synth 8-5546] ROM "rs2mask0" won't be mapped to RAM because it is too sparse
INFO: [Synth 8-5546] ROM "rs2mask" won't be mapped to RAM because it is too sparse
INFO: [Synth 8-5546] ROM "rs2mask0" won't be mapped to RAM because it is too sparse
INFO: [Synth 8-5546] ROM "rs2mask" won't be mapped to RAM because it is too sparse
INFO: [Synth 8-5546] ROM "rs2mask0" won't be mapped to RAM because it is too sparse
INFO: [Synth 8-5546] ROM "rs2mask" won't be mapped to RAM because it is too sparse
INFO: [Synth 8-5546] ROM "rs2mask0" won't be mapped to RAM because it is too sparse
INFO: [Synth 8-5546] ROM "rs2mask" won't be mapped to RAM because it is too sparse
INFO: [Synth 8-5546] ROM "rs2mask0" won't be mapped to RAM because it is too sparse
INFO: [Synth 8-5546] ROM "rs2mask" won't be mapped to RAM because it is too sparse
INFO: [Synth 8-5546] ROM "rs2mask0" won't be mapped to RAM because it is too sparse
INFO: [Synth 8-5546] ROM "rs2mask" won't be mapped to RAM because it is too sparse
INFO: [Synth 8-5546] ROM "rs2mask0" won't be mapped to RAM because it is too sparse
INFO: [Synth 8-5546] ROM "rs2mask" won't be mapped to RAM because it is too sparse
INFO: [Synth 8-5546] ROM "rs2mask0" won't be mapped to RAM because it is too sparse
INFO: [Synth 8-5546] ROM "rs2mask" won't be mapped to RAM because it is too sparse
INFO: [Synth 8-5546] ROM "rs2mask0" won't be mapped to RAM because it is too sparse
INFO: [Synth 8-5546] ROM "rs2mask" won't be mapped to RAM because it is too sparse
INFO: [Synth 8-5546] ROM "rs2mask0" won't be mapped to RAM because it is too sparse
INFO: [Synth 8-5546] ROM "rs2mask" won't be mapped to RAM because it is too sparse
INFO: [Synth 8-5546] ROM "rs2mask0" won't be mapped to RAM because it is too sparse
INFO: [Synth 8-5546] ROM "rs2mask" won't be mapped to RAM because it is too sparse
INFO: [Synth 8-5546] ROM "rs2mask0" won't be mapped to RAM because it is too sparse
INFO: [Synth 8-5546] ROM "rs2mask" won't be mapped to RAM because it is too sparse
INFO: [Synth 8-5546] ROM "rs2mask0" won't be mapped to RAM because it is too sparse
INFO: [Synth 8-5546] ROM "rs2mask" won't be mapped to RAM because it is too sparse
INFO: [Synth 8-5546] ROM "rs2mask0" won't be mapped to RAM because it is too sparse
INFO: [Synth 8-5546] ROM "rs2mask" won't be mapped to RAM because it is too sparse
INFO: [Synth 8-5546] ROM "rs2mask0" won't be mapped to RAM because it is too sparse
INFO: [Common 17-14] Message 'Synth 8-5546' appears 100 times and further instances of the messages will be disabled. Use the Tcl command set_msg_config to change the current settings.
INFO: [Common 17-14] Message 'Synth 8-7129' appears 100 times and further instances of the messages will be disabled. Use the Tcl command set_msg_config to change the current settings.
WARNING: [Synth 8-3917] design ddr4_ddr4_mem_intfc__GC0 has port raw_not_ecc[7] driven by constant 0
WARNING: [Synth 8-3917] design ddr4_ddr4_mem_intfc__GC0 has port raw_not_ecc[6] driven by constant 0
WARNING: [Synth 8-3917] design ddr4_ddr4_mem_intfc__GC0 has port raw_not_ecc[5] driven by constant 0
WARNING: [Synth 8-3917] design ddr4_ddr4_mem_intfc__GC0 has port raw_not_ecc[4] driven by constant 0
WARNING: [Synth 8-3917] design ddr4_ddr4_mem_intfc__GC0 has port raw_not_ecc[3] driven by constant 0
WARNING: [Synth 8-3917] design ddr4_ddr4_mem_intfc__GC0 has port raw_not_ecc[2] driven by constant 0
WARNING: [Synth 8-3917] design ddr4_ddr4_mem_intfc__GC0 has port raw_not_ecc[1] driven by constant 0
WARNING: [Synth 8-3917] design ddr4_ddr4_mem_intfc__GC0 has port raw_not_ecc[0] driven by constant 0
WARNING: [Synth 8-3917] design ddr4_ddr4_mem_intfc__GC0 has port lr[0] driven by constant 0
INFO: [Common 17-14] Message 'Synth 8-7129' appears 100 times and further instances of the messages will be disabled. Use the Tcl command set_msg_config to change the current settings.
INFO: [Common 17-14] Message 'Synth 8-3333' appears 100 times and further instances of the messages will be disabled. Use the Tcl command set_msg_config to change the current settings.
INFO: [Common 17-14] Message 'Synth 8-3886' appears 100 times and further instances of the messages will be disabled. Use the Tcl command set_msg_config to change the current settings.
WARNING: [Synth 8-3332] Sequential element (POR_FF_I) is unused and will be removed from module lmb_v10.
WARNING: [Synth 8-3332] Sequential element (POR_FF_I) is unused and will be removed from module lmb_v10__parameterized1.
WARNING: [Synth 8-3332] Sequential element (IOModule_Core_I1/intr_ctrl_I1/cipr_rd_dff_all[0].fdr_i/Using_FPGA.Native) is unused and will be removed from module iomodule.
WARNING: [Synth 8-3332] Sequential element (IOModule_Core_I1/intr_ctrl_I1/cipr_rd_dff_all[1].fdr_i/Using_FPGA.Native) is unused and will be removed from module iomodule.
WARNING: [Synth 8-3332] Sequential element (IOModule_Core_I1/intr_ctrl_I1/cipr_rd_dff_all[2].fdr_i/Using_FPGA.Native) is unused and will be removed from module iomodule.
WARNING: [Synth 8-3332] Sequential element (IOModule_Core_I1/intr_ctrl_I1/cipr_rd_dff_all[3].fdr_i/Using_FPGA.Native) is unused and will be removed from module iomodule.
WARNING: [Synth 8-3332] Sequential element (IOModule_Core_I1/intr_ctrl_I1/cipr_rd_dff_all[4].fdr_i/Using_FPGA.Native) is unused and will be removed from module iomodule.
WARNING: [Synth 8-3332] Sequential element (IOModule_Core_I1/intr_ctrl_I1/cipr_rd_dff_all[5].fdr_i/Using_FPGA.Native) is unused and will be removed from module iomodule.
WARNING: [Synth 8-3332] Sequential element (IOModule_Core_I1/intr_ctrl_I1/cipr_rd_dff_all[6].fdr_i/Using_FPGA.Native) is unused and will be removed from module iomodule.
WARNING: [Synth 8-3332] Sequential element (IOModule_Core_I1/intr_ctrl_I1/cipr_rd_dff_all[7].fdr_i/Using_FPGA.Native) is unused and will be removed from module iomodule.
WARNING: [Synth 8-3332] Sequential element (IOModule_Core_I1/intr_ctrl_I1/cipr_rd_dff_all[8].fdr_i/Using_FPGA.Native) is unused and will be removed from module iomodule.
WARNING: [Synth 8-3332] Sequential element (IOModule_Core_I1/intr_ctrl_I1/cipr_rd_dff_all[9].fdr_i/Using_FPGA.Native) is unused and will be removed from module iomodule.
WARNING: [Synth 8-3332] Sequential element (IOModule_Core_I1/intr_ctrl_I1/cipr_rd_dff_all[10].fdr_i/Using_FPGA.Native) is unused and will be removed from module iomodule.
WARNING: [Synth 8-3332] Sequential element (IOModule_Core_I1/intr_ctrl_I1/cipr_rd_dff_all[11].fdr_i/Using_FPGA.Native) is unused and will be removed from module iomodule.
WARNING: [Synth 8-3332] Sequential element (IOModule_Core_I1/intr_ctrl_I1/cipr_rd_dff_all[12].fdr_i/Using_FPGA.Native) is unused and will be removed from module iomodule.
WARNING: [Synth 8-3332] Sequential element (IOModule_Core_I1/intr_ctrl_I1/cipr_rd_dff_all[13].fdr_i/Using_FPGA.Native) is unused and will be removed from module iomodule.
WARNING: [Synth 8-3332] Sequential element (IOModule_Core_I1/intr_ctrl_I1/cipr_rd_dff_all[14].fdr_i/Using_FPGA.Native) is unused and will be removed from module iomodule.
WARNING: [Synth 8-3332] Sequential element (IOModule_Core_I1/intr_ctrl_I1/cipr_rd_dff_all[15].fdr_i/Using_FPGA.Native) is unused and will be removed from module iomodule.
WARNING: [Synth 8-3332] Sequential element (IOModule_Core_I1/intr_ctrl_I1/cipr_rd_dff_all[16].fdr_i/Using_FPGA.Native) is unused and will be removed from module iomodule.
WARNING: [Synth 8-3332] Sequential element (IOModule_Core_I1/intr_ctrl_I1/cipr_rd_dff_all[17].fdr_i/Using_FPGA.Native) is unused and will be removed from module iomodule.
WARNING: [Synth 8-3332] Sequential element (IOModule_Core_I1/intr_ctrl_I1/cipr_rd_dff_all[18].fdr_i/Using_FPGA.Native) is unused and will be removed from module iomodule.
WARNING: [Synth 8-3332] Sequential element (IOModule_Core_I1/intr_ctrl_I1/cipr_rd_dff_all[19].fdr_i/Using_FPGA.Native) is unused and will be removed from module iomodule.
WARNING: [Synth 8-3332] Sequential element (IOModule_Core_I1/intr_ctrl_I1/cipr_rd_dff_all[20].fdr_i/Using_FPGA.Native) is unused and will be removed from module iomodule.
WARNING: [Synth 8-3332] Sequential element (IOModule_Core_I1/intr_ctrl_I1/cipr_rd_dff_all[21].fdr_i/Using_FPGA.Native) is unused and will be removed from module iomodule.
WARNING: [Synth 8-3332] Sequential element (IOModule_Core_I1/intr_ctrl_I1/cipr_rd_dff_all[22].fdr_i/Using_FPGA.Native) is unused and will be removed from module iomodule.
WARNING: [Synth 8-3332] Sequential element (IOModule_Core_I1/intr_ctrl_I1/cipr_rd_dff_all[23].fdr_i/Using_FPGA.Native) is unused and will be removed from module iomodule.
WARNING: [Synth 8-3332] Sequential element (IOModule_Core_I1/intr_ctrl_I1/cipr_rd_dff_all[24].fdr_i/Using_FPGA.Native) is unused and will be removed from module iomodule.
WARNING: [Synth 8-3332] Sequential element (IOModule_Core_I1/intr_ctrl_I1/cipr_rd_dff_all[25].fdr_i/Using_FPGA.Native) is unused and will be removed from module iomodule.
WARNING: [Synth 8-3332] Sequential element (IOModule_Core_I1/intr_ctrl_I1/cipr_rd_dff_all[26].fdr_i/Using_FPGA.Native) is unused and will be removed from module iomodule.
WARNING: [Synth 8-3332] Sequential element (IOModule_Core_I1/intr_ctrl_I1/cipr_rd_dff_all[27].fdr_i/Using_FPGA.Native) is unused and will be removed from module iomodule.
WARNING: [Synth 8-3332] Sequential element (IOModule_Core_I1/intr_ctrl_I1/cipr_rd_dff_all[28].fdr_i/Using_FPGA.Native) is unused and will be removed from module iomodule.
WARNING: [Synth 8-3332] Sequential element (IOModule_Core_I1/intr_ctrl_I1/cipr_rd_dff_all[29].fdr_i/Using_FPGA.Native) is unused and will be removed from module iomodule.
WARNING: [Synth 8-3332] Sequential element (IOModule_Core_I1/intr_ctrl_I1/cipr_rd_dff_all[30].fdr_i/Using_FPGA.Native) is unused and will be removed from module iomodule.
WARNING: [Synth 8-3332] Sequential element (IOModule_Core_I1/intr_ctrl_I1/cipr_rd_dff_all[31].fdr_i/Using_FPGA.Native) is unused and will be removed from module iomodule.
INFO: [Synth 8-3332] Sequential element (MicroBlaze_Core_I/Performance.Core/Decode_I/Using_FPGA_2.ex_reverse_mem_access_inst/Using_FPGA.Native) is unused and will be removed from module MicroBlaze.
INFO: [Synth 8-3332] Sequential element (MicroBlaze_Core_I/Performance.Core/Decode_I/Using_FPGA.Gen_Bits[27].MEM_EX_Result_Inst/Using_FPGA.Native) is unused and will be removed from module MicroBlaze.
INFO: [Synth 8-3332] Sequential element (MicroBlaze_Core_I/Performance.Core/Decode_I/Using_FPGA.Gen_Bits[28].MEM_EX_Result_Inst/Using_FPGA.Native) is unused and will be removed from module MicroBlaze.
INFO: [Synth 8-3332] Sequential element (MicroBlaze_Core_I/Performance.Core/Decode_I/Using_FPGA.Gen_Bits[29].MEM_EX_Result_Inst/Using_FPGA.Native) is unused and will be removed from module MicroBlaze.
INFO: [Synth 8-3332] Sequential element (MicroBlaze_Core_I/Performance.Core/Decode_I/Using_FPGA.Gen_Bits[30].MEM_EX_Result_Inst/Using_FPGA.Native) is unused and will be removed from module MicroBlaze.
INFO: [Synth 8-3332] Sequential element (MicroBlaze_Core_I/Performance.Core/Decode_I/Using_FPGA.Gen_Bits[31].MEM_EX_Result_Inst/Using_FPGA.Native) is unused and will be removed from module MicroBlaze.
WARNING: [Synth 8-3332] Sequential element (msr_reg_i/MEM_MSR_Bits[17].Using_FDR.MSR_I/Using_FPGA.Native) is unused and will be removed from module Data_Flow_gti.
WARNING: [Synth 8-3332] Sequential element (msr_reg_i/MEM_MSR_Bits[18].Using_FDR.MSR_I/Using_FPGA.Native) is unused and will be removed from module Data_Flow_gti.
WARNING: [Synth 8-3332] Sequential element (msr_reg_i/MEM_MSR_Bits[19].Using_FDR.MSR_I/Using_FPGA.Native) is unused and will be removed from module Data_Flow_gti.
WARNING: [Synth 8-3332] Sequential element (msr_reg_i/MEM_MSR_Bits[20].Using_FDR.MSR_I/Using_FPGA.Native) is unused and will be removed from module Data_Flow_gti.
WARNING: [Synth 8-3332] Sequential element (msr_reg_i/MEM_MSR_Bits[21].Using_FDR.MSR_I/Using_FPGA.Native) is unused and will be removed from module Data_Flow_gti.
WARNING: [Synth 8-3332] Sequential element (msr_reg_i/MEM_MSR_Bits[22].Using_FDR.MSR_I/Using_FPGA.Native) is unused and will be removed from module Data_Flow_gti.
WARNING: [Synth 8-3332] Sequential element (msr_reg_i/MEM_MSR_Bits[23].Using_FDR.MSR_I/Using_FPGA.Native) is unused and will be removed from module Data_Flow_gti.
WARNING: [Synth 8-3332] Sequential element (msr_reg_i/MEM_MSR_Bits[24].Using_FDR.MSR_I/Using_FPGA.Native) is unused and will be removed from module Data_Flow_gti.
WARNING: [Synth 8-3332] Sequential element (msr_reg_i/MEM_MSR_Bits[26].Using_FDR.MSR_I/Using_FPGA.Native) is unused and will be removed from module Data_Flow_gti.
WARNING: [Synth 8-3332] Sequential element (msr_reg_i/MEM_MSR_Bits[27].Using_FDR.MSR_I/Using_FPGA.Native) is unused and will be removed from module Data_Flow_gti.
WARNING: [Synth 8-3332] Sequential element (msr_reg_i/MEM_MSR_Bits[31].Using_FDR.MSR_I/Using_FPGA.Native) is unused and will be removed from module Data_Flow_gti.
WARNING: [Synth 8-3332] Sequential element (msr_reg_i/OF_EX_MSR_Bits[17].Using_FDR.MSR_ex_I/Using_FPGA.Native) is unused and will be removed from module Data_Flow_gti.
WARNING: [Synth 8-3332] Sequential element (msr_reg_i/OF_EX_MSR_Bits[17].Using_FDR.MSR_of_I/Using_FPGA.Native) is unused and will be removed from module Data_Flow_gti.
WARNING: [Synth 8-3332] Sequential element (msr_reg_i/OF_EX_MSR_Bits[18].Using_FDR.MSR_ex_I/Using_FPGA.Native) is unused and will be removed from module Data_Flow_gti.
WARNING: [Synth 8-3332] Sequential element (msr_reg_i/OF_EX_MSR_Bits[18].Using_FDR.MSR_of_I/Using_FPGA.Native) is unused and will be removed from module Data_Flow_gti.
WARNING: [Synth 8-3332] Sequential element (msr_reg_i/OF_EX_MSR_Bits[19].Using_FDR.MSR_ex_I/Using_FPGA.Native) is unused and will be removed from module Data_Flow_gti.
WARNING: [Synth 8-3332] Sequential element (msr_reg_i/OF_EX_MSR_Bits[19].Using_FDR.MSR_of_I/Using_FPGA.Native) is unused and will be removed from module Data_Flow_gti.
WARNING: [Synth 8-3332] Sequential element (msr_reg_i/OF_EX_MSR_Bits[20].Using_FDR.MSR_ex_I/Using_FPGA.Native) is unused and will be removed from module Data_Flow_gti.
WARNING: [Synth 8-3332] Sequential element (msr_reg_i/OF_EX_MSR_Bits[20].Using_FDR.MSR_of_I/Using_FPGA.Native) is unused and will be removed from module Data_Flow_gti.
WARNING: [Synth 8-3332] Sequential element (msr_reg_i/OF_EX_MSR_Bits[21].Using_FDR.MSR_ex_I/Using_FPGA.Native) is unused and will be removed from module Data_Flow_gti.
WARNING: [Synth 8-3332] Sequential element (msr_reg_i/OF_EX_MSR_Bits[21].Using_FDR.MSR_of_I/Using_FPGA.Native) is unused and will be removed from module Data_Flow_gti.
WARNING: [Synth 8-3332] Sequential element (msr_reg_i/OF_EX_MSR_Bits[22].Using_FDR.MSR_ex_I/Using_FPGA.Native) is unused and will be removed from module Data_Flow_gti.
WARNING: [Synth 8-3332] Sequential element (msr_reg_i/OF_EX_MSR_Bits[22].Using_FDR.MSR_of_I/Using_FPGA.Native) is unused and will be removed from module Data_Flow_gti.
WARNING: [Synth 8-3332] Sequential element (msr_reg_i/OF_EX_MSR_Bits[23].Using_FDR.MSR_ex_I/Using_FPGA.Native) is unused and will be removed from module Data_Flow_gti.
WARNING: [Synth 8-3332] Sequential element (msr_reg_i/OF_EX_MSR_Bits[23].Using_FDR.MSR_of_I/Using_FPGA.Native) is unused and will be removed from module Data_Flow_gti.
WARNING: [Synth 8-3332] Sequential element (msr_reg_i/OF_EX_MSR_Bits[24].Using_FDR.MSR_ex_I/Using_FPGA.Native) is unused and will be removed from module Data_Flow_gti.
WARNING: [Synth 8-3332] Sequential element (msr_reg_i/OF_EX_MSR_Bits[24].Using_FDR.MSR_of_I/Using_FPGA.Native) is unused and will be removed from module Data_Flow_gti.
WARNING: [Synth 8-3332] Sequential element (msr_reg_i/OF_EX_MSR_Bits[25].Using_FDR.MSR_of_I/Using_FPGA.Native) is unused and will be removed from module Data_Flow_gti.
WARNING: [Synth 8-3332] Sequential element (msr_reg_i/OF_EX_MSR_Bits[26].Using_FDR.MSR_ex_I/Using_FPGA.Native) is unused and will be removed from module Data_Flow_gti.
WARNING: [Synth 8-3332] Sequential element (msr_reg_i/OF_EX_MSR_Bits[26].Using_FDR.MSR_of_I/Using_FPGA.Native) is unused and will be removed from module Data_Flow_gti.
WARNING: [Synth 8-3332] Sequential element (msr_reg_i/OF_EX_MSR_Bits[27].Using_FDR.MSR_ex_I/Using_FPGA.Native) is unused and will be removed from module Data_Flow_gti.
WARNING: [Synth 8-3332] Sequential element (msr_reg_i/OF_EX_MSR_Bits[27].Using_FDR.MSR_of_I/Using_FPGA.Native) is unused and will be removed from module Data_Flow_gti.
WARNING: [Synth 8-3332] Sequential element (msr_reg_i/OF_EX_MSR_Bits[28].Using_FDR.MSR_of_I/Using_FPGA.Native) is unused and will be removed from module Data_Flow_gti.
WARNING: [Synth 8-3332] Sequential element (msr_reg_i/OF_EX_MSR_Bits[29].Using_FDR.MSR_of_I/Using_FPGA.Native) is unused and will be removed from module Data_Flow_gti.
WARNING: [Synth 8-3332] Sequential element (msr_reg_i/OF_EX_MSR_Bits[30].Using_FDR.MSR_of_I/Using_FPGA.Native) is unused and will be removed from module Data_Flow_gti.
WARNING: [Synth 8-3332] Sequential element (msr_reg_i/OF_EX_MSR_Bits[31].Using_FDR.MSR_ex_I/Using_FPGA.Native) is unused and will be removed from module Data_Flow_gti.
WARNING: [Synth 8-3332] Sequential element (msr_reg_i/OF_EX_MSR_Bits[31].Using_FDR.MSR_of_I/Using_FPGA.Native) is unused and will be removed from module Data_Flow_gti.
WARNING: [Synth 8-3332] Sequential element (exception_registers_I1/Using_FPGA_LUT6.Gen_Ret_Addr[31].WB_PC_FDRE/Using_FPGA.Native) is unused and will be removed from module Data_Flow_gti.
WARNING: [Synth 8-3332] Sequential element (exception_registers_I1/Using_FPGA_LUT6.Gen_Ret_Addr[30].WB_PC_FDRE/Using_FPGA.Native) is unused and will be removed from module Data_Flow_gti.
WARNING: [Synth 8-3332] Sequential element (exception_registers_I1/Using_FPGA_LUT6.Gen_Ret_Addr[29].WB_PC_FDRE/Using_FPGA.Native) is unused and will be removed from module Data_Flow_gti.
WARNING: [Synth 8-3332] Sequential element (exception_registers_I1/Using_FPGA_LUT6.Gen_Ret_Addr[28].WB_PC_FDRE/Using_FPGA.Native) is unused and will be removed from module Data_Flow_gti.
WARNING: [Synth 8-3332] Sequential element (exception_registers_I1/Using_FPGA_LUT6.Gen_Ret_Addr[27].WB_PC_FDRE/Using_FPGA.Native) is unused and will be removed from module Data_Flow_gti.
WARNING: [Synth 8-3332] Sequential element (exception_registers_I1/Using_FPGA_LUT6.Gen_Ret_Addr[26].WB_PC_FDRE/Using_FPGA.Native) is unused and will be removed from module Data_Flow_gti.
WARNING: [Synth 8-3332] Sequential element (exception_registers_I1/Using_FPGA_LUT6.Gen_Ret_Addr[25].WB_PC_FDRE/Using_FPGA.Native) is unused and will be removed from module Data_Flow_gti.
WARNING: [Synth 8-3332] Sequential element (exception_registers_I1/Using_FPGA_LUT6.Gen_Ret_Addr[24].WB_PC_FDRE/Using_FPGA.Native) is unused and will be removed from module Data_Flow_gti.
WARNING: [Synth 8-3332] Sequential element (exception_registers_I1/Using_FPGA_LUT6.Gen_Ret_Addr[23].WB_PC_FDRE/Using_FPGA.Native) is unused and will be removed from module Data_Flow_gti.
WARNING: [Synth 8-3332] Sequential element (exception_registers_I1/Using_FPGA_LUT6.Gen_Ret_Addr[22].WB_PC_FDRE/Using_FPGA.Native) is unused and will be removed from module Data_Flow_gti.
WARNING: [Synth 8-3332] Sequential element (exception_registers_I1/Using_FPGA_LUT6.Gen_Ret_Addr[21].WB_PC_FDRE/Using_FPGA.Native) is unused and will be removed from module Data_Flow_gti.
WARNING: [Synth 8-3332] Sequential element (exception_registers_I1/Using_FPGA_LUT6.Gen_Ret_Addr[20].WB_PC_FDRE/Using_FPGA.Native) is unused and will be removed from module Data_Flow_gti.
WARNING: [Synth 8-3332] Sequential element (exception_registers_I1/Using_FPGA_LUT6.Gen_Ret_Addr[19].WB_PC_FDRE/Using_FPGA.Native) is unused and will be removed from module Data_Flow_gti.
WARNING: [Synth 8-3332] Sequential element (exception_registers_I1/Using_FPGA_LUT6.Gen_Ret_Addr[18].WB_PC_FDRE/Using_FPGA.Native) is unused and will be removed from module Data_Flow_gti.
WARNING: [Synth 8-3332] Sequential element (exception_registers_I1/Using_FPGA_LUT6.Gen_Ret_Addr[17].WB_PC_FDRE/Using_FPGA.Native) is unused and will be removed from module Data_Flow_gti.
WARNING: [Synth 8-3332] Sequential element (exception_registers_I1/Using_FPGA_LUT6.Gen_Ret_Addr[16].WB_PC_FDRE/Using_FPGA.Native) is unused and will be removed from module Data_Flow_gti.
WARNING: [Synth 8-3332] Sequential element (exception_registers_I1/Using_FPGA_LUT6.Gen_Ret_Addr[15].WB_PC_FDRE/Using_FPGA.Native) is unused and will be removed from module Data_Flow_gti.
WARNING: [Synth 8-3332] Sequential element (exception_registers_I1/Using_FPGA_LUT6.Gen_Ret_Addr[14].WB_PC_FDRE/Using_FPGA.Native) is unused and will be removed from module Data_Flow_gti.
WARNING: [Synth 8-3332] Sequential element (exception_registers_I1/Using_FPGA_LUT6.Gen_Ret_Addr[13].WB_PC_FDRE/Using_FPGA.Native) is unused and will be removed from module Data_Flow_gti.
WARNING: [Synth 8-3332] Sequential element (exception_registers_I1/Using_FPGA_LUT6.Gen_Ret_Addr[12].WB_PC_FDRE/Using_FPGA.Native) is unused and will be removed from module Data_Flow_gti.
WARNING: [Synth 8-3332] Sequential element (exception_registers_I1/Using_FPGA_LUT6.Gen_Ret_Addr[11].WB_PC_FDRE/Using_FPGA.Native) is unused and will be removed from module Data_Flow_gti.
WARNING: [Synth 8-3332] Sequential element (exception_registers_I1/Using_FPGA_LUT6.Gen_Ret_Addr[10].WB_PC_FDRE/Using_FPGA.Native) is unused and will be removed from module Data_Flow_gti.
WARNING: [Synth 8-3332] Sequential element (exception_registers_I1/Using_FPGA_LUT6.Gen_Ret_Addr[9].WB_PC_FDRE/Using_FPGA.Native) is unused and will be removed from module Data_Flow_gti.
INFO: [Common 17-14] Message 'Synth 8-3332' appears 100 times and further instances of the messages will be disabled. Use the Tcl command set_msg_config to change the current settings.
INFO: [Common 17-14] Message 'Synth 8-3332' appears 100 times and further instances of the messages will be disabled. Use the Tcl command set_msg_config to change the current settings.
---------------------------------------------------------------------------------
Finished Cross Boundary and Area Optimization : Time (s): cpu = 00:01:46 ; elapsed = 00:02:00 . Memory (MB): peak = 4614.199 ; gain = 1337.086 ; free physical = 78431 ; free virtual = 533382
---------------------------------------------------------------------------------
---------------------------------------------------------------------------------
Start Applying XDC Timing Constraints
---------------------------------------------------------------------------------
INFO: [Synth 8-5578] Moved timing constraint from pin 'u_ddr_cal_riu/mcs0/inst/microblaze_I/U0/Reset' to pin 'u_ddr_cal_riu/mcs0/inst/rst_0/U0/FDRE_inst/Q'
WARNING: [Synth 8-3321] set_false_path : Empty through list for constraint at line 295 of /scratch2/nsalamini/github_new_new/cheshire/target/xilinx/build/vcu118.ddr4/ddr4.gen/sources_1/ip/ddr4/par/ddr4.xdc. [/scratch2/nsalamini/github_new_new/cheshire/target/xilinx/build/vcu118.ddr4/ddr4.gen/sources_1/ip/ddr4/par/ddr4.xdc:295]
INFO: [Synth 8-5819] Moved 1 constraints on hierarchical pins to their respective driving/loading pins
---------------------------------------------------------------------------------
Finished Applying XDC Timing Constraints : Time (s): cpu = 00:01:52 ; elapsed = 00:02:06 . Memory (MB): peak = 4614.199 ; gain = 1337.086 ; free physical = 78179 ; free virtual = 533185
---------------------------------------------------------------------------------
---------------------------------------------------------------------------------
Start Timing Optimization
---------------------------------------------------------------------------------
---------------------------------------------------------------------------------
Finished Timing Optimization : Time (s): cpu = 00:02:00 ; elapsed = 00:02:15 . Memory (MB): peak = 4614.199 ; gain = 1337.086 ; free physical = 78203 ; free virtual = 533143
---------------------------------------------------------------------------------
---------------------------------------------------------------------------------
Start Technology Mapping
---------------------------------------------------------------------------------
---------------------------------------------------------------------------------
Finished Technology Mapping : Time (s): cpu = 00:02:08 ; elapsed = 00:02:29 . Memory (MB): peak = 4614.199 ; gain = 1337.086 ; free physical = 76558 ; free virtual = 531513
---------------------------------------------------------------------------------
---------------------------------------------------------------------------------
Start IO Insertion
---------------------------------------------------------------------------------
---------------------------------------------------------------------------------
Start Flattening Before IO Insertion
---------------------------------------------------------------------------------
---------------------------------------------------------------------------------
Finished Flattening Before IO Insertion
---------------------------------------------------------------------------------
---------------------------------------------------------------------------------
Start Final Netlist Cleanup
---------------------------------------------------------------------------------
---------------------------------------------------------------------------------
Finished Final Netlist Cleanup
---------------------------------------------------------------------------------
---------------------------------------------------------------------------------
Finished IO Insertion : Time (s): cpu = 00:02:17 ; elapsed = 00:02:38 . Memory (MB): peak = 4614.199 ; gain = 1337.086 ; free physical = 76521 ; free virtual = 531500
---------------------------------------------------------------------------------
---------------------------------------------------------------------------------
Start Renaming Generated Instances
---------------------------------------------------------------------------------
---------------------------------------------------------------------------------
Finished Renaming Generated Instances : Time (s): cpu = 00:02:17 ; elapsed = 00:02:38 . Memory (MB): peak = 4614.199 ; gain = 1337.086 ; free physical = 76518 ; free virtual = 531497
---------------------------------------------------------------------------------
---------------------------------------------------------------------------------
Start Rebuilding User Hierarchy
---------------------------------------------------------------------------------
---------------------------------------------------------------------------------
Finished Rebuilding User Hierarchy : Time (s): cpu = 00:02:21 ; elapsed = 00:02:42 . Memory (MB): peak = 4614.199 ; gain = 1337.086 ; free physical = 76527 ; free virtual = 531507
---------------------------------------------------------------------------------
---------------------------------------------------------------------------------
Start Renaming Generated Ports
---------------------------------------------------------------------------------
---------------------------------------------------------------------------------
Finished Renaming Generated Ports : Time (s): cpu = 00:02:21 ; elapsed = 00:02:42 . Memory (MB): peak = 4614.199 ; gain = 1337.086 ; free physical = 76528 ; free virtual = 531507
---------------------------------------------------------------------------------
---------------------------------------------------------------------------------
Start Handling Custom Attributes
---------------------------------------------------------------------------------
---------------------------------------------------------------------------------
Finished Handling Custom Attributes : Time (s): cpu = 00:02:22 ; elapsed = 00:02:44 . Memory (MB): peak = 4614.199 ; gain = 1337.086 ; free physical = 76518 ; free virtual = 531498
---------------------------------------------------------------------------------
---------------------------------------------------------------------------------
Start Renaming Generated Nets
---------------------------------------------------------------------------------
---------------------------------------------------------------------------------
Finished Renaming Generated Nets : Time (s): cpu = 00:02:23 ; elapsed = 00:02:44 . Memory (MB): peak = 4614.199 ; gain = 1337.086 ; free physical = 76516 ; free virtual = 531496
---------------------------------------------------------------------------------
---------------------------------------------------------------------------------
Start Writing Synthesis Report
---------------------------------------------------------------------------------

DSP Final Report (the ' indicates corresponding REG is set)
+---------------------------+--------------------+--------+--------+--------+--------+--------+------+------+------+------+-------+------+------+
|Module Name                | DSP Mapping        | A Size | B Size | C Size | D Size | P Size | AREG | BREG | CREG | DREG | ADREG | MREG | PREG | 
+---------------------------+--------------------+--------+--------+--------+--------+--------+------+------+------+------+-------+------+------+
|MB_DSP48E1__parameterized1 | (PCIN>>17+(A*B)')' | 30     | 17     | -      | -      | 48     | 0    | 0    | -    | -    | -     | 1    | 1    | 
|MB_DSP48E1__parameterized3 | PCIN+(A'*B')'      | 17     | 18     | -      | -      | 48     | 1    | 1    | -    | -    | -     | 1    | 0    | 
|MB_DSP48E1                 | (A*B)'             | 17     | 17     | -      | -      | 48     | 0    | 0    | -    | -    | -     | 0    | 1    | 
+---------------------------+--------------------+--------+--------+--------+--------+--------+------+------+------+------+-------+------+------+


Report BlackBoxes: 
+-+--------------+----------+
| |BlackBox name |Instances |
+-+--------------+----------+
+-+--------------+----------+

Report Cell Usage: 
+------+-----------------+------+
|      |Cell             |Count |
+------+-----------------+------+
|1     |AND2B1L          |     1|
|2     |BITSLICE_CONTROL |    20|
|5     |BUFG             |     9|
|6     |CARRY8           |    35|
|7     |DSP48E1          |     3|
|8     |HPIO_VREF        |     8|
|9     |LUT1             |   434|
|10    |LUT2             |  1094|
|11    |LUT3             |  5327|
|12    |LUT4             |  2807|
|13    |LUT5             |  3373|
|14    |LUT6             |  5276|
|16    |MMCME4_ADV       |     1|
|17    |MULT_AND         |     1|
|18    |MUXCY_L          |   153|
|19    |MUXF7            |   381|
|20    |PLLE4_ADV        |     3|
|21    |RAM32M           |   204|
|22    |RAMB18E2         |     1|
|23    |RAMB36E2         |    25|
|26    |RIU_OR           |    10|
|27    |RXTX_BITSLICE    |   105|
|30    |SRL16            |     1|
|31    |SRL16E           |    95|
|32    |SRLC32E          |   523|
|33    |TX_BITSLICE_TRI  |    20|
|34    |XORCY            |   126|
|35    |FDPE             |     2|
|36    |FDR              |    93|
|37    |FDRE             | 17717|
|38    |FDS              |     1|
|39    |FDSE             |   484|
|40    |IOBUFDS          |     8|
|41    |IOBUFE3          |    72|
|42    |OBUF             |    25|
|43    |OBUFDS           |     1|
+------+-----------------+------+
---------------------------------------------------------------------------------
Finished Writing Synthesis Report : Time (s): cpu = 00:02:23 ; elapsed = 00:02:44 . Memory (MB): peak = 4614.199 ; gain = 1337.086 ; free physical = 76515 ; free virtual = 531495
---------------------------------------------------------------------------------
Synthesis finished with 0 errors, 0 critical warnings and 2189 warnings.
Synthesis Optimization Runtime : Time (s): cpu = 00:02:02 ; elapsed = 00:02:25 . Memory (MB): peak = 4614.199 ; gain = 955.367 ; free physical = 86222 ; free virtual = 541202
Synthesis Optimization Complete : Time (s): cpu = 00:02:27 ; elapsed = 00:02:47 . Memory (MB): peak = 4614.199 ; gain = 1337.086 ; free physical = 86243 ; free virtual = 541202
INFO: [Project 1-571] Translating synthesized netlist
Netlist sorting complete. Time (s): cpu = 00:00:00.63 ; elapsed = 00:00:00.64 . Memory (MB): peak = 4614.199 ; gain = 0.000 ; free physical = 86195 ; free virtual = 541155
INFO: [Netlist 29-17] Analyzing 1123 Unisim elements for replacement
INFO: [Netlist 29-28] Unisim Transformation completed in 0 CPU seconds
INFO: [Project 1-570] Preparing netlist for logic optimization
INFO: [Opt 31-138] Pushed 0 inverter(s) to 0 load pin(s).
INFO: [Opt 31-422] The CLOCK_DOMAINS attribute on the BRAM cell inst/u_ddr4_mem_intfc/u_ddr_cal_riu/mcs0/inst/lmb_bram_I/U0/inst_blk_mem_gen/gnbram.gnative_mem_map_bmg.native_mem_map_blk_mem_gen/valid.cstr/ramloop[0].ram.r/prim_noinit.ram/DEVICE_8SERIES.WITH_BMM_INFO.TRUE_DP.SIMPLE_PRIM36.SERIES8_TDP_SP36_NO_ECC_ATTR.ram has been changed from INDEPENDENT to COMMON to match the clocking topology used for the BRAM.
INFO: [Opt 31-422] The CLOCK_DOMAINS attribute on the BRAM cell inst/u_ddr4_mem_intfc/u_ddr_cal_riu/mcs0/inst/lmb_bram_I/U0/inst_blk_mem_gen/gnbram.gnative_mem_map_bmg.native_mem_map_blk_mem_gen/valid.cstr/ramloop[10].ram.r/prim_noinit.ram/DEVICE_8SERIES.WITH_BMM_INFO.TRUE_DP.SIMPLE_PRIM36.SERIES8_TDP_SP36_NO_ECC_ATTR.ram has been changed from INDEPENDENT to COMMON to match the clocking topology used for the BRAM.
INFO: [Opt 31-422] The CLOCK_DOMAINS attribute on the BRAM cell inst/u_ddr4_mem_intfc/u_ddr_cal_riu/mcs0/inst/lmb_bram_I/U0/inst_blk_mem_gen/gnbram.gnative_mem_map_bmg.native_mem_map_blk_mem_gen/valid.cstr/ramloop[11].ram.r/prim_noinit.ram/DEVICE_8SERIES.WITH_BMM_INFO.TRUE_DP.SIMPLE_PRIM36.SERIES8_TDP_SP36_NO_ECC_ATTR.ram has been changed from INDEPENDENT to COMMON to match the clocking topology used for the BRAM.
INFO: [Opt 31-422] The CLOCK_DOMAINS attribute on the BRAM cell inst/u_ddr4_mem_intfc/u_ddr_cal_riu/mcs0/inst/lmb_bram_I/U0/inst_blk_mem_gen/gnbram.gnative_mem_map_bmg.native_mem_map_blk_mem_gen/valid.cstr/ramloop[12].ram.r/prim_noinit.ram/DEVICE_8SERIES.WITH_BMM_INFO.TRUE_DP.SIMPLE_PRIM36.SERIES8_TDP_SP36_NO_ECC_ATTR.ram has been changed from INDEPENDENT to COMMON to match the clocking topology used for the BRAM.
INFO: [Opt 31-422] The CLOCK_DOMAINS attribute on the BRAM cell inst/u_ddr4_mem_intfc/u_ddr_cal_riu/mcs0/inst/lmb_bram_I/U0/inst_blk_mem_gen/gnbram.gnative_mem_map_bmg.native_mem_map_blk_mem_gen/valid.cstr/ramloop[13].ram.r/prim_noinit.ram/DEVICE_8SERIES.WITH_BMM_INFO.TRUE_DP.SIMPLE_PRIM36.SERIES8_TDP_SP36_NO_ECC_ATTR.ram has been changed from INDEPENDENT to COMMON to match the clocking topology used for the BRAM.
INFO: [Opt 31-422] The CLOCK_DOMAINS attribute on the BRAM cell inst/u_ddr4_mem_intfc/u_ddr_cal_riu/mcs0/inst/lmb_bram_I/U0/inst_blk_mem_gen/gnbram.gnative_mem_map_bmg.native_mem_map_blk_mem_gen/valid.cstr/ramloop[14].ram.r/prim_noinit.ram/DEVICE_8SERIES.WITH_BMM_INFO.TRUE_DP.SIMPLE_PRIM36.SERIES8_TDP_SP36_NO_ECC_ATTR.ram has been changed from INDEPENDENT to COMMON to match the clocking topology used for the BRAM.
INFO: [Opt 31-422] The CLOCK_DOMAINS attribute on the BRAM cell inst/u_ddr4_mem_intfc/u_ddr_cal_riu/mcs0/inst/lmb_bram_I/U0/inst_blk_mem_gen/gnbram.gnative_mem_map_bmg.native_mem_map_blk_mem_gen/valid.cstr/ramloop[15].ram.r/prim_noinit.ram/DEVICE_8SERIES.WITH_BMM_INFO.TRUE_DP.SIMPLE_PRIM36.SERIES8_TDP_SP36_NO_ECC_ATTR.ram has been changed from INDEPENDENT to COMMON to match the clocking topology used for the BRAM.
INFO: [Opt 31-422] The CLOCK_DOMAINS attribute on the BRAM cell inst/u_ddr4_mem_intfc/u_ddr_cal_riu/mcs0/inst/lmb_bram_I/U0/inst_blk_mem_gen/gnbram.gnative_mem_map_bmg.native_mem_map_blk_mem_gen/valid.cstr/ramloop[1].ram.r/prim_noinit.ram/DEVICE_8SERIES.WITH_BMM_INFO.TRUE_DP.SIMPLE_PRIM36.SERIES8_TDP_SP36_NO_ECC_ATTR.ram has been changed from INDEPENDENT to COMMON to match the clocking topology used for the BRAM.
INFO: [Opt 31-422] The CLOCK_DOMAINS attribute on the BRAM cell inst/u_ddr4_mem_intfc/u_ddr_cal_riu/mcs0/inst/lmb_bram_I/U0/inst_blk_mem_gen/gnbram.gnative_mem_map_bmg.native_mem_map_blk_mem_gen/valid.cstr/ramloop[2].ram.r/prim_noinit.ram/DEVICE_8SERIES.WITH_BMM_INFO.TRUE_DP.SIMPLE_PRIM36.SERIES8_TDP_SP36_NO_ECC_ATTR.ram has been changed from INDEPENDENT to COMMON to match the clocking topology used for the BRAM.
INFO: [Opt 31-422] The CLOCK_DOMAINS attribute on the BRAM cell inst/u_ddr4_mem_intfc/u_ddr_cal_riu/mcs0/inst/lmb_bram_I/U0/inst_blk_mem_gen/gnbram.gnative_mem_map_bmg.native_mem_map_blk_mem_gen/valid.cstr/ramloop[3].ram.r/prim_noinit.ram/DEVICE_8SERIES.WITH_BMM_INFO.TRUE_DP.SIMPLE_PRIM36.SERIES8_TDP_SP36_NO_ECC_ATTR.ram has been changed from INDEPENDENT to COMMON to match the clocking topology used for the BRAM.
INFO: [Opt 31-422] The CLOCK_DOMAINS attribute on the BRAM cell inst/u_ddr4_mem_intfc/u_ddr_cal_riu/mcs0/inst/lmb_bram_I/U0/inst_blk_mem_gen/gnbram.gnative_mem_map_bmg.native_mem_map_blk_mem_gen/valid.cstr/ramloop[4].ram.r/prim_noinit.ram/DEVICE_8SERIES.WITH_BMM_INFO.TRUE_DP.SIMPLE_PRIM36.SERIES8_TDP_SP36_NO_ECC_ATTR.ram has been changed from INDEPENDENT to COMMON to match the clocking topology used for the BRAM.
INFO: [Opt 31-422] The CLOCK_DOMAINS attribute on the BRAM cell inst/u_ddr4_mem_intfc/u_ddr_cal_riu/mcs0/inst/lmb_bram_I/U0/inst_blk_mem_gen/gnbram.gnative_mem_map_bmg.native_mem_map_blk_mem_gen/valid.cstr/ramloop[5].ram.r/prim_noinit.ram/DEVICE_8SERIES.WITH_BMM_INFO.TRUE_DP.SIMPLE_PRIM36.SERIES8_TDP_SP36_NO_ECC_ATTR.ram has been changed from INDEPENDENT to COMMON to match the clocking topology used for the BRAM.
INFO: [Opt 31-422] The CLOCK_DOMAINS attribute on the BRAM cell inst/u_ddr4_mem_intfc/u_ddr_cal_riu/mcs0/inst/lmb_bram_I/U0/inst_blk_mem_gen/gnbram.gnative_mem_map_bmg.native_mem_map_blk_mem_gen/valid.cstr/ramloop[6].ram.r/prim_noinit.ram/DEVICE_8SERIES.WITH_BMM_INFO.TRUE_DP.SIMPLE_PRIM36.SERIES8_TDP_SP36_NO_ECC_ATTR.ram has been changed from INDEPENDENT to COMMON to match the clocking topology used for the BRAM.
INFO: [Opt 31-422] The CLOCK_DOMAINS attribute on the BRAM cell inst/u_ddr4_mem_intfc/u_ddr_cal_riu/mcs0/inst/lmb_bram_I/U0/inst_blk_mem_gen/gnbram.gnative_mem_map_bmg.native_mem_map_blk_mem_gen/valid.cstr/ramloop[7].ram.r/prim_noinit.ram/DEVICE_8SERIES.WITH_BMM_INFO.TRUE_DP.SIMPLE_PRIM36.SERIES8_TDP_SP36_NO_ECC_ATTR.ram has been changed from INDEPENDENT to COMMON to match the clocking topology used for the BRAM.
INFO: [Opt 31-422] The CLOCK_DOMAINS attribute on the BRAM cell inst/u_ddr4_mem_intfc/u_ddr_cal_riu/mcs0/inst/lmb_bram_I/U0/inst_blk_mem_gen/gnbram.gnative_mem_map_bmg.native_mem_map_blk_mem_gen/valid.cstr/ramloop[8].ram.r/prim_noinit.ram/DEVICE_8SERIES.WITH_BMM_INFO.TRUE_DP.SIMPLE_PRIM36.SERIES8_TDP_SP36_NO_ECC_ATTR.ram has been changed from INDEPENDENT to COMMON to match the clocking topology used for the BRAM.
INFO: [Opt 31-422] The CLOCK_DOMAINS attribute on the BRAM cell inst/u_ddr4_mem_intfc/u_ddr_cal_riu/mcs0/inst/lmb_bram_I/U0/inst_blk_mem_gen/gnbram.gnative_mem_map_bmg.native_mem_map_blk_mem_gen/valid.cstr/ramloop[9].ram.r/prim_noinit.ram/DEVICE_8SERIES.WITH_BMM_INFO.TRUE_DP.SIMPLE_PRIM36.SERIES8_TDP_SP36_NO_ECC_ATTR.ram has been changed from INDEPENDENT to COMMON to match the clocking topology used for the BRAM.
INFO: [Opt 31-422] The CLOCK_DOMAINS attribute on the BRAM cell inst/u_ddr4_mem_intfc/u_ddr_cal_riu/mcs0/inst/second_lmb_bram_I/U0/inst_blk_mem_gen/gnbram.gnative_mem_map_bmg.native_mem_map_blk_mem_gen/valid.cstr/ramloop[0].ram.r/prim_noinit.ram/DEVICE_8SERIES.WITH_BMM_INFO.TRUE_DP.SIMPLE_PRIM36.SERIES8_TDP_SP36_NO_ECC_ATTR.ram has been changed from INDEPENDENT to COMMON to match the clocking topology used for the BRAM.
INFO: [Opt 31-422] The CLOCK_DOMAINS attribute on the BRAM cell inst/u_ddr4_mem_intfc/u_ddr_cal_riu/mcs0/inst/second_lmb_bram_I/U0/inst_blk_mem_gen/gnbram.gnative_mem_map_bmg.native_mem_map_blk_mem_gen/valid.cstr/ramloop[1].ram.r/prim_noinit.ram/DEVICE_8SERIES.WITH_BMM_INFO.TRUE_DP.SIMPLE_PRIM36.SERIES8_TDP_SP36_NO_ECC_ATTR.ram has been changed from INDEPENDENT to COMMON to match the clocking topology used for the BRAM.
INFO: [Opt 31-422] The CLOCK_DOMAINS attribute on the BRAM cell inst/u_ddr4_mem_intfc/u_ddr_cal_riu/mcs0/inst/second_lmb_bram_I/U0/inst_blk_mem_gen/gnbram.gnative_mem_map_bmg.native_mem_map_blk_mem_gen/valid.cstr/ramloop[2].ram.r/prim_noinit.ram/DEVICE_8SERIES.WITH_BMM_INFO.TRUE_DP.SIMPLE_PRIM36.SERIES8_TDP_SP36_NO_ECC_ATTR.ram has been changed from INDEPENDENT to COMMON to match the clocking topology used for the BRAM.
INFO: [Opt 31-422] The CLOCK_DOMAINS attribute on the BRAM cell inst/u_ddr4_mem_intfc/u_ddr_cal_riu/mcs0/inst/second_lmb_bram_I/U0/inst_blk_mem_gen/gnbram.gnative_mem_map_bmg.native_mem_map_blk_mem_gen/valid.cstr/ramloop[3].ram.r/prim_noinit.ram/DEVICE_8SERIES.WITH_BMM_INFO.TRUE_DP.SIMPLE_PRIM36.SERIES8_TDP_SP36_NO_ECC_ATTR.ram has been changed from INDEPENDENT to COMMON to match the clocking topology used for the BRAM.
INFO: [Opt 31-422] The CLOCK_DOMAINS attribute on the BRAM cell inst/u_ddr4_mem_intfc/u_ddr_cal_riu/mcs0/inst/second_lmb_bram_I/U0/inst_blk_mem_gen/gnbram.gnative_mem_map_bmg.native_mem_map_blk_mem_gen/valid.cstr/ramloop[4].ram.r/prim_noinit.ram/DEVICE_8SERIES.WITH_BMM_INFO.TRUE_DP.SIMPLE_PRIM36.SERIES8_TDP_SP36_NO_ECC_ATTR.ram has been changed from INDEPENDENT to COMMON to match the clocking topology used for the BRAM.
INFO: [Opt 31-422] The CLOCK_DOMAINS attribute on the BRAM cell inst/u_ddr4_mem_intfc/u_ddr_cal_riu/mcs0/inst/second_lmb_bram_I/U0/inst_blk_mem_gen/gnbram.gnative_mem_map_bmg.native_mem_map_blk_mem_gen/valid.cstr/ramloop[5].ram.r/prim_noinit.ram/DEVICE_8SERIES.WITH_BMM_INFO.TRUE_DP.SIMPLE_PRIM36.SERIES8_TDP_SP36_NO_ECC_ATTR.ram has been changed from INDEPENDENT to COMMON to match the clocking topology used for the BRAM.
INFO: [Opt 31-422] The CLOCK_DOMAINS attribute on the BRAM cell inst/u_ddr4_mem_intfc/u_ddr_cal_riu/mcs0/inst/second_lmb_bram_I/U0/inst_blk_mem_gen/gnbram.gnative_mem_map_bmg.native_mem_map_blk_mem_gen/valid.cstr/ramloop[6].ram.r/prim_noinit.ram/DEVICE_8SERIES.WITH_BMM_INFO.TRUE_DP.SIMPLE_PRIM36.SERIES8_TDP_SP36_NO_ECC_ATTR.ram has been changed from INDEPENDENT to COMMON to match the clocking topology used for the BRAM.
INFO: [Opt 31-422] The CLOCK_DOMAINS attribute on the BRAM cell inst/u_ddr4_mem_intfc/u_ddr_cal_riu/mcs0/inst/second_lmb_bram_I/U0/inst_blk_mem_gen/gnbram.gnative_mem_map_bmg.native_mem_map_blk_mem_gen/valid.cstr/ramloop[7].ram.r/prim_noinit.ram/DEVICE_8SERIES.WITH_BMM_INFO.TRUE_DP.SIMPLE_PRIM36.SERIES8_TDP_SP36_NO_ECC_ATTR.ram has been changed from INDEPENDENT to COMMON to match the clocking topology used for the BRAM.
INFO: [Opt 31-326] The CLKFBOUT to CLKFBIN net for instance inst/u_ddr4_mem_intfc/u_mig_ddr4_phy/inst/u_ddr4_phy_pll/plle_loop[0].gen_plle4.PLLE4_BASE_INST_OTHER with COMPENSATION=INTERNAL is optimized away to aid design routability
INFO: [Opt 31-326] The CLKFBOUT to CLKFBIN net for instance inst/u_ddr4_mem_intfc/u_mig_ddr4_phy/inst/u_ddr4_phy_pll/plle_loop[1].gen_plle4.PLLE4_BASE_INST_OTHER with COMPENSATION=INTERNAL is optimized away to aid design routability
INFO: [Opt 31-326] The CLKFBOUT to CLKFBIN net for instance inst/u_ddr4_mem_intfc/u_mig_ddr4_phy/inst/u_ddr4_phy_pll/plle_loop[2].gen_plle4.PLLE4_BASE_INST_OTHER with COMPENSATION=INTERNAL is optimized away to aid design routability
Generating merged BMM file for the design top 'ddr4'...
CRITICAL WARNING: [Memdata 28-203] ADDRESS_SPACE or ADDRESS_MAP tag name inst_inst_u_ddr4_mem_intfc_u_ddr_cal_riu_mcs0_inst_microblaze_I was not found. Some data may have not been translated.
WARNING: [Memdata 28-83] data2mem failed to update 'BRAM' components in the current design
Netlist sorting complete. Time (s): cpu = 00:00:00 ; elapsed = 00:00:00 . Memory (MB): peak = 4646.215 ; gain = 0.000 ; free physical = 86169 ; free virtual = 541050
INFO: [Project 1-111] Unisim Transformation Summary:
  A total of 445 instances were transformed.
  (CARRY4) => CARRY8: 21 instances
  BUFG => BUFGCE: 9 instances
  DSP48E1 => DSP48E2 (DSP_ALU, DSP_A_B_DATA, DSP_C_DATA, DSP_MULTIPLIER, DSP_M_DATA, DSP_OUTPUT, DSP_PREADD, DSP_PREADD_DATA): 3 instances
  FDR => FDRE: 93 instances
  FDS => FDSE: 1 instance 
  IOBUFDS => IOBUFDS (DIFFINBUF, IBUFCTRL, INV, OBUFT(x2)): 8 instances
  IOBUFE3 => IOBUFE3 (IBUFCTRL, INBUF, OBUFT_DCIEN): 72 instances
  LUT6_2 => LUT6_2 (LUT5, LUT6): 31 instances
  MULT_AND => LUT2: 1 instance 
  OBUFDS => OBUFDS_DUAL_BUF (INV, OBUF(x2)): 1 instance 
  RAM32M => RAM32M (RAMD32(x6), RAMS32(x2)): 204 instances
  SRL16 => SRL16E: 1 instance 

Synth Design complete, checksum: cf646498
INFO: [Common 17-83] Releasing license: Synthesis
855 Infos, 491 Warnings, 1 Critical Warnings and 0 Errors encountered.
synth_design completed successfully
synth_design: Time (s): cpu = 00:02:44 ; elapsed = 00:03:05 . Memory (MB): peak = 4646.215 ; gain = 1540.094 ; free physical = 86433 ; free virtual = 541314
INFO: [Common 17-1381] The checkpoint '/scratch2/nsalamini/github_new_new/cheshire/target/xilinx/build/vcu118.ddr4/ddr4.runs/ddr4_synth_1/ddr4.dcp' has been generated.
INFO: [runtcl-6] Synthesis results are not added to the cache due to CRITICAL_WARNING
INFO: [Coretcl 2-1174] Renamed 685 cell refs.
INFO: [Common 17-1381] The checkpoint '/scratch2/nsalamini/github_new_new/cheshire/target/xilinx/build/vcu118.ddr4/ddr4.runs/ddr4_synth_1/ddr4.dcp' has been generated.
INFO: [runtcl-4] Executing : report_utilization -file ddr4_utilization_synth.rpt -pb ddr4_utilization_synth.pb
INFO: [Common 17-206] Exiting Vivado at Wed Mar 18 15:13:52 2026...
[Wed Mar 18 15:14:03 2026] ddr4_synth_1 finished
wait_on_runs: Time (s): cpu = 00:03:21 ; elapsed = 00:03:53 . Memory (MB): peak = 3762.047 ; gain = 0.000 ; free physical = 89108 ; free virtual = 543881
# file delete -force ${project_root}/out.xci
# file link -symbolic ${project_root}/out.xci $xci
INFO: [Common 17-206] Exiting Vivado at Wed Mar 18 15:14:03 2026...
mkdir -p /scratch2/nsalamini/github_new_new/cheshire/target/xilinx/build/vcu118.cheshire/
cd /scratch2/nsalamini/github_new_new/cheshire/target/xilinx/build/vcu118.cheshire/ && vitis-2022.1 vivado -mode batch -log ../cheshire.vcu118.log -jou ../cheshire.vcu118.jou -source /scratch2/nsalamini/github_new_new/cheshire/target/xilinx/scripts/impl_sys.tcl -tclargs vcu118 cheshire /scratch2/nsalamini/github_new_new/cheshire/target/xilinx/build/vcu118.clkwiz/out.xci /scratch2/nsalamini/github_new_new/cheshire/target/xilinx/build/vcu118.vio/out.xci /scratch2/nsalamini/github_new_new/cheshire/target/xilinx/build/vcu118.ddr4/out.xci
Detected setup: [rhel8.8i]

****** Vivado v2022.1 (64-bit)
  **** SW Build 3526262 on Mon Apr 18 15:47:01 MDT 2022
  **** IP Build 3524634 on Mon Apr 18 20:55:01 MDT 2022
    ** Copyright 1986-2022 Xilinx, Inc. All Rights Reserved.

source /scratch2/nsalamini/github_new_new/cheshire/target/xilinx/scripts/impl_sys.tcl
# set xilinx_root [file dirname [file dirname [file normalize [info script]]]]
# source ${xilinx_root}/scripts/common.tcl
## set bpart(genesys2) "digilentinc.com:genesys2:part0:1.1"
## set fpart(genesys2) "xc7k325tffg900-2"
## set hwdev(genesys2) "xc7k325t_0"
## set cfgmp(genesys2) "s25fl256sxxxxxx0-spi-x1_x2_x4"
## set bpart(vcu128) "xilinx.com:vcu128:part0:1.0"
## set fpart(vcu128) "xcvu37p-fsvh2892-2L-e"
## set hwdev(vcu128) "xcvu37p_0"
## set cfgmp(vcu128) "mt25qu02g-spi-x1_x2_x4"
## set bpart(vcu118) "xilinx.com:vcu118:part0:2.4"
## set fpart(vcu118) "xcvu9p-flga2104-2L-e"
## set hwdev(vcu118) "xcvu9p_0"
## set cfgmp(vcu118) "mt25qu01g-spi-x1_x2_x4"
## proc init_impl {xilinx_root argc argv} {
##     global fpart
##     global bpart
##     # We declare these variables into the global context
##     global num_threads
##     global num_jobs
##     global project_root
##     global board
##     global proj
##     # Check argument count
##     if { $argc < 2 } {
##         puts "Error: Insufficient implementation arguments (${argc}): ${argv}."
##         return -code error
##     }
##     # Configure parallelism
##     set num_threads 8
##     set num_jobs 8
##     # Get arguments
##     set board [lindex $argv 0]
##     set proj [lindex $argv 1]
##     # Set up multithreading
##     set_param general.maxThreads $num_threads
##     # Remove prior build
##     set project_root ${xilinx_root}/build/${board}.${proj}
##     file delete -force [glob -nocomplain ${project_root}/*]
##     # Create project
##     create_project $proj $project_root -force -part $fpart($board)
##     set_property board_part $bpart($board) [current_project]
## }
## proc open_target {xilinx_root argc argv suffix} {
##     global hwdev
##     # We declare these variables into the global context
##     global project_root
##     global board
##     global hw_tgt
##     global hw_device
##     # Check argument count
##     if { $argc < 3 } {
##         puts "Error: Insufficient target arguments (${argc}): ${argv}."
##         return -code error
##     }
##     # Get arguments
##     set url [lindex $argv 0]
##     set path [lindex $argv 1]
##     set board [lindex $argv 2]
##     # Remove prior build
##     set project_root ${xilinx_root}/build/${board}.${suffix}
##     file delete -force [glob -nocomplain ${project_root}/*]
##     # Connect to HW server
##     open_hw_manager
##     connect_hw_server -url $url
##     # Open HW target, set JTAG frequency
##     set hw_tgts [get_hw_targets ${url}/${path}]
##     # From all matching targets, choose last (most specific) one
##     set hw_tgt [lindex ${hw_tgts} [expr { [llength ${hw_tgts}] - 1 }]]
##     open_hw_target $hw_tgt
##     set_property PARAM.FREQUENCY 15000000 $hw_tgt
##     # Get hardware device
##     set hw_device [get_hw_devices $hwdev($board)]
## }
## proc no_cfg_exit {proj board} {
##     puts "Error: Unsupported board ${board} for ${proj}."
##     return -code error
## }
## proc gen_reports {rptdir} {
##     file delete -force $rptdir
##     file mkdir ${rptdir}
##     # tclint-disable spacing, line-length
##     check_timing             -file ${rptdir}/check_timing.rpt       -verbose
##     report_timing            -file ${rptdir}/timing_worst_100.rpt   -max_paths 100 -nworst 100 -delay_type max -sort_by slack
##     report_timing            -file ${rptdir}/timing_worst.rpt       -nworst 1 -delay_type max -sort_by group
##     report_utilization       -file ${rptdir}/utilization.rpt        -hierarchical
##     report_cdc               -file ${rptdir}/cdc.rpt
##     report_clock_interaction -file ${rptdir}/clock_interaction.rpt
##     report_timing_summary    -file ${rptdir}/timing_summary.rpt
##     # tclint-enable spacing, line-length
## }
## proc insert_ilas {clk_net_name} {
##     global project_root
##     # Get nets to debug
##     set debug_nets [lsort -dictionary [get_nets -hier -filter {MARK_DEBUG == 1}]]
##     # Create debug core only if there are probes
##     if { ![llength $debug_nets] } { return }
##     # Create and configure debug core
##     create_debug_core i_ila ila
##     set_property -dict [list \
##         ALL_PROBE_SAME_MU {true} ALL_PROBE_SAME_MU_CNT {4} C_ADV_TRIGGER {true} \
##         C_DATA_DEPTH {16384} C_EN_STRG_QUAL {true} C_INPUT_PIPE_STAGES {0} \
##         C_TRIGIN_EN {false} C_TRIGOUT_EN {false} \
##         ] [get_debug_cores i_ila]
##     # Connect SoC clock
##     set_property port_width 1 [get_debug_ports i_ila/clk]
##     connect_debug_port i_ila/clk [get_nets $clk_net_name]
##     # Loop through debug nets (add extra list element to ensure last net is processed)
##     set net_name_last ""
##     set i 0
##     foreach net [concat $debug_nets {""}] {
##         # Remove trailing array index
##         regsub {\[[0-9]*\]$} $net {} net_name
##         # Create probe after all signals with the same name have been collected
##         if { $net_name_last != $net_name } {
##             if { $net_name_last != "" } {
##                 puts "Creating probe $i of width [llength $sig_list] for `$net_name_last`."
##                 # probe0 already exists, and does not need to be created
##                 if { $i != 0 } { create_debug_port i_ila probe }
##                 set_property port_width [llength $sig_list] [get_debug_ports i_ila/probe$i]
##                 set_property PROBE_TYPE DATA_AND_TRIGGER [get_debug_ports i_ila/probe$i]
##                 connect_debug_port i_ila/probe$i [get_nets $sig_list]
##                 incr i
##             }
##             set sig_list ""
##         }
##         lappend sig_list $net
##         set net_name_last $net_name
##     }
##     # Save constraints, then implement the debug core
##     save_constraints -force
##     implement_debug_core
## }
# init_impl $xilinx_root $argc $argv
create_project: Time (s): cpu = 00:00:05 ; elapsed = 00:00:05 . Memory (MB): peak = 3103.156 ; gain = 2.016 ; free physical = 90508 ; free virtual = 545285
# read_ip [exec realpath {*}[lrange $argv 2 end]]
INFO: [IP_Flow 19-234] Refreshing IP repositories
INFO: [IP_Flow 19-1704] No user IP repositories specified
INFO: [IP_Flow 19-2313] Loaded Vivado IP repository '/usr/pack/vitis-2022.1-zr/Vivado/2022.1/data/ip'.
WARNING: [Vivado 12-13651] The IP file '/scratch2/nsalamini/github_new_new/cheshire/target/xilinx/build/vcu118.clkwiz/clkwiz.srcs/sources_1/ip/clkwiz/clkwiz.xci' has been moved from its original location, as a result the outputs for this IP will now be generated in '/scratch2/nsalamini/github_new_new/cheshire/target/xilinx/build/vcu118.clkwiz/clkwiz.gen/sources_1/ip/clkwiz'. Alternatively a copy of the IP can be imported into the project using one of the 'import_ip' or 'import_files' commands.
WARNING: [Vivado 12-13651] The IP file '/scratch2/nsalamini/github_new_new/cheshire/target/xilinx/build/vcu118.vio/vio.srcs/sources_1/ip/vio/vio.xci' has been moved from its original location, as a result the outputs for this IP will now be generated in '/scratch2/nsalamini/github_new_new/cheshire/target/xilinx/build/vcu118.vio/vio.gen/sources_1/ip/vio'. Alternatively a copy of the IP can be imported into the project using one of the 'import_ip' or 'import_files' commands.
WARNING: [Vivado 12-13651] The IP file '/scratch2/nsalamini/github_new_new/cheshire/target/xilinx/build/vcu118.ddr4/ddr4.srcs/sources_1/ip/ddr4/ddr4.xci' has been moved from its original location, as a result the outputs for this IP will now be generated in '/scratch2/nsalamini/github_new_new/cheshire/target/xilinx/build/vcu118.ddr4/ddr4.gen/sources_1/ip/ddr4'. Alternatively a copy of the IP can be imported into the project using one of the 'import_ip' or 'import_files' commands.
# import_files -fileset constrs_1 -norecurse ${xilinx_root}/constraints/${proj}.xdc
# import_files -fileset constrs_1 -norecurse ${xilinx_root}/constraints/${board}.xdc
# source ${xilinx_root}/scripts/add_sources.${board}.tcl
## set ROOT "/scratch2/nsalamini/github_new_new/cheshire"
## add_files -norecurse -fileset [current_fileset] [list \
##     $ROOT/.bender/git/checkouts/tech_cells_generic-223c43ccbeb688f9/src/fpga/pad_functional_xilinx.sv \
##     $ROOT/.bender/git/checkouts/tech_cells_generic-223c43ccbeb688f9/src/fpga/tc_clk_xilinx.sv \
##     $ROOT/.bender/git/checkouts/tech_cells_generic-223c43ccbeb688f9/src/fpga/tc_sram_xilinx.sv \
##     $ROOT/.bender/git/checkouts/tech_cells_generic-223c43ccbeb688f9/src/rtl/tc_sram_impl.sv \
## ]
## add_files -norecurse -fileset [current_fileset] [list \
##     $ROOT/.bender/git/checkouts/tech_cells_generic-223c43ccbeb688f9/src/deprecated/pulp_clock_gating_async.sv \
##     $ROOT/.bender/git/checkouts/tech_cells_generic-223c43ccbeb688f9/src/deprecated/cluster_clk_cells.sv \
##     $ROOT/.bender/git/checkouts/tech_cells_generic-223c43ccbeb688f9/src/deprecated/pulp_clk_cells.sv \
## ]
## add_files -norecurse -fileset [current_fileset] [list \
##     $ROOT/.bender/git/checkouts/common_cells-7f7ae0f5e6bf7fb5/src/binary_to_gray.sv \
## ]
## add_files -norecurse -fileset [current_fileset] [list \
##     $ROOT/.bender/git/checkouts/common_cells-7f7ae0f5e6bf7fb5/src/cb_filter_pkg.sv \
##     $ROOT/.bender/git/checkouts/common_cells-7f7ae0f5e6bf7fb5/src/cc_onehot.sv \
##     $ROOT/.bender/git/checkouts/common_cells-7f7ae0f5e6bf7fb5/src/cdc_reset_ctrlr_pkg.sv \
##     $ROOT/.bender/git/checkouts/common_cells-7f7ae0f5e6bf7fb5/src/cf_math_pkg.sv \
##     $ROOT/.bender/git/checkouts/common_cells-7f7ae0f5e6bf7fb5/src/clk_int_div.sv \
##     $ROOT/.bender/git/checkouts/common_cells-7f7ae0f5e6bf7fb5/src/credit_counter.sv \
##     $ROOT/.bender/git/checkouts/common_cells-7f7ae0f5e6bf7fb5/src/delta_counter.sv \
##     $ROOT/.bender/git/checkouts/common_cells-7f7ae0f5e6bf7fb5/src/ecc_pkg.sv \
##     $ROOT/.bender/git/checkouts/common_cells-7f7ae0f5e6bf7fb5/src/edge_propagator_tx.sv \
##     $ROOT/.bender/git/checkouts/common_cells-7f7ae0f5e6bf7fb5/src/exp_backoff.sv \
##     $ROOT/.bender/git/checkouts/common_cells-7f7ae0f5e6bf7fb5/src/fifo_v3.sv \
##     $ROOT/.bender/git/checkouts/common_cells-7f7ae0f5e6bf7fb5/src/gray_to_binary.sv \
##     $ROOT/.bender/git/checkouts/common_cells-7f7ae0f5e6bf7fb5/src/isochronous_4phase_handshake.sv \
##     $ROOT/.bender/git/checkouts/common_cells-7f7ae0f5e6bf7fb5/src/isochronous_spill_register.sv \
##     $ROOT/.bender/git/checkouts/common_cells-7f7ae0f5e6bf7fb5/src/lfsr.sv \
##     $ROOT/.bender/git/checkouts/common_cells-7f7ae0f5e6bf7fb5/src/lfsr_16bit.sv \
##     $ROOT/.bender/git/checkouts/common_cells-7f7ae0f5e6bf7fb5/src/lfsr_8bit.sv \
##     $ROOT/.bender/git/checkouts/common_cells-7f7ae0f5e6bf7fb5/src/lossy_valid_to_stream.sv \
##     $ROOT/.bender/git/checkouts/common_cells-7f7ae0f5e6bf7fb5/src/mv_filter.sv \
##     $ROOT/.bender/git/checkouts/common_cells-7f7ae0f5e6bf7fb5/src/onehot_to_bin.sv \
##     $ROOT/.bender/git/checkouts/common_cells-7f7ae0f5e6bf7fb5/src/plru_tree.sv \
##     $ROOT/.bender/git/checkouts/common_cells-7f7ae0f5e6bf7fb5/src/passthrough_stream_fifo.sv \
##     $ROOT/.bender/git/checkouts/common_cells-7f7ae0f5e6bf7fb5/src/popcount.sv \
##     $ROOT/.bender/git/checkouts/common_cells-7f7ae0f5e6bf7fb5/src/rr_arb_tree.sv \
##     $ROOT/.bender/git/checkouts/common_cells-7f7ae0f5e6bf7fb5/src/rstgen_bypass.sv \
##     $ROOT/.bender/git/checkouts/common_cells-7f7ae0f5e6bf7fb5/src/serial_deglitch.sv \
##     $ROOT/.bender/git/checkouts/common_cells-7f7ae0f5e6bf7fb5/src/shift_reg.sv \
##     $ROOT/.bender/git/checkouts/common_cells-7f7ae0f5e6bf7fb5/src/shift_reg_gated.sv \
##     $ROOT/.bender/git/checkouts/common_cells-7f7ae0f5e6bf7fb5/src/spill_register_flushable.sv \
##     $ROOT/.bender/git/checkouts/common_cells-7f7ae0f5e6bf7fb5/src/stream_demux.sv \
##     $ROOT/.bender/git/checkouts/common_cells-7f7ae0f5e6bf7fb5/src/stream_filter.sv \
##     $ROOT/.bender/git/checkouts/common_cells-7f7ae0f5e6bf7fb5/src/stream_fork.sv \
##     $ROOT/.bender/git/checkouts/common_cells-7f7ae0f5e6bf7fb5/src/stream_intf.sv \
##     $ROOT/.bender/git/checkouts/common_cells-7f7ae0f5e6bf7fb5/src/stream_join_dynamic.sv \
##     $ROOT/.bender/git/checkouts/common_cells-7f7ae0f5e6bf7fb5/src/stream_mux.sv \
##     $ROOT/.bender/git/checkouts/common_cells-7f7ae0f5e6bf7fb5/src/stream_throttle.sv \
##     $ROOT/.bender/git/checkouts/common_cells-7f7ae0f5e6bf7fb5/src/sub_per_hash.sv \
##     $ROOT/.bender/git/checkouts/common_cells-7f7ae0f5e6bf7fb5/src/sync.sv \
##     $ROOT/.bender/git/checkouts/common_cells-7f7ae0f5e6bf7fb5/src/sync_wedge.sv \
##     $ROOT/.bender/git/checkouts/common_cells-7f7ae0f5e6bf7fb5/src/unread.sv \
##     $ROOT/.bender/git/checkouts/common_cells-7f7ae0f5e6bf7fb5/src/read.sv \
##     $ROOT/.bender/git/checkouts/common_cells-7f7ae0f5e6bf7fb5/src/addr_decode_dync.sv \
##     $ROOT/.bender/git/checkouts/common_cells-7f7ae0f5e6bf7fb5/src/cdc_2phase.sv \
##     $ROOT/.bender/git/checkouts/common_cells-7f7ae0f5e6bf7fb5/src/cdc_4phase.sv \
##     $ROOT/.bender/git/checkouts/common_cells-7f7ae0f5e6bf7fb5/src/clk_int_div_static.sv \
##     $ROOT/.bender/git/checkouts/common_cells-7f7ae0f5e6bf7fb5/src/addr_decode.sv \
##     $ROOT/.bender/git/checkouts/common_cells-7f7ae0f5e6bf7fb5/src/addr_decode_napot.sv \
##     $ROOT/.bender/git/checkouts/common_cells-7f7ae0f5e6bf7fb5/src/multiaddr_decode.sv \
## ]
## add_files -norecurse -fileset [current_fileset] [list \
##     $ROOT/.bender/git/checkouts/common_cells-7f7ae0f5e6bf7fb5/src/cb_filter.sv \
##     $ROOT/.bender/git/checkouts/common_cells-7f7ae0f5e6bf7fb5/src/cdc_fifo_2phase.sv \
##     $ROOT/.bender/git/checkouts/common_cells-7f7ae0f5e6bf7fb5/src/clk_mux_glitch_free.sv \
##     $ROOT/.bender/git/checkouts/common_cells-7f7ae0f5e6bf7fb5/src/counter.sv \
##     $ROOT/.bender/git/checkouts/common_cells-7f7ae0f5e6bf7fb5/src/ecc_decode.sv \
##     $ROOT/.bender/git/checkouts/common_cells-7f7ae0f5e6bf7fb5/src/ecc_encode.sv \
##     $ROOT/.bender/git/checkouts/common_cells-7f7ae0f5e6bf7fb5/src/edge_detect.sv \
##     $ROOT/.bender/git/checkouts/common_cells-7f7ae0f5e6bf7fb5/src/lzc.sv \
##     $ROOT/.bender/git/checkouts/common_cells-7f7ae0f5e6bf7fb5/src/max_counter.sv \
##     $ROOT/.bender/git/checkouts/common_cells-7f7ae0f5e6bf7fb5/src/rstgen.sv \
##     $ROOT/.bender/git/checkouts/common_cells-7f7ae0f5e6bf7fb5/src/spill_register.sv \
##     $ROOT/.bender/git/checkouts/common_cells-7f7ae0f5e6bf7fb5/src/stream_delay.sv \
##     $ROOT/.bender/git/checkouts/common_cells-7f7ae0f5e6bf7fb5/src/stream_fifo.sv \
##     $ROOT/.bender/git/checkouts/common_cells-7f7ae0f5e6bf7fb5/src/stream_fork_dynamic.sv \
##     $ROOT/.bender/git/checkouts/common_cells-7f7ae0f5e6bf7fb5/src/stream_join.sv \
##     $ROOT/.bender/git/checkouts/common_cells-7f7ae0f5e6bf7fb5/src/cdc_reset_ctrlr.sv \
##     $ROOT/.bender/git/checkouts/common_cells-7f7ae0f5e6bf7fb5/src/cdc_fifo_gray.sv \
##     $ROOT/.bender/git/checkouts/common_cells-7f7ae0f5e6bf7fb5/src/fall_through_register.sv \
##     $ROOT/.bender/git/checkouts/common_cells-7f7ae0f5e6bf7fb5/src/id_queue.sv \
##     $ROOT/.bender/git/checkouts/common_cells-7f7ae0f5e6bf7fb5/src/stream_to_mem.sv \
##     $ROOT/.bender/git/checkouts/common_cells-7f7ae0f5e6bf7fb5/src/stream_arbiter_flushable.sv \
##     $ROOT/.bender/git/checkouts/common_cells-7f7ae0f5e6bf7fb5/src/stream_fifo_optimal_wrap.sv \
##     $ROOT/.bender/git/checkouts/common_cells-7f7ae0f5e6bf7fb5/src/stream_register.sv \
##     $ROOT/.bender/git/checkouts/common_cells-7f7ae0f5e6bf7fb5/src/stream_xbar.sv \
##     $ROOT/.bender/git/checkouts/common_cells-7f7ae0f5e6bf7fb5/src/cdc_fifo_gray_clearable.sv \
##     $ROOT/.bender/git/checkouts/common_cells-7f7ae0f5e6bf7fb5/src/cdc_2phase_clearable.sv \
##     $ROOT/.bender/git/checkouts/common_cells-7f7ae0f5e6bf7fb5/src/mem_to_banks_detailed.sv \
##     $ROOT/.bender/git/checkouts/common_cells-7f7ae0f5e6bf7fb5/src/stream_arbiter.sv \
##     $ROOT/.bender/git/checkouts/common_cells-7f7ae0f5e6bf7fb5/src/stream_omega_net.sv \
##     $ROOT/.bender/git/checkouts/common_cells-7f7ae0f5e6bf7fb5/src/mem_to_banks.sv \
## ]
## add_files -norecurse -fileset [current_fileset] [list \
##     $ROOT/.bender/git/checkouts/common_cells-7f7ae0f5e6bf7fb5/src/deprecated/clock_divider_counter.sv \
##     $ROOT/.bender/git/checkouts/common_cells-7f7ae0f5e6bf7fb5/src/deprecated/clk_div.sv \
##     $ROOT/.bender/git/checkouts/common_cells-7f7ae0f5e6bf7fb5/src/deprecated/find_first_one.sv \
##     $ROOT/.bender/git/checkouts/common_cells-7f7ae0f5e6bf7fb5/src/deprecated/generic_LFSR_8bit.sv \
##     $ROOT/.bender/git/checkouts/common_cells-7f7ae0f5e6bf7fb5/src/deprecated/generic_fifo.sv \
##     $ROOT/.bender/git/checkouts/common_cells-7f7ae0f5e6bf7fb5/src/deprecated/prioarbiter.sv \
##     $ROOT/.bender/git/checkouts/common_cells-7f7ae0f5e6bf7fb5/src/deprecated/pulp_sync.sv \
##     $ROOT/.bender/git/checkouts/common_cells-7f7ae0f5e6bf7fb5/src/deprecated/pulp_sync_wedge.sv \
##     $ROOT/.bender/git/checkouts/common_cells-7f7ae0f5e6bf7fb5/src/deprecated/rrarbiter.sv \
##     $ROOT/.bender/git/checkouts/common_cells-7f7ae0f5e6bf7fb5/src/deprecated/clock_divider.sv \
##     $ROOT/.bender/git/checkouts/common_cells-7f7ae0f5e6bf7fb5/src/deprecated/fifo_v2.sv \
##     $ROOT/.bender/git/checkouts/common_cells-7f7ae0f5e6bf7fb5/src/deprecated/fifo_v1.sv \
##     $ROOT/.bender/git/checkouts/common_cells-7f7ae0f5e6bf7fb5/src/edge_propagator_ack.sv \
##     $ROOT/.bender/git/checkouts/common_cells-7f7ae0f5e6bf7fb5/src/edge_propagator.sv \
##     $ROOT/.bender/git/checkouts/common_cells-7f7ae0f5e6bf7fb5/src/edge_propagator_rx.sv \
## ]
## add_files -norecurse -fileset [current_fileset] [list \
##     $ROOT/.bender/git/checkouts/apb-d506f9cfdae5c46b/src/apb_pkg.sv \
##     $ROOT/.bender/git/checkouts/apb-d506f9cfdae5c46b/src/apb_intf.sv \
##     $ROOT/.bender/git/checkouts/apb-d506f9cfdae5c46b/src/apb_err_slv.sv \
##     $ROOT/.bender/git/checkouts/apb-d506f9cfdae5c46b/src/apb_regs.sv \
##     $ROOT/.bender/git/checkouts/apb-d506f9cfdae5c46b/src/apb_cdc.sv \
##     $ROOT/.bender/git/checkouts/apb-d506f9cfdae5c46b/src/apb_demux.sv \
## ]
## add_files -norecurse -fileset [current_fileset] [list \
##     $ROOT/.bender/git/checkouts/axi-ecdc900686449c15/src/axi_pkg.sv \
##     $ROOT/.bender/git/checkouts/axi-ecdc900686449c15/src/axi_intf.sv \
##     $ROOT/.bender/git/checkouts/axi-ecdc900686449c15/src/axi_atop_filter.sv \
##     $ROOT/.bender/git/checkouts/axi-ecdc900686449c15/src/axi_burst_splitter_gran.sv \
##     $ROOT/.bender/git/checkouts/axi-ecdc900686449c15/src/axi_burst_unwrap.sv \
##     $ROOT/.bender/git/checkouts/axi-ecdc900686449c15/src/axi_bus_compare.sv \
##     $ROOT/.bender/git/checkouts/axi-ecdc900686449c15/src/axi_cdc_dst.sv \
##     $ROOT/.bender/git/checkouts/axi-ecdc900686449c15/src/axi_cdc_src.sv \
##     $ROOT/.bender/git/checkouts/axi-ecdc900686449c15/src/axi_cut.sv \
##     $ROOT/.bender/git/checkouts/axi-ecdc900686449c15/src/axi_delayer.sv \
##     $ROOT/.bender/git/checkouts/axi-ecdc900686449c15/src/axi_demux_simple.sv \
##     $ROOT/.bender/git/checkouts/axi-ecdc900686449c15/src/axi_dw_downsizer.sv \
##     $ROOT/.bender/git/checkouts/axi-ecdc900686449c15/src/axi_dw_upsizer.sv \
##     $ROOT/.bender/git/checkouts/axi-ecdc900686449c15/src/axi_fifo.sv \
##     $ROOT/.bender/git/checkouts/axi-ecdc900686449c15/src/axi_fifo_delay_dyn.sv \
##     $ROOT/.bender/git/checkouts/axi-ecdc900686449c15/src/axi_id_remap.sv \
##     $ROOT/.bender/git/checkouts/axi-ecdc900686449c15/src/axi_id_prepend.sv \
##     $ROOT/.bender/git/checkouts/axi-ecdc900686449c15/src/axi_isolate.sv \
##     $ROOT/.bender/git/checkouts/axi-ecdc900686449c15/src/axi_join.sv \
##     $ROOT/.bender/git/checkouts/axi-ecdc900686449c15/src/axi_lite_demux.sv \
##     $ROOT/.bender/git/checkouts/axi-ecdc900686449c15/src/axi_lite_dw_converter.sv \
##     $ROOT/.bender/git/checkouts/axi-ecdc900686449c15/src/axi_lite_from_mem.sv \
##     $ROOT/.bender/git/checkouts/axi-ecdc900686449c15/src/axi_lite_join.sv \
##     $ROOT/.bender/git/checkouts/axi-ecdc900686449c15/src/axi_lite_lfsr.sv \
##     $ROOT/.bender/git/checkouts/axi-ecdc900686449c15/src/axi_lite_mailbox.sv \
##     $ROOT/.bender/git/checkouts/axi-ecdc900686449c15/src/axi_lite_mux.sv \
##     $ROOT/.bender/git/checkouts/axi-ecdc900686449c15/src/axi_lite_regs.sv \
##     $ROOT/.bender/git/checkouts/axi-ecdc900686449c15/src/axi_lite_to_apb.sv \
##     $ROOT/.bender/git/checkouts/axi-ecdc900686449c15/src/axi_lite_to_axi.sv \
##     $ROOT/.bender/git/checkouts/axi-ecdc900686449c15/src/axi_modify_address.sv \
##     $ROOT/.bender/git/checkouts/axi-ecdc900686449c15/src/axi_mux.sv \
##     $ROOT/.bender/git/checkouts/axi-ecdc900686449c15/src/axi_rw_join.sv \
##     $ROOT/.bender/git/checkouts/axi-ecdc900686449c15/src/axi_rw_split.sv \
##     $ROOT/.bender/git/checkouts/axi-ecdc900686449c15/src/axi_serializer.sv \
##     $ROOT/.bender/git/checkouts/axi-ecdc900686449c15/src/axi_slave_compare.sv \
##     $ROOT/.bender/git/checkouts/axi-ecdc900686449c15/src/axi_throttle.sv \
##     $ROOT/.bender/git/checkouts/axi-ecdc900686449c15/src/axi_to_detailed_mem.sv \
##     $ROOT/.bender/git/checkouts/axi-ecdc900686449c15/src/axi_burst_splitter.sv \
##     $ROOT/.bender/git/checkouts/axi-ecdc900686449c15/src/axi_cdc.sv \
##     $ROOT/.bender/git/checkouts/axi-ecdc900686449c15/src/axi_demux.sv \
##     $ROOT/.bender/git/checkouts/axi-ecdc900686449c15/src/axi_err_slv.sv \
##     $ROOT/.bender/git/checkouts/axi-ecdc900686449c15/src/axi_dw_converter.sv \
##     $ROOT/.bender/git/checkouts/axi-ecdc900686449c15/src/axi_from_mem.sv \
##     $ROOT/.bender/git/checkouts/axi-ecdc900686449c15/src/axi_id_serialize.sv \
##     $ROOT/.bender/git/checkouts/axi-ecdc900686449c15/src/axi_lfsr.sv \
##     $ROOT/.bender/git/checkouts/axi-ecdc900686449c15/src/axi_multicut.sv \
##     $ROOT/.bender/git/checkouts/axi-ecdc900686449c15/src/axi_to_axi_lite.sv \
##     $ROOT/.bender/git/checkouts/axi-ecdc900686449c15/src/axi_to_mem.sv \
##     $ROOT/.bender/git/checkouts/axi-ecdc900686449c15/src/axi_zero_mem.sv \
##     $ROOT/.bender/git/checkouts/axi-ecdc900686449c15/src/axi_interleaved_xbar.sv \
##     $ROOT/.bender/git/checkouts/axi-ecdc900686449c15/src/axi_iw_converter.sv \
##     $ROOT/.bender/git/checkouts/axi-ecdc900686449c15/src/axi_lite_xbar.sv \
##     $ROOT/.bender/git/checkouts/axi-ecdc900686449c15/src/axi_xbar_unmuxed.sv \
##     $ROOT/.bender/git/checkouts/axi-ecdc900686449c15/src/axi_to_mem_banked.sv \
##     $ROOT/.bender/git/checkouts/axi-ecdc900686449c15/src/axi_to_mem_interleaved.sv \
##     $ROOT/.bender/git/checkouts/axi-ecdc900686449c15/src/axi_to_mem_split.sv \
##     $ROOT/.bender/git/checkouts/axi-ecdc900686449c15/src/axi_xbar.sv \
##     $ROOT/.bender/git/checkouts/axi-ecdc900686449c15/src/axi_xp.sv \
## ]
## add_files -norecurse -fileset [current_fileset] [list \
##     $ROOT/.bender/git/checkouts/fpu_div_sqrt_mvp-33e0a4fc0dc853c1/hdl/defs_div_sqrt_mvp.sv \
##     $ROOT/.bender/git/checkouts/fpu_div_sqrt_mvp-33e0a4fc0dc853c1/hdl/iteration_div_sqrt_mvp.sv \
##     $ROOT/.bender/git/checkouts/fpu_div_sqrt_mvp-33e0a4fc0dc853c1/hdl/control_mvp.sv \
##     $ROOT/.bender/git/checkouts/fpu_div_sqrt_mvp-33e0a4fc0dc853c1/hdl/norm_div_sqrt_mvp.sv \
##     $ROOT/.bender/git/checkouts/fpu_div_sqrt_mvp-33e0a4fc0dc853c1/hdl/preprocess_mvp.sv \
##     $ROOT/.bender/git/checkouts/fpu_div_sqrt_mvp-33e0a4fc0dc853c1/hdl/nrbd_nrsc_mvp.sv \
##     $ROOT/.bender/git/checkouts/fpu_div_sqrt_mvp-33e0a4fc0dc853c1/hdl/div_sqrt_top_mvp.sv \
##     $ROOT/.bender/git/checkouts/fpu_div_sqrt_mvp-33e0a4fc0dc853c1/hdl/div_sqrt_mvp_wrapper.sv \
## ]
## add_files -norecurse -fileset [current_fileset] [list \
##     $ROOT/.bender/git/checkouts/obi-7e44f4165b1b0649/src/obi_pkg.sv \
##     $ROOT/.bender/git/checkouts/obi-7e44f4165b1b0649/src/obi_intf.sv \
##     $ROOT/.bender/git/checkouts/obi-7e44f4165b1b0649/src/obi_rready_converter.sv \
##     $ROOT/.bender/git/checkouts/obi-7e44f4165b1b0649/src/apb_to_obi.sv \
##     $ROOT/.bender/git/checkouts/obi-7e44f4165b1b0649/src/obi_atop_resolver.sv \
##     $ROOT/.bender/git/checkouts/obi-7e44f4165b1b0649/src/obi_cut.sv \
##     $ROOT/.bender/git/checkouts/obi-7e44f4165b1b0649/src/obi_demux.sv \
##     $ROOT/.bender/git/checkouts/obi-7e44f4165b1b0649/src/obi_err_sbr.sv \
##     $ROOT/.bender/git/checkouts/obi-7e44f4165b1b0649/src/obi_mux.sv \
##     $ROOT/.bender/git/checkouts/obi-7e44f4165b1b0649/src/obi_sram_shim.sv \
##     $ROOT/.bender/git/checkouts/obi-7e44f4165b1b0649/src/obi_xbar.sv \
## ]
## add_files -norecurse -fileset [current_fileset] [list \
##     $ROOT/.bender/git/checkouts/axi_stream-4bb2af42e3aea076/src/axi_stream_intf.sv \
##     $ROOT/.bender/git/checkouts/axi_stream-4bb2af42e3aea076/src/axi_stream_cut.sv \
##     $ROOT/.bender/git/checkouts/axi_stream-4bb2af42e3aea076/src/axi_stream_dw_downsizer.sv \
##     $ROOT/.bender/git/checkouts/axi_stream-4bb2af42e3aea076/src/axi_stream_dw_upsizer.sv \
##     $ROOT/.bender/git/checkouts/axi_stream-4bb2af42e3aea076/src/axi_stream_multicut.sv \
## ]
## add_files -norecurse -fileset [current_fileset] [list \
##     $ROOT/.bender/git/checkouts/fpnew-4306b9caf058dae1/src/fpnew_pkg.sv \
##     $ROOT/.bender/git/checkouts/fpnew-4306b9caf058dae1/src/fpnew_cast_multi.sv \
##     $ROOT/.bender/git/checkouts/fpnew-4306b9caf058dae1/src/fpnew_classifier.sv \
##     $ROOT/.bender/git/checkouts/fpnew-4306b9caf058dae1/vendor/opene906/E906_RTL_FACTORY/gen_rtl/clk/rtl/gated_clk_cell.v \
##     $ROOT/.bender/git/checkouts/fpnew-4306b9caf058dae1/vendor/opene906/E906_RTL_FACTORY/gen_rtl/fdsu/rtl/pa_fdsu_ctrl.v \
##     $ROOT/.bender/git/checkouts/fpnew-4306b9caf058dae1/vendor/opene906/E906_RTL_FACTORY/gen_rtl/fdsu/rtl/pa_fdsu_ff1.v \
##     $ROOT/.bender/git/checkouts/fpnew-4306b9caf058dae1/vendor/opene906/E906_RTL_FACTORY/gen_rtl/fdsu/rtl/pa_fdsu_pack_single.v \
##     $ROOT/.bender/git/checkouts/fpnew-4306b9caf058dae1/vendor/opene906/E906_RTL_FACTORY/gen_rtl/fdsu/rtl/pa_fdsu_prepare.v \
##     $ROOT/.bender/git/checkouts/fpnew-4306b9caf058dae1/vendor/opene906/E906_RTL_FACTORY/gen_rtl/fdsu/rtl/pa_fdsu_round_single.v \
##     $ROOT/.bender/git/checkouts/fpnew-4306b9caf058dae1/vendor/opene906/E906_RTL_FACTORY/gen_rtl/fdsu/rtl/pa_fdsu_special.v \
##     $ROOT/.bender/git/checkouts/fpnew-4306b9caf058dae1/vendor/opene906/E906_RTL_FACTORY/gen_rtl/fdsu/rtl/pa_fdsu_srt_single.v \
##     $ROOT/.bender/git/checkouts/fpnew-4306b9caf058dae1/vendor/opene906/E906_RTL_FACTORY/gen_rtl/fdsu/rtl/pa_fdsu_top.v \
##     $ROOT/.bender/git/checkouts/fpnew-4306b9caf058dae1/vendor/opene906/E906_RTL_FACTORY/gen_rtl/fpu/rtl/pa_fpu_dp.v \
##     $ROOT/.bender/git/checkouts/fpnew-4306b9caf058dae1/vendor/opene906/E906_RTL_FACTORY/gen_rtl/fpu/rtl/pa_fpu_frbus.v \
##     $ROOT/.bender/git/checkouts/fpnew-4306b9caf058dae1/vendor/opene906/E906_RTL_FACTORY/gen_rtl/fpu/rtl/pa_fpu_src_type.v \
##     $ROOT/.bender/git/checkouts/fpnew-4306b9caf058dae1/vendor/openc910/C910_RTL_FACTORY/gen_rtl/vfdsu/rtl/ct_vfdsu_ctrl.v \
##     $ROOT/.bender/git/checkouts/fpnew-4306b9caf058dae1/vendor/openc910/C910_RTL_FACTORY/gen_rtl/vfdsu/rtl/ct_vfdsu_double.v \
##     $ROOT/.bender/git/checkouts/fpnew-4306b9caf058dae1/vendor/openc910/C910_RTL_FACTORY/gen_rtl/vfdsu/rtl/ct_vfdsu_ff1.v \
##     $ROOT/.bender/git/checkouts/fpnew-4306b9caf058dae1/vendor/openc910/C910_RTL_FACTORY/gen_rtl/vfdsu/rtl/ct_vfdsu_pack.v \
##     $ROOT/.bender/git/checkouts/fpnew-4306b9caf058dae1/vendor/openc910/C910_RTL_FACTORY/gen_rtl/vfdsu/rtl/ct_vfdsu_prepare.v \
##     $ROOT/.bender/git/checkouts/fpnew-4306b9caf058dae1/vendor/openc910/C910_RTL_FACTORY/gen_rtl/vfdsu/rtl/ct_vfdsu_round.v \
##     $ROOT/.bender/git/checkouts/fpnew-4306b9caf058dae1/vendor/openc910/C910_RTL_FACTORY/gen_rtl/vfdsu/rtl/ct_vfdsu_scalar_dp.v \
##     $ROOT/.bender/git/checkouts/fpnew-4306b9caf058dae1/vendor/openc910/C910_RTL_FACTORY/gen_rtl/vfdsu/rtl/ct_vfdsu_srt_radix16_bound_table.v \
##     $ROOT/.bender/git/checkouts/fpnew-4306b9caf058dae1/vendor/openc910/C910_RTL_FACTORY/gen_rtl/vfdsu/rtl/ct_vfdsu_srt_radix16_with_sqrt.v \
##     $ROOT/.bender/git/checkouts/fpnew-4306b9caf058dae1/vendor/openc910/C910_RTL_FACTORY/gen_rtl/vfdsu/rtl/ct_vfdsu_srt.v \
##     $ROOT/.bender/git/checkouts/fpnew-4306b9caf058dae1/vendor/openc910/C910_RTL_FACTORY/gen_rtl/vfdsu/rtl/ct_vfdsu_top.v \
##     $ROOT/.bender/git/checkouts/fpnew-4306b9caf058dae1/src/fpnew_divsqrt_th_32.sv \
##     $ROOT/.bender/git/checkouts/fpnew-4306b9caf058dae1/src/fpnew_divsqrt_th_64_multi.sv \
##     $ROOT/.bender/git/checkouts/fpnew-4306b9caf058dae1/src/fpnew_divsqrt_multi.sv \
##     $ROOT/.bender/git/checkouts/fpnew-4306b9caf058dae1/src/fpnew_fma.sv \
##     $ROOT/.bender/git/checkouts/fpnew-4306b9caf058dae1/src/fpnew_fma_multi.sv \
##     $ROOT/.bender/git/checkouts/fpnew-4306b9caf058dae1/src/fpnew_noncomp.sv \
##     $ROOT/.bender/git/checkouts/fpnew-4306b9caf058dae1/src/fpnew_opgroup_block.sv \
##     $ROOT/.bender/git/checkouts/fpnew-4306b9caf058dae1/src/fpnew_opgroup_fmt_slice.sv \
##     $ROOT/.bender/git/checkouts/fpnew-4306b9caf058dae1/src/fpnew_opgroup_multifmt_slice.sv \
##     $ROOT/.bender/git/checkouts/fpnew-4306b9caf058dae1/src/fpnew_rounding.sv \
##     $ROOT/.bender/git/checkouts/fpnew-4306b9caf058dae1/src/fpnew_top.sv \
## ]
## add_files -norecurse -fileset [current_fileset] [list \
##     $ROOT/.bender/git/checkouts/obi_peripherals-9423aa14f6eba9a7/hw/obi_uart/obi_uart_pkg.sv \
##     $ROOT/.bender/git/checkouts/obi_peripherals-9423aa14f6eba9a7/hw/obi_uart/obi_uart_baudgen.sv \
##     $ROOT/.bender/git/checkouts/obi_peripherals-9423aa14f6eba9a7/hw/obi_uart/obi_uart_interrupts.sv \
##     $ROOT/.bender/git/checkouts/obi_peripherals-9423aa14f6eba9a7/hw/obi_uart/obi_uart_modem.sv \
##     $ROOT/.bender/git/checkouts/obi_peripherals-9423aa14f6eba9a7/hw/obi_uart/obi_uart_rx.sv \
##     $ROOT/.bender/git/checkouts/obi_peripherals-9423aa14f6eba9a7/hw/obi_uart/obi_uart_tx.sv \
##     $ROOT/.bender/git/checkouts/obi_peripherals-9423aa14f6eba9a7/hw/obi_uart/obi_uart_register.sv \
##     $ROOT/.bender/git/checkouts/obi_peripherals-9423aa14f6eba9a7/hw/obi_uart/obi_uart.sv \
## ]
## add_files -norecurse -fileset [current_fileset] [list \
##     $ROOT/.bender/git/checkouts/register_interface-902ad5bfde7bb98c/src/reg_intf.sv \
##     $ROOT/.bender/git/checkouts/register_interface-902ad5bfde7bb98c/vendor/lowrisc_opentitan/src/prim_subreg_arb.sv \
##     $ROOT/.bender/git/checkouts/register_interface-902ad5bfde7bb98c/vendor/lowrisc_opentitan/src/prim_subreg_ext.sv \
##     $ROOT/.bender/git/checkouts/register_interface-902ad5bfde7bb98c/src/apb_to_reg.sv \
##     $ROOT/.bender/git/checkouts/register_interface-902ad5bfde7bb98c/src/axi_lite_to_reg.sv \
##     $ROOT/.bender/git/checkouts/register_interface-902ad5bfde7bb98c/src/axi_to_reg_v2.sv \
##     $ROOT/.bender/git/checkouts/register_interface-902ad5bfde7bb98c/src/periph_to_reg.sv \
##     $ROOT/.bender/git/checkouts/register_interface-902ad5bfde7bb98c/src/reg_cdc.sv \
##     $ROOT/.bender/git/checkouts/register_interface-902ad5bfde7bb98c/src/reg_cut.sv \
##     $ROOT/.bender/git/checkouts/register_interface-902ad5bfde7bb98c/src/reg_demux.sv \
##     $ROOT/.bender/git/checkouts/register_interface-902ad5bfde7bb98c/src/reg_err_slv.sv \
##     $ROOT/.bender/git/checkouts/register_interface-902ad5bfde7bb98c/src/reg_filter_empty_writes.sv \
##     $ROOT/.bender/git/checkouts/register_interface-902ad5bfde7bb98c/src/reg_mux.sv \
##     $ROOT/.bender/git/checkouts/register_interface-902ad5bfde7bb98c/src/reg_to_apb.sv \
##     $ROOT/.bender/git/checkouts/register_interface-902ad5bfde7bb98c/src/reg_to_mem.sv \
##     $ROOT/.bender/git/checkouts/register_interface-902ad5bfde7bb98c/src/reg_to_tlul.sv \
##     $ROOT/.bender/git/checkouts/register_interface-902ad5bfde7bb98c/src/reg_to_axi.sv \
##     $ROOT/.bender/git/checkouts/register_interface-902ad5bfde7bb98c/src/reg_uniform.sv \
##     $ROOT/.bender/git/checkouts/register_interface-902ad5bfde7bb98c/vendor/lowrisc_opentitan/src/prim_subreg_shadow.sv \
##     $ROOT/.bender/git/checkouts/register_interface-902ad5bfde7bb98c/vendor/lowrisc_opentitan/src/prim_subreg.sv \
##     $ROOT/.bender/git/checkouts/register_interface-902ad5bfde7bb98c/src/deprecated/axi_to_reg.sv \
## ]
## add_files -norecurse -fileset [current_fileset] [list \
##     $ROOT/.bender/git/checkouts/apb_uart-38dcfab592cbc1a1/src/apb_uart.sv \
##     $ROOT/.bender/git/checkouts/apb_uart-38dcfab592cbc1a1/src/apb_uart_wrap.sv \
##     $ROOT/.bender/git/checkouts/apb_uart-38dcfab592cbc1a1/src/reg_uart_wrap.sv \
## ]
## add_files -norecurse -fileset [current_fileset] [list \
##     $ROOT/.bender/git/checkouts/axi_llc-5fb8850caad4fcfa/src/axi_llc_pkg.sv \
##     $ROOT/.bender/git/checkouts/axi_llc-5fb8850caad4fcfa/src/axi_llc_sram_data.sv \
##     $ROOT/.bender/git/checkouts/axi_llc-5fb8850caad4fcfa/src/axi_llc_sram_tag.sv \
##     $ROOT/.bender/git/checkouts/axi_llc-5fb8850caad4fcfa/src/axi_llc_index_assigner.sv \
##     $ROOT/.bender/git/checkouts/axi_llc-5fb8850caad4fcfa/src/axi_llc_trdl_index.sv \
##     $ROOT/.bender/git/checkouts/axi_llc-5fb8850caad4fcfa/src/axi_llc_burst_cutter.sv \
##     $ROOT/.bender/git/checkouts/axi_llc-5fb8850caad4fcfa/src/axi_llc_data_way.sv \
##     $ROOT/.bender/git/checkouts/axi_llc-5fb8850caad4fcfa/src/axi_llc_merge_unit.sv \
##     $ROOT/.bender/git/checkouts/axi_llc-5fb8850caad4fcfa/src/axi_llc_read_unit.sv \
##     $ROOT/.bender/git/checkouts/axi_llc-5fb8850caad4fcfa/src/axi_llc_reg_pkg.sv \
##     $ROOT/.bender/git/checkouts/axi_llc-5fb8850caad4fcfa/src/axi_llc_reg_top.sv \
##     $ROOT/.bender/git/checkouts/axi_llc-5fb8850caad4fcfa/src/axi_llc_write_unit.sv \
##     $ROOT/.bender/git/checkouts/axi_llc-5fb8850caad4fcfa/src/eviction_refill/axi_llc_ax_master.sv \
##     $ROOT/.bender/git/checkouts/axi_llc-5fb8850caad4fcfa/src/eviction_refill/axi_llc_r_master.sv \
##     $ROOT/.bender/git/checkouts/axi_llc-5fb8850caad4fcfa/src/eviction_refill/axi_llc_w_master.sv \
##     $ROOT/.bender/git/checkouts/axi_llc-5fb8850caad4fcfa/src/hit_miss_detect/axi_llc_evict_box.sv \
##     $ROOT/.bender/git/checkouts/axi_llc-5fb8850caad4fcfa/src/hit_miss_detect/axi_llc_lock_box_bloom.sv \
##     $ROOT/.bender/git/checkouts/axi_llc-5fb8850caad4fcfa/src/hit_miss_detect/axi_llc_miss_counters.sv \
##     $ROOT/.bender/git/checkouts/axi_llc-5fb8850caad4fcfa/src/hit_miss_detect/axi_llc_tag_pattern_gen.sv \
##     $ROOT/.bender/git/checkouts/axi_llc-5fb8850caad4fcfa/src/axi_llc_chan_splitter.sv \
##     $ROOT/.bender/git/checkouts/axi_llc-5fb8850caad4fcfa/src/axi_llc_evict_unit.sv \
##     $ROOT/.bender/git/checkouts/axi_llc-5fb8850caad4fcfa/src/axi_llc_refill_unit.sv \
##     $ROOT/.bender/git/checkouts/axi_llc-5fb8850caad4fcfa/src/axi_llc_ways.sv \
##     $ROOT/.bender/git/checkouts/axi_llc-5fb8850caad4fcfa/src/hit_miss_detect/axi_llc_tag_store.sv \
##     $ROOT/.bender/git/checkouts/axi_llc-5fb8850caad4fcfa/src/axi_llc_config_pat.sv \
##     $ROOT/.bender/git/checkouts/axi_llc-5fb8850caad4fcfa/src/axi_llc_config_no_pat.sv \
##     $ROOT/.bender/git/checkouts/axi_llc-5fb8850caad4fcfa/src/axi_llc_hit_miss.sv \
##     $ROOT/.bender/git/checkouts/axi_llc-5fb8850caad4fcfa/src/axi_llc_top.sv \
##     $ROOT/.bender/git/checkouts/axi_llc-5fb8850caad4fcfa/src/axi_llc_reg_wrap.sv \
##     $ROOT/.bender/git/checkouts/axi_llc-5fb8850caad4fcfa/test/synth_axi_llc.sv \
## ]
## add_files -norecurse -fileset [current_fileset] [list \
##     $ROOT/.bender/git/checkouts/axi_riscv_atomics-40ad8d2d0e0daa8b/src/axi_res_tbl.sv \
##     $ROOT/.bender/git/checkouts/axi_riscv_atomics-40ad8d2d0e0daa8b/src/axi_riscv_amos_alu.sv \
##     $ROOT/.bender/git/checkouts/axi_riscv_atomics-40ad8d2d0e0daa8b/src/axi_riscv_amos.sv \
##     $ROOT/.bender/git/checkouts/axi_riscv_atomics-40ad8d2d0e0daa8b/src/axi_riscv_lrsc.sv \
##     $ROOT/.bender/git/checkouts/axi_riscv_atomics-40ad8d2d0e0daa8b/src/axi_riscv_atomics.sv \
##     $ROOT/.bender/git/checkouts/axi_riscv_atomics-40ad8d2d0e0daa8b/src/axi_riscv_lrsc_wrap.sv \
##     $ROOT/.bender/git/checkouts/axi_riscv_atomics-40ad8d2d0e0daa8b/src/axi_riscv_amos_wrap.sv \
##     $ROOT/.bender/git/checkouts/axi_riscv_atomics-40ad8d2d0e0daa8b/src/axi_riscv_atomics_wrap.sv \
##     $ROOT/.bender/git/checkouts/axi_riscv_atomics-40ad8d2d0e0daa8b/src/axi_riscv_atomics_structs.sv \
## ]
## add_files -norecurse -fileset [current_fileset] [list \
##     $ROOT/.bender/git/checkouts/axi_rt-7cef46f372eaf0fb/src/regs/axi_rt_reg_pkg.sv \
##     $ROOT/.bender/git/checkouts/axi_rt-7cef46f372eaf0fb/src/axi_gran_burst_splitter_counters.sv \
##     $ROOT/.bender/git/checkouts/axi_rt-7cef46f372eaf0fb/src/axi_rt_unit_counter.sv \
##     $ROOT/.bender/git/checkouts/axi_rt-7cef46f372eaf0fb/src/axi_rt_err_slv.sv \
##     $ROOT/.bender/git/checkouts/axi_rt-7cef46f372eaf0fb/src/axi_rt_regbus_guard.sv \
##     $ROOT/.bender/git/checkouts/axi_rt-7cef46f372eaf0fb/src/regs/axi_rt_reg_top.sv \
##     $ROOT/.bender/git/checkouts/axi_rt-7cef46f372eaf0fb/src/axi_gran_burst_splitter_ax_chan.sv \
##     $ROOT/.bender/git/checkouts/axi_rt-7cef46f372eaf0fb/src/axi_gran_burst_splitter.sv \
##     $ROOT/.bender/git/checkouts/axi_rt-7cef46f372eaf0fb/src/axi_write_buffer.sv \
##     $ROOT/.bender/git/checkouts/axi_rt-7cef46f372eaf0fb/src/axi_rt_unit.sv \
##     $ROOT/.bender/git/checkouts/axi_rt-7cef46f372eaf0fb/src/axi_rt_unit_top.sv \
##     $ROOT/.bender/git/checkouts/axi_rt-7cef46f372eaf0fb/src/axi_rt_unit_top_synth.sv \
## ]
## add_files -norecurse -fileset [current_fileset] [list \
##     $ROOT/.bender/git/checkouts/axi_rt-7cef46f372eaf0fb/target/xilinx/src/axi_rt_unit_top_xilinx.sv \
##     $ROOT/.bender/git/checkouts/axi_rt-7cef46f372eaf0fb/target/xilinx/src/axi_rt_unit_top_xilinx_ip.v \
## ]
## add_files -norecurse -fileset [current_fileset] [list \
##     $ROOT/.bender/git/checkouts/axi_vga-74c838b44ce780d5/src/axi_vga_reg_pkg.sv \
##     $ROOT/.bender/git/checkouts/axi_vga-74c838b44ce780d5/src/axi_vga_reg_top.sv \
##     $ROOT/.bender/git/checkouts/axi_vga-74c838b44ce780d5/src/axi_vga_timing_fsm.sv \
##     $ROOT/.bender/git/checkouts/axi_vga-74c838b44ce780d5/src/axi_vga_fetcher.sv \
##     $ROOT/.bender/git/checkouts/axi_vga-74c838b44ce780d5/src/axi_vga.sv \
## ]
## add_files -norecurse -fileset [current_fileset] [list \
##     $ROOT/.bender/git/checkouts/clic-360fff7ce2d41116/src/clic_pkg.sv \
##     $ROOT/.bender/git/checkouts/clic-360fff7ce2d41116/src/clicint_reg_pkg.sv \
##     $ROOT/.bender/git/checkouts/clic-360fff7ce2d41116/src/clicint_reg_top.sv \
##     $ROOT/.bender/git/checkouts/clic-360fff7ce2d41116/src/clicintv_reg_pkg.sv \
##     $ROOT/.bender/git/checkouts/clic-360fff7ce2d41116/src/clicintv_reg_top.sv \
##     $ROOT/.bender/git/checkouts/clic-360fff7ce2d41116/src/clicvs_reg_pkg.sv \
##     $ROOT/.bender/git/checkouts/clic-360fff7ce2d41116/src/clicvs_reg_top.sv \
##     $ROOT/.bender/git/checkouts/clic-360fff7ce2d41116/src/mclic_reg_pkg.sv \
##     $ROOT/.bender/git/checkouts/clic-360fff7ce2d41116/src/mclic_reg_top.sv \
##     $ROOT/.bender/git/checkouts/clic-360fff7ce2d41116/src/clic_reg_adapter.sv \
##     $ROOT/.bender/git/checkouts/clic-360fff7ce2d41116/src/clic_gateway.sv \
##     $ROOT/.bender/git/checkouts/clic-360fff7ce2d41116/src/clic_target.sv \
##     $ROOT/.bender/git/checkouts/clic-360fff7ce2d41116/src/clic_apb.sv \
##     $ROOT/.bender/git/checkouts/clic-360fff7ce2d41116/src/clic.sv \
## ]
## add_files -norecurse -fileset [current_fileset] [list \
##     $ROOT/.bender/git/checkouts/clint-de4a234303f657d0/src/clint_reg_pkg.sv \
##     $ROOT/.bender/git/checkouts/clint-de4a234303f657d0/src/clint_reg_top.sv \
##     $ROOT/.bender/git/checkouts/clint-de4a234303f657d0/src/clint.sv \
## ]
## add_files -norecurse -fileset [current_fileset] [list \
##     $ROOT/.bender/git/checkouts/cva6-20c9d7cbe0dd6995/core/include/config_pkg.sv \
## ]
## add_files -norecurse -fileset [current_fileset] [list \
##     $ROOT/.bender/git/checkouts/cva6-20c9d7cbe0dd6995/core/include/cv64a6_rt_config_pkg.sv \
## ]
## add_files -norecurse -fileset [current_fileset] [list \
##     $ROOT/.bender/git/checkouts/cva6-20c9d7cbe0dd6995/core/include/riscv_pkg.sv \
##     $ROOT/.bender/git/checkouts/cva6-20c9d7cbe0dd6995/core/include/ariane_pkg.sv \
##     $ROOT/.bender/git/checkouts/cva6-20c9d7cbe0dd6995/core/include/build_config_pkg.sv \
## ]
## add_files -norecurse -fileset [current_fileset] [list \
##     $ROOT/.bender/git/checkouts/cva6-20c9d7cbe0dd6995/core/cva6_accel_first_pass_decoder_stub.sv \
## ]
## add_files -norecurse -fileset [current_fileset] [list \
##     $ROOT/.bender/git/checkouts/cva6-20c9d7cbe0dd6995/core/cva6_clic_controller.sv \
## ]
## add_files -norecurse -fileset [current_fileset] [list \
##     $ROOT/.bender/git/checkouts/cva6-20c9d7cbe0dd6995/core/cva6_mmu/cva6_tlb.sv \
##     $ROOT/.bender/git/checkouts/cva6-20c9d7cbe0dd6995/core/cva6_mmu/cva6_shared_tlb.sv \
##     $ROOT/.bender/git/checkouts/cva6-20c9d7cbe0dd6995/core/cva6_mmu/cva6_mmu.sv \
##     $ROOT/.bender/git/checkouts/cva6-20c9d7cbe0dd6995/core/cva6_mmu/cva6_ptw.sv \
## ]
## add_files -norecurse -fileset [current_fileset] [list \
##     $ROOT/.bender/git/checkouts/cva6-20c9d7cbe0dd6995/core/include/wt_cache_pkg.sv \
##     $ROOT/.bender/git/checkouts/cva6-20c9d7cbe0dd6995/core/include/std_cache_pkg.sv \
##     $ROOT/.bender/git/checkouts/cva6-20c9d7cbe0dd6995/core/include/aes_pkg.sv \
##     $ROOT/.bender/git/checkouts/cva6-20c9d7cbe0dd6995/core/cvxif_example/include/cvxif_instr_pkg.sv \
##     $ROOT/.bender/git/checkouts/cva6-20c9d7cbe0dd6995/core/cvxif_fu.sv \
##     $ROOT/.bender/git/checkouts/cva6-20c9d7cbe0dd6995/core/cvxif_issue_register_commit_if_driver.sv \
##     $ROOT/.bender/git/checkouts/cva6-20c9d7cbe0dd6995/core/cvxif_compressed_if_driver.sv \
##     $ROOT/.bender/git/checkouts/cva6-20c9d7cbe0dd6995/core/cvxif_example/cvxif_example_coprocessor.sv \
##     $ROOT/.bender/git/checkouts/cva6-20c9d7cbe0dd6995/core/cvxif_example/instr_decoder.sv \
##     $ROOT/.bender/git/checkouts/cva6-20c9d7cbe0dd6995/core/cva6_rvfi_probes.sv \
##     $ROOT/.bender/git/checkouts/cva6-20c9d7cbe0dd6995/core/cva6_fifo_v3.sv \
##     $ROOT/.bender/git/checkouts/cva6-20c9d7cbe0dd6995/core/cva6.sv \
##     $ROOT/.bender/git/checkouts/cva6-20c9d7cbe0dd6995/core/aes.sv \
##     $ROOT/.bender/git/checkouts/cva6-20c9d7cbe0dd6995/core/alu.sv \
##     $ROOT/.bender/git/checkouts/cva6-20c9d7cbe0dd6995/core/alu_wrapper.sv \
##     $ROOT/.bender/git/checkouts/cva6-20c9d7cbe0dd6995/core/fpu_wrap.sv \
##     $ROOT/.bender/git/checkouts/cva6-20c9d7cbe0dd6995/core/branch_unit.sv \
##     $ROOT/.bender/git/checkouts/cva6-20c9d7cbe0dd6995/core/compressed_decoder.sv \
##     $ROOT/.bender/git/checkouts/cva6-20c9d7cbe0dd6995/core/controller.sv \
##     $ROOT/.bender/git/checkouts/cva6-20c9d7cbe0dd6995/core/csr_buffer.sv \
##     $ROOT/.bender/git/checkouts/cva6-20c9d7cbe0dd6995/core/csr_regfile.sv \
##     $ROOT/.bender/git/checkouts/cva6-20c9d7cbe0dd6995/core/decoder.sv \
##     $ROOT/.bender/git/checkouts/cva6-20c9d7cbe0dd6995/core/ex_stage.sv \
##     $ROOT/.bender/git/checkouts/cva6-20c9d7cbe0dd6995/core/acc_dispatcher.sv \
##     $ROOT/.bender/git/checkouts/cva6-20c9d7cbe0dd6995/core/instr_realign.sv \
##     $ROOT/.bender/git/checkouts/cva6-20c9d7cbe0dd6995/core/macro_decoder.sv \
##     $ROOT/.bender/git/checkouts/cva6-20c9d7cbe0dd6995/core/id_stage.sv \
##     $ROOT/.bender/git/checkouts/cva6-20c9d7cbe0dd6995/core/issue_read_operands.sv \
##     $ROOT/.bender/git/checkouts/cva6-20c9d7cbe0dd6995/core/issue_stage.sv \
##     $ROOT/.bender/git/checkouts/cva6-20c9d7cbe0dd6995/core/load_unit.sv \
##     $ROOT/.bender/git/checkouts/cva6-20c9d7cbe0dd6995/core/load_store_unit.sv \
##     $ROOT/.bender/git/checkouts/cva6-20c9d7cbe0dd6995/core/lsu_bypass.sv \
##     $ROOT/.bender/git/checkouts/cva6-20c9d7cbe0dd6995/core/mult.sv \
##     $ROOT/.bender/git/checkouts/cva6-20c9d7cbe0dd6995/core/multiplier.sv \
##     $ROOT/.bender/git/checkouts/cva6-20c9d7cbe0dd6995/core/serdiv.sv \
##     $ROOT/.bender/git/checkouts/cva6-20c9d7cbe0dd6995/core/perf_counters.sv \
##     $ROOT/.bender/git/checkouts/cva6-20c9d7cbe0dd6995/core/ariane_regfile_ff.sv \
##     $ROOT/.bender/git/checkouts/cva6-20c9d7cbe0dd6995/core/ariane_regfile_fpga.sv \
##     $ROOT/.bender/git/checkouts/cva6-20c9d7cbe0dd6995/core/scoreboard.sv \
##     $ROOT/.bender/git/checkouts/cva6-20c9d7cbe0dd6995/core/raw_checker.sv \
##     $ROOT/.bender/git/checkouts/cva6-20c9d7cbe0dd6995/core/store_buffer.sv \
##     $ROOT/.bender/git/checkouts/cva6-20c9d7cbe0dd6995/core/amo_buffer.sv \
##     $ROOT/.bender/git/checkouts/cva6-20c9d7cbe0dd6995/core/store_unit.sv \
##     $ROOT/.bender/git/checkouts/cva6-20c9d7cbe0dd6995/core/commit_stage.sv \
##     $ROOT/.bender/git/checkouts/cva6-20c9d7cbe0dd6995/core/axi_shim.sv \
##     $ROOT/.bender/git/checkouts/cva6-20c9d7cbe0dd6995/core/frontend/btb.sv \
##     $ROOT/.bender/git/checkouts/cva6-20c9d7cbe0dd6995/core/frontend/bht.sv \
##     $ROOT/.bender/git/checkouts/cva6-20c9d7cbe0dd6995/core/frontend/bht2lvl.sv \
##     $ROOT/.bender/git/checkouts/cva6-20c9d7cbe0dd6995/core/frontend/ras.sv \
##     $ROOT/.bender/git/checkouts/cva6-20c9d7cbe0dd6995/core/frontend/instr_scan.sv \
##     $ROOT/.bender/git/checkouts/cva6-20c9d7cbe0dd6995/core/frontend/instr_queue.sv \
##     $ROOT/.bender/git/checkouts/cva6-20c9d7cbe0dd6995/core/frontend/frontend.sv \
##     $ROOT/.bender/git/checkouts/cva6-20c9d7cbe0dd6995/core/cache_subsystem/wt_dcache_ctrl.sv \
##     $ROOT/.bender/git/checkouts/cva6-20c9d7cbe0dd6995/core/cache_subsystem/wt_dcache_mem.sv \
##     $ROOT/.bender/git/checkouts/cva6-20c9d7cbe0dd6995/core/cache_subsystem/wt_dcache_missunit.sv \
##     $ROOT/.bender/git/checkouts/cva6-20c9d7cbe0dd6995/core/cache_subsystem/wt_dcache_wbuffer.sv \
##     $ROOT/.bender/git/checkouts/cva6-20c9d7cbe0dd6995/core/cache_subsystem/wt_dcache.sv \
##     $ROOT/.bender/git/checkouts/cva6-20c9d7cbe0dd6995/core/cache_subsystem/wt_cache_subsystem.sv \
##     $ROOT/.bender/git/checkouts/cva6-20c9d7cbe0dd6995/core/cache_subsystem/wt_axi_adapter.sv \
##     $ROOT/.bender/git/checkouts/cva6-20c9d7cbe0dd6995/core/cache_subsystem/ispm_ctrl.sv \
##     $ROOT/.bender/git/checkouts/cva6-20c9d7cbe0dd6995/core/cache_subsystem/dspm_ctrl.sv \
##     $ROOT/.bender/git/checkouts/cva6-20c9d7cbe0dd6995/core/cache_subsystem/cva6_icache.sv \
##     $ROOT/.bender/git/checkouts/cva6-20c9d7cbe0dd6995/core/cache_subsystem/tag_cmp.sv \
##     $ROOT/.bender/git/checkouts/cva6-20c9d7cbe0dd6995/core/cache_subsystem/cache_ctrl.sv \
##     $ROOT/.bender/git/checkouts/cva6-20c9d7cbe0dd6995/core/cache_subsystem/amo_alu.sv \
##     $ROOT/.bender/git/checkouts/cva6-20c9d7cbe0dd6995/core/cache_subsystem/axi_adapter.sv \
##     $ROOT/.bender/git/checkouts/cva6-20c9d7cbe0dd6995/core/cache_subsystem/miss_handler.sv \
##     $ROOT/.bender/git/checkouts/cva6-20c9d7cbe0dd6995/core/cache_subsystem/std_nbdcache.sv \
##     $ROOT/.bender/git/checkouts/cva6-20c9d7cbe0dd6995/core/cache_subsystem/cva6_icache_axi_wrapper.sv \
##     $ROOT/.bender/git/checkouts/cva6-20c9d7cbe0dd6995/core/cache_subsystem/std_cache_subsystem.sv \
##     $ROOT/.bender/git/checkouts/cva6-20c9d7cbe0dd6995/core/cache_subsystem/hpdcache/rtl/src/hpdcache_pkg.sv \
##     $ROOT/.bender/git/checkouts/cva6-20c9d7cbe0dd6995/core/cache_subsystem/hpdcache/rtl/src/utils/hpdcache_mem_resp_demux.sv \
##     $ROOT/.bender/git/checkouts/cva6-20c9d7cbe0dd6995/core/cache_subsystem/hpdcache/rtl/src/utils/hpdcache_mem_to_axi_read.sv \
##     $ROOT/.bender/git/checkouts/cva6-20c9d7cbe0dd6995/core/cache_subsystem/hpdcache/rtl/src/utils/hpdcache_mem_to_axi_write.sv \
##     $ROOT/.bender/git/checkouts/cva6-20c9d7cbe0dd6995/core/cache_subsystem/hpdcache/rtl/src/utils/hpdcache_mem_req_read_arbiter.sv \
##     $ROOT/.bender/git/checkouts/cva6-20c9d7cbe0dd6995/core/cache_subsystem/hpdcache/rtl/src/utils/hpdcache_mem_req_write_arbiter.sv \
##     $ROOT/.bender/git/checkouts/cva6-20c9d7cbe0dd6995/core/cache_subsystem/hpdcache/rtl/src/common/hpdcache_demux.sv \
##     $ROOT/.bender/git/checkouts/cva6-20c9d7cbe0dd6995/core/cache_subsystem/hpdcache/rtl/src/common/hpdcache_lfsr.sv \
##     $ROOT/.bender/git/checkouts/cva6-20c9d7cbe0dd6995/core/cache_subsystem/hpdcache/rtl/src/common/hpdcache_sync_buffer.sv \
##     $ROOT/.bender/git/checkouts/cva6-20c9d7cbe0dd6995/core/cache_subsystem/hpdcache/rtl/src/common/hpdcache_fifo_reg.sv \
##     $ROOT/.bender/git/checkouts/cva6-20c9d7cbe0dd6995/core/cache_subsystem/hpdcache/rtl/src/common/hpdcache_fifo_reg_initialized.sv \
##     $ROOT/.bender/git/checkouts/cva6-20c9d7cbe0dd6995/core/cache_subsystem/hpdcache/rtl/src/common/hpdcache_fxarb.sv \
##     $ROOT/.bender/git/checkouts/cva6-20c9d7cbe0dd6995/core/cache_subsystem/hpdcache/rtl/src/common/hpdcache_rrarb.sv \
##     $ROOT/.bender/git/checkouts/cva6-20c9d7cbe0dd6995/core/cache_subsystem/hpdcache/rtl/src/common/hpdcache_mux.sv \
##     $ROOT/.bender/git/checkouts/cva6-20c9d7cbe0dd6995/core/cache_subsystem/hpdcache/rtl/src/common/hpdcache_decoder.sv \
##     $ROOT/.bender/git/checkouts/cva6-20c9d7cbe0dd6995/core/cache_subsystem/hpdcache/rtl/src/common/hpdcache_1hot_to_binary.sv \
##     $ROOT/.bender/git/checkouts/cva6-20c9d7cbe0dd6995/core/cache_subsystem/hpdcache/rtl/src/common/hpdcache_prio_1hot_encoder.sv \
##     $ROOT/.bender/git/checkouts/cva6-20c9d7cbe0dd6995/core/cache_subsystem/hpdcache/rtl/src/common/hpdcache_sram.sv \
##     $ROOT/.bender/git/checkouts/cva6-20c9d7cbe0dd6995/core/cache_subsystem/hpdcache/rtl/src/common/hpdcache_sram_wbyteenable.sv \
##     $ROOT/.bender/git/checkouts/cva6-20c9d7cbe0dd6995/core/cache_subsystem/hpdcache/rtl/src/common/hpdcache_sram_wmask.sv \
##     $ROOT/.bender/git/checkouts/cva6-20c9d7cbe0dd6995/core/cache_subsystem/hpdcache/rtl/src/common/hpdcache_regbank_wbyteenable_1rw.sv \
##     $ROOT/.bender/git/checkouts/cva6-20c9d7cbe0dd6995/core/cache_subsystem/hpdcache/rtl/src/common/hpdcache_regbank_wmask_1rw.sv \
##     $ROOT/.bender/git/checkouts/cva6-20c9d7cbe0dd6995/core/cache_subsystem/hpdcache/rtl/src/common/hpdcache_data_downsize.sv \
##     $ROOT/.bender/git/checkouts/cva6-20c9d7cbe0dd6995/core/cache_subsystem/hpdcache/rtl/src/common/hpdcache_data_upsize.sv \
##     $ROOT/.bender/git/checkouts/cva6-20c9d7cbe0dd6995/core/cache_subsystem/hpdcache/rtl/src/common/hpdcache_data_resize.sv \
##     $ROOT/.bender/git/checkouts/cva6-20c9d7cbe0dd6995/core/cache_subsystem/hpdcache/rtl/src/hwpf_stride/hwpf_stride_pkg.sv \
##     $ROOT/.bender/git/checkouts/cva6-20c9d7cbe0dd6995/core/cache_subsystem/hpdcache/rtl/src/hwpf_stride/hwpf_stride.sv \
##     $ROOT/.bender/git/checkouts/cva6-20c9d7cbe0dd6995/core/cache_subsystem/hpdcache/rtl/src/hwpf_stride/hwpf_stride_arb.sv \
##     $ROOT/.bender/git/checkouts/cva6-20c9d7cbe0dd6995/core/cache_subsystem/hpdcache/rtl/src/hwpf_stride/hwpf_stride_wrapper.sv \
##     $ROOT/.bender/git/checkouts/cva6-20c9d7cbe0dd6995/core/cache_subsystem/hpdcache/rtl/src/hpdcache.sv \
##     $ROOT/.bender/git/checkouts/cva6-20c9d7cbe0dd6995/core/cache_subsystem/hpdcache/rtl/src/hpdcache_amo.sv \
##     $ROOT/.bender/git/checkouts/cva6-20c9d7cbe0dd6995/core/cache_subsystem/hpdcache/rtl/src/hpdcache_cmo.sv \
##     $ROOT/.bender/git/checkouts/cva6-20c9d7cbe0dd6995/core/cache_subsystem/hpdcache/rtl/src/hpdcache_core_arbiter.sv \
##     $ROOT/.bender/git/checkouts/cva6-20c9d7cbe0dd6995/core/cache_subsystem/hpdcache/rtl/src/hpdcache_ctrl.sv \
##     $ROOT/.bender/git/checkouts/cva6-20c9d7cbe0dd6995/core/cache_subsystem/hpdcache/rtl/src/hpdcache_ctrl_pe.sv \
##     $ROOT/.bender/git/checkouts/cva6-20c9d7cbe0dd6995/core/cache_subsystem/hpdcache/rtl/src/hpdcache_memctrl.sv \
##     $ROOT/.bender/git/checkouts/cva6-20c9d7cbe0dd6995/core/cache_subsystem/hpdcache/rtl/src/hpdcache_miss_handler.sv \
##     $ROOT/.bender/git/checkouts/cva6-20c9d7cbe0dd6995/core/cache_subsystem/hpdcache/rtl/src/hpdcache_mshr.sv \
##     $ROOT/.bender/git/checkouts/cva6-20c9d7cbe0dd6995/core/cache_subsystem/hpdcache/rtl/src/hpdcache_rtab.sv \
##     $ROOT/.bender/git/checkouts/cva6-20c9d7cbe0dd6995/core/cache_subsystem/hpdcache/rtl/src/hpdcache_uncached.sv \
##     $ROOT/.bender/git/checkouts/cva6-20c9d7cbe0dd6995/core/cache_subsystem/hpdcache/rtl/src/hpdcache_victim_plru.sv \
##     $ROOT/.bender/git/checkouts/cva6-20c9d7cbe0dd6995/core/cache_subsystem/hpdcache/rtl/src/hpdcache_victim_random.sv \
##     $ROOT/.bender/git/checkouts/cva6-20c9d7cbe0dd6995/core/cache_subsystem/hpdcache/rtl/src/hpdcache_victim_sel.sv \
##     $ROOT/.bender/git/checkouts/cva6-20c9d7cbe0dd6995/core/cache_subsystem/hpdcache/rtl/src/hpdcache_wbuf.sv \
##     $ROOT/.bender/git/checkouts/cva6-20c9d7cbe0dd6995/core/cache_subsystem/hpdcache/rtl/src/hpdcache_flush.sv \
##     $ROOT/.bender/git/checkouts/cva6-20c9d7cbe0dd6995/core/cache_subsystem/cva6_hpdcache_if_adapter.sv \
##     $ROOT/.bender/git/checkouts/cva6-20c9d7cbe0dd6995/core/cache_subsystem/cva6_hpdcache_subsystem_axi_arbiter.sv \
##     $ROOT/.bender/git/checkouts/cva6-20c9d7cbe0dd6995/core/cache_subsystem/cva6_hpdcache_subsystem.sv \
##     $ROOT/.bender/git/checkouts/cva6-20c9d7cbe0dd6995/core/cache_subsystem/cva6_hpdcache_wrapper.sv \
##     $ROOT/.bender/git/checkouts/cva6-20c9d7cbe0dd6995/core/cache_subsystem/hpdcache_tc_sram.sv \
##     $ROOT/.bender/git/checkouts/cva6-20c9d7cbe0dd6995/core/pmp/src/pmp.sv \
##     $ROOT/.bender/git/checkouts/cva6-20c9d7cbe0dd6995/core/pmp/src/pmp_entry.sv \
##     $ROOT/.bender/git/checkouts/cva6-20c9d7cbe0dd6995/core/pmp/src/pmp_data_if.sv \
##     $ROOT/.bender/git/checkouts/cva6-20c9d7cbe0dd6995/vendor/pulp-platform/fpga-support/fpga-support-stubs.sv \
##     $ROOT/.bender/git/checkouts/cva6-20c9d7cbe0dd6995/common/local/util/tc_sram_wrapper.sv \
##     $ROOT/.bender/git/checkouts/cva6-20c9d7cbe0dd6995/common/local/util/tc_sram_wrapper_cache_techno.sv \
##     $ROOT/.bender/git/checkouts/cva6-20c9d7cbe0dd6995/common/local/util/sram_pulp.sv \
##     $ROOT/.bender/git/checkouts/cva6-20c9d7cbe0dd6995/common/local/util/sram_cache.sv \
## ]
## add_files -norecurse -fileset [current_fileset] [list \
##     $ROOT/.bender/git/checkouts/idma-77bf7fa56d324e6a/src/idma_pkg.sv \
##     $ROOT/.bender/git/checkouts/idma-77bf7fa56d324e6a/src/backend/idma_axil_read.sv \
##     $ROOT/.bender/git/checkouts/idma-77bf7fa56d324e6a/src/backend/idma_axil_write.sv \
##     $ROOT/.bender/git/checkouts/idma-77bf7fa56d324e6a/src/backend/idma_axi_read.sv \
##     $ROOT/.bender/git/checkouts/idma-77bf7fa56d324e6a/src/backend/idma_axi_write.sv \
##     $ROOT/.bender/git/checkouts/idma-77bf7fa56d324e6a/src/backend/idma_axis_read.sv \
##     $ROOT/.bender/git/checkouts/idma-77bf7fa56d324e6a/src/backend/idma_axis_write.sv \
##     $ROOT/.bender/git/checkouts/idma-77bf7fa56d324e6a/src/backend/idma_channel_coupler.sv \
##     $ROOT/.bender/git/checkouts/idma-77bf7fa56d324e6a/src/backend/idma_dataflow_element.sv \
##     $ROOT/.bender/git/checkouts/idma-77bf7fa56d324e6a/src/backend/idma_error_handler.sv \
##     $ROOT/.bender/git/checkouts/idma-77bf7fa56d324e6a/src/backend/idma_init_read.sv \
##     $ROOT/.bender/git/checkouts/idma-77bf7fa56d324e6a/src/backend/idma_init_write.sv \
##     $ROOT/.bender/git/checkouts/idma-77bf7fa56d324e6a/src/backend/idma_legalizer_page_splitter.sv \
##     $ROOT/.bender/git/checkouts/idma-77bf7fa56d324e6a/src/backend/idma_legalizer_pow2_splitter.sv \
##     $ROOT/.bender/git/checkouts/idma-77bf7fa56d324e6a/src/backend/idma_obi_read.sv \
##     $ROOT/.bender/git/checkouts/idma-77bf7fa56d324e6a/src/backend/idma_obi_write.sv \
##     $ROOT/.bender/git/checkouts/idma-77bf7fa56d324e6a/src/backend/idma_tilelink_read.sv \
##     $ROOT/.bender/git/checkouts/idma-77bf7fa56d324e6a/src/backend/idma_tilelink_write.sv \
## ]
## add_files -norecurse -fileset [current_fileset] [list \
##     $ROOT/.bender/git/checkouts/idma-77bf7fa56d324e6a/target/rtl/idma_generated.sv \
## ]
## add_files -norecurse -fileset [current_fileset] [list \
##     $ROOT/.bender/git/checkouts/idma-77bf7fa56d324e6a/src/midend/idma_mp_dist_midend.sv \
##     $ROOT/.bender/git/checkouts/idma-77bf7fa56d324e6a/src/midend/idma_mp_split_midend.sv \
##     $ROOT/.bender/git/checkouts/idma-77bf7fa56d324e6a/src/midend/idma_nd_midend.sv \
##     $ROOT/.bender/git/checkouts/idma-77bf7fa56d324e6a/src/midend/idma_rt_midend.sv \
## ]
## add_files -norecurse -fileset [current_fileset] [list \
##     $ROOT/.bender/git/checkouts/idma-77bf7fa56d324e6a/src/frontend/desc64/idma_desc64_ar_gen.sv \
##     $ROOT/.bender/git/checkouts/idma-77bf7fa56d324e6a/src/frontend/desc64/idma_desc64_ar_gen_prefetch.sv \
##     $ROOT/.bender/git/checkouts/idma-77bf7fa56d324e6a/src/frontend/desc64/idma_desc64_reader.sv \
##     $ROOT/.bender/git/checkouts/idma-77bf7fa56d324e6a/src/frontend/desc64/idma_desc64_reader_gater.sv \
##     $ROOT/.bender/git/checkouts/idma-77bf7fa56d324e6a/src/frontend/desc64/idma_desc64_reshaper.sv \
##     $ROOT/.bender/git/checkouts/idma-77bf7fa56d324e6a/src/frontend/idma_transfer_id_gen.sv \
##     $ROOT/.bender/git/checkouts/idma-77bf7fa56d324e6a/src/frontend/desc64/idma_desc64_reg_wrapper.sv \
##     $ROOT/.bender/git/checkouts/idma-77bf7fa56d324e6a/src/frontend/desc64/idma_desc64_top.sv \
## ]
## add_files -norecurse -fileset [current_fileset] [list \
##     $ROOT/.bender/git/checkouts/irq_router-376b3d113c15d0ef/rtl/irq_router_reg_pkg.sv \
##     $ROOT/.bender/git/checkouts/irq_router-376b3d113c15d0ef/rtl/irq_router_reg_top.sv \
##     $ROOT/.bender/git/checkouts/irq_router-376b3d113c15d0ef/rtl/irq_router.sv \
## ]
## add_files -norecurse -fileset [current_fileset] [list \
##     $ROOT/.bender/git/checkouts/opentitan_peripherals-7b624fb57f78de9a/src/prim/prim_pulp_platform/prim_flop_2sync.sv \
##     $ROOT/.bender/git/checkouts/opentitan_peripherals-7b624fb57f78de9a/src/prim/prim_pulp_platform/prim_flop_en.sv \
##     $ROOT/.bender/git/checkouts/opentitan_peripherals-7b624fb57f78de9a/src/prim/rtl/prim_fifo_sync_cnt.sv \
##     $ROOT/.bender/git/checkouts/opentitan_peripherals-7b624fb57f78de9a/src/prim/rtl/prim_util_pkg.sv \
##     $ROOT/.bender/git/checkouts/opentitan_peripherals-7b624fb57f78de9a/src/prim/rtl/prim_max_tree.sv \
##     $ROOT/.bender/git/checkouts/opentitan_peripherals-7b624fb57f78de9a/src/prim/rtl/prim_sync_reqack.sv \
##     $ROOT/.bender/git/checkouts/opentitan_peripherals-7b624fb57f78de9a/src/prim/rtl/prim_sync_reqack_data.sv \
##     $ROOT/.bender/git/checkouts/opentitan_peripherals-7b624fb57f78de9a/src/prim/rtl/prim_pulse_sync.sv \
##     $ROOT/.bender/git/checkouts/opentitan_peripherals-7b624fb57f78de9a/src/prim/rtl/prim_packer_fifo.sv \
##     $ROOT/.bender/git/checkouts/opentitan_peripherals-7b624fb57f78de9a/src/prim/rtl/prim_fifo_sync.sv \
##     $ROOT/.bender/git/checkouts/opentitan_peripherals-7b624fb57f78de9a/src/prim/rtl/prim_filter_ctr.sv \
##     $ROOT/.bender/git/checkouts/opentitan_peripherals-7b624fb57f78de9a/src/prim/rtl/prim_intr_hw.sv \
##     $ROOT/.bender/git/checkouts/opentitan_peripherals-7b624fb57f78de9a/src/prim/rtl/prim_fifo_async.sv \
##     $ROOT/.bender/git/checkouts/opentitan_peripherals-7b624fb57f78de9a/src/gpio/rtl/gpio_reg_pkg.sv \
##     $ROOT/.bender/git/checkouts/opentitan_peripherals-7b624fb57f78de9a/src/i2c/rtl/i2c_reg_pkg.sv \
##     $ROOT/.bender/git/checkouts/opentitan_peripherals-7b624fb57f78de9a/src/rv_plic/rtl/rv_plic_reg_pkg.sv \
##     $ROOT/.bender/git/checkouts/opentitan_peripherals-7b624fb57f78de9a/src/spi_host/rtl/spi_host_reg_pkg.sv \
##     $ROOT/.bender/git/checkouts/opentitan_peripherals-7b624fb57f78de9a/src/gpio/rtl/gpio_reg_top.sv \
##     $ROOT/.bender/git/checkouts/opentitan_peripherals-7b624fb57f78de9a/src/i2c/rtl/i2c_reg_top.sv \
##     $ROOT/.bender/git/checkouts/opentitan_peripherals-7b624fb57f78de9a/src/rv_plic/rtl/rv_plic_reg_top.sv \
##     $ROOT/.bender/git/checkouts/opentitan_peripherals-7b624fb57f78de9a/src/spi_host/rtl/spi_host_reg_top.sv \
##     $ROOT/.bender/git/checkouts/opentitan_peripherals-7b624fb57f78de9a/src/i2c/rtl/i2c_pkg.sv \
##     $ROOT/.bender/git/checkouts/opentitan_peripherals-7b624fb57f78de9a/src/i2c/rtl/i2c_fsm.sv \
##     $ROOT/.bender/git/checkouts/opentitan_peripherals-7b624fb57f78de9a/src/rv_plic/rtl/rv_plic_gateway.sv \
##     $ROOT/.bender/git/checkouts/opentitan_peripherals-7b624fb57f78de9a/src/spi_host/rtl/spi_host_byte_merge.sv \
##     $ROOT/.bender/git/checkouts/opentitan_peripherals-7b624fb57f78de9a/src/spi_host/rtl/spi_host_byte_select.sv \
##     $ROOT/.bender/git/checkouts/opentitan_peripherals-7b624fb57f78de9a/src/spi_host/rtl/spi_host_cmd_pkg.sv \
##     $ROOT/.bender/git/checkouts/opentitan_peripherals-7b624fb57f78de9a/src/spi_host/rtl/spi_host_command_queue.sv \
##     $ROOT/.bender/git/checkouts/opentitan_peripherals-7b624fb57f78de9a/src/spi_host/rtl/spi_host_fsm.sv \
##     $ROOT/.bender/git/checkouts/opentitan_peripherals-7b624fb57f78de9a/src/spi_host/rtl/spi_host_window.sv \
##     $ROOT/.bender/git/checkouts/opentitan_peripherals-7b624fb57f78de9a/src/spi_host/rtl/spi_host_data_fifos.sv \
##     $ROOT/.bender/git/checkouts/opentitan_peripherals-7b624fb57f78de9a/src/spi_host/rtl/spi_host_shift_register.sv \
##     $ROOT/.bender/git/checkouts/opentitan_peripherals-7b624fb57f78de9a/src/i2c/rtl/i2c_core.sv \
##     $ROOT/.bender/git/checkouts/opentitan_peripherals-7b624fb57f78de9a/src/rv_plic/rtl/rv_plic_target.sv \
##     $ROOT/.bender/git/checkouts/opentitan_peripherals-7b624fb57f78de9a/src/spi_host/rtl/spi_host_core.sv \
##     $ROOT/.bender/git/checkouts/opentitan_peripherals-7b624fb57f78de9a/src/gpio/rtl/gpio.sv \
##     $ROOT/.bender/git/checkouts/opentitan_peripherals-7b624fb57f78de9a/src/i2c/rtl/i2c.sv \
##     $ROOT/.bender/git/checkouts/opentitan_peripherals-7b624fb57f78de9a/src/spi_host/rtl/spi_host.sv \
##     $ROOT/.bender/git/checkouts/opentitan_peripherals-7b624fb57f78de9a/src/rv_plic/rtl/rv_plic.sv \
## ]
## add_files -norecurse -fileset [current_fileset] [list \
##     $ROOT/.bender/git/checkouts/riscv-dbg-1a98531d53bb4602/src/dm_pkg.sv \
##     $ROOT/.bender/git/checkouts/riscv-dbg-1a98531d53bb4602/debug_rom/debug_rom.sv \
##     $ROOT/.bender/git/checkouts/riscv-dbg-1a98531d53bb4602/debug_rom/debug_rom_one_scratch.sv \
##     $ROOT/.bender/git/checkouts/riscv-dbg-1a98531d53bb4602/src/dm_csrs.sv \
##     $ROOT/.bender/git/checkouts/riscv-dbg-1a98531d53bb4602/src/dm_mem.sv \
##     $ROOT/.bender/git/checkouts/riscv-dbg-1a98531d53bb4602/src/dmi_cdc.sv \
## ]
## add_files -norecurse -fileset [current_fileset] [list \
##     $ROOT/.bender/git/checkouts/riscv-dbg-1a98531d53bb4602/src/dmi_jtag_tap.sv \
## ]
## add_files -norecurse -fileset [current_fileset] [list \
##     $ROOT/.bender/git/checkouts/riscv-dbg-1a98531d53bb4602/src/dm_sba.sv \
##     $ROOT/.bender/git/checkouts/riscv-dbg-1a98531d53bb4602/src/dm_top.sv \
##     $ROOT/.bender/git/checkouts/riscv-dbg-1a98531d53bb4602/src/dmi_jtag.sv \
##     $ROOT/.bender/git/checkouts/riscv-dbg-1a98531d53bb4602/src/dm_obi_top.sv \
## ]
## add_files -norecurse -fileset [current_fileset] [list \
##     $ROOT/.bender/git/checkouts/serial_link-6e09ea4800bad616/src/regs/serial_link_reg_pkg.sv \
##     $ROOT/.bender/git/checkouts/serial_link-6e09ea4800bad616/src/regs/serial_link_reg_top.sv \
##     $ROOT/.bender/git/checkouts/serial_link-6e09ea4800bad616/src/regs/serial_link_single_channel_reg_pkg.sv \
##     $ROOT/.bender/git/checkouts/serial_link-6e09ea4800bad616/src/regs/serial_link_single_channel_reg_top.sv \
##     $ROOT/.bender/git/checkouts/serial_link-6e09ea4800bad616/src/serial_link_pkg.sv \
##     $ROOT/.bender/git/checkouts/serial_link-6e09ea4800bad616/src/channel_allocator/stream_chopper.sv \
##     $ROOT/.bender/git/checkouts/serial_link-6e09ea4800bad616/src/channel_allocator/stream_dechopper.sv \
##     $ROOT/.bender/git/checkouts/serial_link-6e09ea4800bad616/src/channel_allocator/channel_despread_sfr.sv \
##     $ROOT/.bender/git/checkouts/serial_link-6e09ea4800bad616/src/channel_allocator/channel_spread_sfr.sv \
##     $ROOT/.bender/git/checkouts/serial_link-6e09ea4800bad616/src/channel_allocator/serial_link_channel_allocator.sv \
##     $ROOT/.bender/git/checkouts/serial_link-6e09ea4800bad616/src/serial_link_network.sv \
##     $ROOT/.bender/git/checkouts/serial_link-6e09ea4800bad616/src/serial_link_data_link.sv \
##     $ROOT/.bender/git/checkouts/serial_link-6e09ea4800bad616/src/serial_link_physical.sv \
##     $ROOT/.bender/git/checkouts/serial_link-6e09ea4800bad616/src/serial_link.sv \
##     $ROOT/.bender/git/checkouts/serial_link-6e09ea4800bad616/src/serial_link_occamy_wrapper.sv \
## ]
## add_files -norecurse -fileset [current_fileset] [list \
##     $ROOT/.bender/git/checkouts/serial_link-6e09ea4800bad616/src/serial_link_synth_wrapper.sv \
## ]
## add_files -norecurse -fileset [current_fileset] [list \
##     $ROOT/.bender/git/checkouts/tagger-cb3143eb52759ad5/src/tagger_reg_reg_pkg.sv \
##     $ROOT/.bender/git/checkouts/tagger-cb3143eb52759ad5/src/tagger_reg_reg_top.sv \
##     $ROOT/.bender/git/checkouts/tagger-cb3143eb52759ad5/src/tagger.sv \
##     $ROOT/.bender/git/checkouts/tagger-cb3143eb52759ad5/src/tagger_patid.sv \
##     $ROOT/.bender/git/checkouts/tagger-cb3143eb52759ad5/src/tagger_regs_wrap.sv \
## ]
## add_files -norecurse -fileset [current_fileset] [list \
##     $ROOT/.bender/git/checkouts/unbent-a93c32aef5b319fd/src/bus_err_unit_bare.sv \
##     $ROOT/.bender/git/checkouts/unbent-a93c32aef5b319fd/src/bus_err_unit_reg_pkg.sv \
##     $ROOT/.bender/git/checkouts/unbent-a93c32aef5b319fd/src/bus_err_unit_reg_top.sv \
##     $ROOT/.bender/git/checkouts/unbent-a93c32aef5b319fd/src/bus_err_unit.sv \
##     $ROOT/.bender/git/checkouts/unbent-a93c32aef5b319fd/src/axi_err_unit_wrap.sv \
##     $ROOT/.bender/git/checkouts/unbent-a93c32aef5b319fd/src/obi_err_unit_wrap.sv \
## ]
## add_files -norecurse -fileset [current_fileset] [list \
##     $ROOT/hw/future/UsbOhciAxi4.v \
##     $ROOT/hw/future/spinal_usb_ohci.sv \
##     $ROOT/hw/bootrom/cheshire_bootrom.sv \
##     $ROOT/hw/regs/cheshire_reg_pkg.sv \
##     $ROOT/hw/regs/cheshire_reg_top.sv \
##     $ROOT/hw/cheshire_idma_wrap.sv \
##     $ROOT/hw/cheshire_atg_wrap.sv \
##     $ROOT/hw/axi_traffic_generator.sv \
##     $ROOT/hw/cheshire_pkg.sv \
##     $ROOT/hw/cheshire_soc.sv \
## ]
## add_files -norecurse -fileset [current_fileset] [list \
##     $ROOT/target/xilinx/src/phy_definitions.svh \
## ]
## add_files -norecurse -fileset [current_fileset] [list \
##     $ROOT/target/xilinx/src/dram_wrapper_xilinx.sv \
##     $ROOT/target/xilinx/src/fan_ctrl.sv \
##     $ROOT/target/xilinx/src/regs/chs_xilinx_reg_pkg.sv \
##     $ROOT/target/xilinx/src/regs/chs_xilinx_reg_top.sv \
##     $ROOT/target/xilinx/src/cheshire_top_xilinx.sv \
## ]
## set_property include_dirs [list \
##     $ROOT/.bender/git/checkouts/apb-d506f9cfdae5c46b/include \
##     $ROOT/.bender/git/checkouts/axi-ecdc900686449c15/include \
##     $ROOT/.bender/git/checkouts/axi_llc-5fb8850caad4fcfa/include \
##     $ROOT/.bender/git/checkouts/axi_rt-7cef46f372eaf0fb/include \
##     $ROOT/.bender/git/checkouts/axi_stream-4bb2af42e3aea076/include \
##     $ROOT/.bender/git/checkouts/common_cells-7f7ae0f5e6bf7fb5/include \
##     $ROOT/.bender/git/checkouts/cva6-20c9d7cbe0dd6995/common/local/util \
##     $ROOT/.bender/git/checkouts/cva6-20c9d7cbe0dd6995/core/cache_subsystem/hpdcache/rtl/include \
##     $ROOT/.bender/git/checkouts/cva6-20c9d7cbe0dd6995/core/include \
##     $ROOT/.bender/git/checkouts/idma-77bf7fa56d324e6a/src/include \
##     $ROOT/.bender/git/checkouts/idma-77bf7fa56d324e6a/target/rtl/include \
##     $ROOT/.bender/git/checkouts/idma-77bf7fa56d324e6a/test \
##     $ROOT/.bender/git/checkouts/obi-7e44f4165b1b0649/include \
##     $ROOT/.bender/git/checkouts/register_interface-902ad5bfde7bb98c/include \
##     $ROOT/.bender/git/checkouts/serial_link-6e09ea4800bad616/src/axis/include \
##     $ROOT/.bender/git/checkouts/tagger-cb3143eb52759ad5/include \
##     $ROOT/hw/include \
## ] [current_fileset]
## set_property include_dirs [list \
##     $ROOT/.bender/git/checkouts/apb-d506f9cfdae5c46b/include \
##     $ROOT/.bender/git/checkouts/axi-ecdc900686449c15/include \
##     $ROOT/.bender/git/checkouts/axi_llc-5fb8850caad4fcfa/include \
##     $ROOT/.bender/git/checkouts/axi_rt-7cef46f372eaf0fb/include \
##     $ROOT/.bender/git/checkouts/axi_stream-4bb2af42e3aea076/include \
##     $ROOT/.bender/git/checkouts/common_cells-7f7ae0f5e6bf7fb5/include \
##     $ROOT/.bender/git/checkouts/cva6-20c9d7cbe0dd6995/common/local/util \
##     $ROOT/.bender/git/checkouts/cva6-20c9d7cbe0dd6995/core/cache_subsystem/hpdcache/rtl/include \
##     $ROOT/.bender/git/checkouts/cva6-20c9d7cbe0dd6995/core/include \
##     $ROOT/.bender/git/checkouts/idma-77bf7fa56d324e6a/src/include \
##     $ROOT/.bender/git/checkouts/idma-77bf7fa56d324e6a/target/rtl/include \
##     $ROOT/.bender/git/checkouts/idma-77bf7fa56d324e6a/test \
##     $ROOT/.bender/git/checkouts/obi-7e44f4165b1b0649/include \
##     $ROOT/.bender/git/checkouts/register_interface-902ad5bfde7bb98c/include \
##     $ROOT/.bender/git/checkouts/serial_link-6e09ea4800bad616/src/axis/include \
##     $ROOT/.bender/git/checkouts/tagger-cb3143eb52759ad5/include \
##     $ROOT/hw/include \
## ] [current_fileset -simset]
## set_property verilog_define [list \
##     TARGET_CV64A6_RT \
##     TARGET_CVA6 \
##     TARGET_FPGA \
##     TARGET_RTL \
##     TARGET_SYNTHESIS \
##     TARGET_VCU118 \
##     TARGET_VIVADO \
##     TARGET_XILINX \
## ] [current_fileset]
## set_property verilog_define [list \
##     TARGET_CV64A6_RT \
##     TARGET_CVA6 \
##     TARGET_FPGA \
##     TARGET_RTL \
##     TARGET_SYNTHESIS \
##     TARGET_VCU118 \
##     TARGET_VIVADO \
##     TARGET_XILINX \
## ] [current_fileset -simset]
# set_property top ${proj}_top_xilinx [current_fileset]
# update_compile_order -fileset sources_1
WARNING: [filemgmt 56-315] Source scanning failed during design analysis. To get more details run synthesis or simulation and check the log.
update_compile_order: Time (s): cpu = 00:00:08 ; elapsed = 00:00:11 . Memory (MB): peak = 3127.168 ; gain = 24.012 ; free physical = 90520 ; free virtual = 545300
# set_property XPM_LIBRARIES XPM_MEMORY [current_project]
# set_property strategy Flow_PerfOptimized_high [get_runs synth_1]
# synth_design -rtl -name rtl_1
Command: synth_design -rtl -name rtl_1
Starting synth_design
Using part: xcvu9p-flga2104-2L-e
Top: cheshire_top_xilinx
INFO: [Device 21-403] Loading part xcvu9p-flga2104-2L-e
WARNING: [Synth 8-9887] parameter declaration becomes local in 'axi_rt_unit' with formal parameter declaration list [/scratch2/nsalamini/github_new_new/cheshire/.bender/git/checkouts/axi_rt-7cef46f372eaf0fb/src/axi_rt_unit.sv:91]
ERROR: [Synth 8-2715] syntax error near default [/scratch2/nsalamini/github_new_new/cheshire/hw/cheshire_pkg.sv:749]
ERROR: [Synth 8-8779] SystemVerilog keyword default used in incorrect context [/scratch2/nsalamini/github_new_new/cheshire/hw/cheshire_pkg.sv:749]
WARNING: [Synth 8-2800] unexpected default, violates IEEE 1800 syntax [/scratch2/nsalamini/github_new_new/cheshire/hw/cheshire_pkg.sv:749]
INFO: [Synth 8-8750] package 'cheshire_pkg' ignored due to previous errors [/scratch2/nsalamini/github_new_new/cheshire/hw/cheshire_pkg.sv:752]
Failed to read verilog '/scratch2/nsalamini/github_new_new/cheshire/hw/cheshire_pkg.sv'
2 Infos, 2 Warnings, 0 Critical Warnings and 3 Errors encountered.
synth_design failed
ERROR: [Vivado_Tcl 4-5] Elaboration failed - please see the console for details
INFO: [Common 17-206] Exiting Vivado at Wed Mar 18 15:15:04 2026...
make: *** [/scratch2/nsalamini/github_new_new/cheshire/target/xilinx/xilinx.mk:75: /scratch2/nsalamini/github_new_new/cheshire/target/xilinx/out/cheshire.vcu118.bit] Error 1
rm /scratch2/nsalamini/github_new_new/cheshire/target/xilinx/scripts/add_sources.vcu118.tcl
